direction,mode,seed,subject_id,session_id,MACC
MMPD_PURE,none,42,10,1001,0.753912730831806
MMPD_PURE,none,42,10,1002,0.505615750724435
MMPD_PURE,none,42,10,1003,0.6227617326215932
MMPD_PURE,none,42,10,1004,0.71939721559408
MMPD_PURE,none,42,10,1005,0.7687304990271115
MMPD_PURE,none,42,10,1006,0.8121999130956216
MMPD_PURE,none,42,1,101,0.628616505012777
MMPD_PURE,none,42,1,102,0.5849499490106433
MMPD_PURE,none,42,1,103,0.7418953966030196
MMPD_PURE,none,42,1,104,0.7539543300259824
MMPD_PURE,none,42,1,105,0.6941410117854498
MMPD_PURE,none,42,1,106,0.6486559070586932
MMPD_PURE,none,42,2,201,0.8012698218372248
MMPD_PURE,none,42,2,202,0.5148260415141966
MMPD_PURE,none,42,2,203,0.7940665380905104
MMPD_PURE,none,42,2,204,0.3277962346408481
MMPD_PURE,none,42,2,205,0.7679012881932599
MMPD_PURE,none,42,2,206,0.8606245104846038
MMPD_PURE,none,42,3,301,0.6593460522747217
MMPD_PURE,none,42,3,302,0.8070647328170393
MMPD_PURE,none,42,3,303,0.46400446875940254
MMPD_PURE,none,42,3,304,0.35103156088537196
MMPD_PURE,none,42,3,305,0.7659806941200918
MMPD_PURE,none,42,3,306,0.7097753062523584
MMPD_PURE,none,42,4,401,0.33204743093257133
MMPD_PURE,none,42,4,402,0.6354033612487395
MMPD_PURE,none,42,4,403,0.6264835156856561
MMPD_PURE,none,42,4,404,0.6245803580377774
MMPD_PURE,none,42,4,405,0.7238503551941458
MMPD_PURE,none,42,4,406,0.7194655726018931
MMPD_PURE,none,42,5,501,0.3567446193107468
MMPD_PURE,none,42,5,502,0.14530945074667684
MMPD_PURE,none,42,5,503,0.21370342224103103
MMPD_PURE,none,42,5,504,0.1258900866136823
MMPD_PURE,none,42,5,505,0.31134238485996285
MMPD_PURE,none,42,5,506,0.298895712257409
MMPD_PURE,none,42,6,601,0.6617915609686421
MMPD_PURE,none,42,6,603,0.6755765301075535
MMPD_PURE,none,42,6,604,0.6178261148192215
MMPD_PURE,none,42,6,605,0.7671408934226397
MMPD_PURE,none,42,6,606,0.7610780543582459
MMPD_PURE,none,42,7,701,0.3103069707084533
MMPD_PURE,none,42,7,702,0.4458827846081281
MMPD_PURE,none,42,7,703,0.5013953434216897
MMPD_PURE,none,42,7,704,0.2436309284557917
MMPD_PURE,none,42,7,705,0.5878935268427735
MMPD_PURE,none,42,7,706,0.5682490188948005
MMPD_PURE,none,42,8,801,0.8136014040511629
MMPD_PURE,none,42,8,802,0.6754239122747167
MMPD_PURE,none,42,8,803,0.7836509082613031
MMPD_PURE,none,42,8,804,0.680216878461163
MMPD_PURE,none,42,8,805,0.6879484669171252
MMPD_PURE,none,42,8,806,0.8101103977018149
MMPD_PURE,none,42,9,901,0.7987804158677198
MMPD_PURE,none,42,9,902,0.6753497863504963
MMPD_PURE,none,42,9,903,0.8088915319074935
MMPD_PURE,none,42,9,904,0.7008332572057644
MMPD_PURE,none,42,9,905,0.8265936007725879
MMPD_PURE,none,42,9,906,0.8443971165766447
MMPD_PURE,none,100,10,1001,0.8131089609357356
MMPD_PURE,none,100,10,1002,0.5869456225881763
MMPD_PURE,none,100,10,1003,0.7790020168194287
MMPD_PURE,none,100,10,1004,0.7778620741960393
MMPD_PURE,none,100,10,1005,0.8196428100524786
MMPD_PURE,none,100,10,1006,0.8038471506555764
MMPD_PURE,none,100,1,101,0.6939664758632599
MMPD_PURE,none,100,1,102,0.6636322364236891
MMPD_PURE,none,100,1,103,0.7468450988111003
MMPD_PURE,none,100,1,104,0.7838304826121691
MMPD_PURE,none,100,1,105,0.6902617549165682
MMPD_PURE,none,100,1,106,0.8138347716777112
MMPD_PURE,none,100,2,201,0.8697992609712475
MMPD_PURE,none,100,2,202,0.6214585620723213
MMPD_PURE,none,100,2,203,0.8334900902207987
MMPD_PURE,none,100,2,204,0.7348046296885464
MMPD_PURE,none,100,2,205,0.8441078692317903
MMPD_PURE,none,100,2,206,0.8716428245606056
MMPD_PURE,none,100,3,301,0.692397235425601
MMPD_PURE,none,100,3,302,0.8353032177584526
MMPD_PURE,none,100,3,303,0.6103284849873071
MMPD_PURE,none,100,3,304,0.5166189246170315
MMPD_PURE,none,100,3,305,0.838916034319326
MMPD_PURE,none,100,3,306,0.7789600649432227
MMPD_PURE,none,100,4,401,0.3707175129595392
MMPD_PURE,none,100,4,402,0.770185314565226
MMPD_PURE,none,100,4,403,0.7547107721770996
MMPD_PURE,none,100,4,404,0.7008760584609564
MMPD_PURE,none,100,4,405,0.8511910334471346
MMPD_PURE,none,100,4,406,0.6902812167997113
MMPD_PURE,none,100,5,501,0.7497442833924393
MMPD_PURE,none,100,5,502,0.21741761690314312
MMPD_PURE,none,100,5,503,0.6433949794460989
MMPD_PURE,none,100,5,504,0.08624984277577842
MMPD_PURE,none,100,5,505,0.4492419994386265
MMPD_PURE,none,100,5,506,0.5325747897476047
MMPD_PURE,none,100,6,601,0.7113051288327734
MMPD_PURE,none,100,6,603,0.7315227565414658
MMPD_PURE,none,100,6,604,0.6889209431991574
MMPD_PURE,none,100,6,605,0.7898635598256429
MMPD_PURE,none,100,6,606,0.7410707566541163
MMPD_PURE,none,100,7,701,0.3215170420692276
MMPD_PURE,none,100,7,702,0.42125749503678145
MMPD_PURE,none,100,7,703,0.5533090716082111
MMPD_PURE,none,100,7,704,0.23847291200430704
MMPD_PURE,none,100,7,705,0.6477408922124323
MMPD_PURE,none,100,7,706,0.5435742363208651
MMPD_PURE,none,100,8,801,0.8245422144924368
MMPD_PURE,none,100,8,802,0.6638438832153974
MMPD_PURE,none,100,8,803,0.8011472429257956
MMPD_PURE,none,100,8,804,0.8008100031777363
MMPD_PURE,none,100,8,805,0.633365961030603
MMPD_PURE,none,100,8,806,0.7963269769495068
MMPD_PURE,none,100,9,901,0.8851721593688548
MMPD_PURE,none,100,9,902,0.6221613081268665
MMPD_PURE,none,100,9,903,0.8204171534769316
MMPD_PURE,none,100,9,904,0.7930127487070523
MMPD_PURE,none,100,9,905,0.8456631302998829
MMPD_PURE,none,100,9,906,0.8363576599865611
MMPD_PURE,none,202,10,1001,0.7257616753995197
MMPD_PURE,none,202,10,1002,0.40465679441056296
MMPD_PURE,none,202,10,1003,0.6691723321824684
MMPD_PURE,none,202,10,1004,0.6149220614903415
MMPD_PURE,none,202,10,1005,0.7692711965606602
MMPD_PURE,none,202,10,1006,0.7922661240827603
MMPD_PURE,none,202,1,101,0.6714790014300757
MMPD_PURE,none,202,1,102,0.562860904776922
MMPD_PURE,none,202,1,103,0.6443675131173511
MMPD_PURE,none,202,1,104,0.7610068420035742
MMPD_PURE,none,202,1,105,0.6567797798714792
MMPD_PURE,none,202,1,106,0.7801435697263185
MMPD_PURE,none,202,2,201,0.8180618097277135
MMPD_PURE,none,202,2,202,0.6082585793859675
MMPD_PURE,none,202,2,203,0.767980001263103
MMPD_PURE,none,202,2,204,0.7211041696990645
MMPD_PURE,none,202,2,205,0.7936275395253044
MMPD_PURE,none,202,2,206,0.861731312617732
MMPD_PURE,none,202,3,301,0.7090822486316194
MMPD_PURE,none,202,3,302,0.7576639466435741
MMPD_PURE,none,202,3,303,0.46497813004240557
MMPD_PURE,none,202,3,304,0.35841196505988493
MMPD_PURE,none,202,3,305,0.559407268420796
MMPD_PURE,none,202,3,306,0.6240302946000954
MMPD_PURE,none,202,4,401,0.3861939541323964
MMPD_PURE,none,202,4,402,0.7436386277037822
MMPD_PURE,none,202,4,403,0.7034773855603564
MMPD_PURE,none,202,4,404,0.6542344699623116
MMPD_PURE,none,202,4,405,0.7977935965431577
MMPD_PURE,none,202,4,406,0.7139050936063565
MMPD_PURE,none,202,5,501,0.766931350690304
MMPD_PURE,none,202,5,502,0.19959971766654117
MMPD_PURE,none,202,5,503,0.2092470837895148
MMPD_PURE,none,202,5,504,0.11341046916365381
MMPD_PURE,none,202,5,505,0.40865457708941594
MMPD_PURE,none,202,5,506,0.37529198090309984
MMPD_PURE,none,202,6,601,0.6694683394414864
MMPD_PURE,none,202,6,603,0.6663240717064479
MMPD_PURE,none,202,6,604,0.5426256748419649
MMPD_PURE,none,202,6,605,0.808022818966571
MMPD_PURE,none,202,6,606,0.6654771847345032
MMPD_PURE,none,202,7,701,0.285882167848916
MMPD_PURE,none,202,7,702,0.32615423401817517
MMPD_PURE,none,202,7,703,0.32949753350715016
MMPD_PURE,none,202,7,704,0.19982686884248962
MMPD_PURE,none,202,7,705,0.4858746543248776
MMPD_PURE,none,202,7,706,0.4264657824835442
MMPD_PURE,none,202,8,801,0.820672047025407
MMPD_PURE,none,202,8,802,0.5840599927966611
MMPD_PURE,none,202,8,803,0.7658576025158436
MMPD_PURE,none,202,8,804,0.7623828049301541
MMPD_PURE,none,202,8,805,0.7128906919964417
MMPD_PURE,none,202,8,806,0.7610955352045524
MMPD_PURE,none,202,9,901,0.8647934678664908
MMPD_PURE,none,202,9,902,0.5722972433742117
MMPD_PURE,none,202,9,903,0.7805108855070897
MMPD_PURE,none,202,9,904,0.5527775476228528
MMPD_PURE,none,202,9,905,0.8344378870826716
MMPD_PURE,none,202,9,906,0.8279691267315789
MMPD_PURE,osc_real,42,10,1001,0.6531478907945137
MMPD_PURE,osc_real,42,10,1002,0.45815198565975657
MMPD_PURE,osc_real,42,10,1003,0.7019723343977613
MMPD_PURE,osc_real,42,10,1004,0.7071436492271
MMPD_PURE,osc_real,42,10,1005,0.6462979236495574
MMPD_PURE,osc_real,42,10,1006,0.7113047842148915
MMPD_PURE,osc_real,42,1,101,0.6565427343612565
MMPD_PURE,osc_real,42,1,102,0.6192486308834702
MMPD_PURE,osc_real,42,1,103,0.7252539985479427
MMPD_PURE,osc_real,42,1,104,0.8148409403032835
MMPD_PURE,osc_real,42,1,105,0.6993899929314935
MMPD_PURE,osc_real,42,1,106,0.8037898681888839
MMPD_PURE,osc_real,42,2,201,0.8095405607971763
MMPD_PURE,osc_real,42,2,202,0.56332896620412
MMPD_PURE,osc_real,42,2,203,0.7132162004773854
MMPD_PURE,osc_real,42,2,204,0.6179892932793157
MMPD_PURE,osc_real,42,2,205,0.8130319200559638
MMPD_PURE,osc_real,42,2,206,0.7923382773749864
MMPD_PURE,osc_real,42,3,301,0.7416883330419869
MMPD_PURE,osc_real,42,3,302,0.8052289938600692
MMPD_PURE,osc_real,42,3,303,0.5453442780595158
MMPD_PURE,osc_real,42,3,304,0.3950479897430331
MMPD_PURE,osc_real,42,3,305,0.8221665187036502
MMPD_PURE,osc_real,42,3,306,0.7739207637771452
MMPD_PURE,osc_real,42,4,401,0.37174949518254796
MMPD_PURE,osc_real,42,4,402,0.657566156578143
MMPD_PURE,osc_real,42,4,403,0.6473288141238461
MMPD_PURE,osc_real,42,4,404,0.5710708270839236
MMPD_PURE,osc_real,42,4,405,0.771276993470234
MMPD_PURE,osc_real,42,4,406,0.7119411626240484
MMPD_PURE,osc_real,42,5,501,0.37581890104399185
MMPD_PURE,osc_real,42,5,502,0.14079430125292147
MMPD_PURE,osc_real,42,5,503,0.2650498565568487
MMPD_PURE,osc_real,42,5,504,0.11969728146602124
MMPD_PURE,osc_real,42,5,505,0.24706328283662396
MMPD_PURE,osc_real,42,5,506,0.2759003544691854
MMPD_PURE,osc_real,42,6,601,0.6718134711796573
MMPD_PURE,osc_real,42,6,603,0.7153254754434721
MMPD_PURE,osc_real,42,6,604,0.6243131918068383
MMPD_PURE,osc_real,42,6,605,0.7826269471992148
MMPD_PURE,osc_real,42,6,606,0.7144163872302665
MMPD_PURE,osc_real,42,7,701,0.3269833638891752
MMPD_PURE,osc_real,42,7,702,0.37677322389589735
MMPD_PURE,osc_real,42,7,703,0.39472892794918546
MMPD_PURE,osc_real,42,7,704,0.18608721456510924
MMPD_PURE,osc_real,42,7,705,0.6473181846028861
MMPD_PURE,osc_real,42,7,706,0.509280532593619
MMPD_PURE,osc_real,42,8,801,0.7778042003980749
MMPD_PURE,osc_real,42,8,802,0.5762162640275175
MMPD_PURE,osc_real,42,8,803,0.7475878241055738
MMPD_PURE,osc_real,42,8,804,0.7316049938871153
MMPD_PURE,osc_real,42,8,805,0.7128886538997917
MMPD_PURE,osc_real,42,8,806,0.8248174147335289
MMPD_PURE,osc_real,42,9,901,0.8272848619440565
MMPD_PURE,osc_real,42,9,902,0.6048910757324781
MMPD_PURE,osc_real,42,9,903,0.7873500195635711
MMPD_PURE,osc_real,42,9,904,0.4504027629499292
MMPD_PURE,osc_real,42,9,905,0.7822840262032553
MMPD_PURE,osc_real,42,9,906,0.7396591813428324
MMPD_PURE,osc_real,100,10,1001,0.8072886165694931
MMPD_PURE,osc_real,100,10,1002,0.4903444864079073
MMPD_PURE,osc_real,100,10,1003,0.7703929778091521
MMPD_PURE,osc_real,100,10,1004,0.6889108625183475
MMPD_PURE,osc_real,100,10,1005,0.8183845881653167
MMPD_PURE,osc_real,100,10,1006,0.840102349468763
MMPD_PURE,osc_real,100,1,101,0.6914535766723192
MMPD_PURE,osc_real,100,1,102,0.6064859862318023
MMPD_PURE,osc_real,100,1,103,0.7588665107719818
MMPD_PURE,osc_real,100,1,104,0.8056448798134993
MMPD_PURE,osc_real,100,1,105,0.6693754417609831
MMPD_PURE,osc_real,100,1,106,0.7943969783862768
MMPD_PURE,osc_real,100,2,201,0.8503860294945663
MMPD_PURE,osc_real,100,2,202,0.697941156050324
MMPD_PURE,osc_real,100,2,203,0.819699246721433
MMPD_PURE,osc_real,100,2,204,0.3300672451625524
MMPD_PURE,osc_real,100,2,205,0.8096706337054606
MMPD_PURE,osc_real,100,2,206,0.863967699831472
MMPD_PURE,osc_real,100,3,301,0.385326540757897
MMPD_PURE,osc_real,100,3,302,0.8251946394087083
MMPD_PURE,osc_real,100,3,303,0.23472099349493145
MMPD_PURE,osc_real,100,3,304,0.2128449512917012
MMPD_PURE,osc_real,100,3,305,0.8300132482383495
MMPD_PURE,osc_real,100,3,306,0.7937136513492425
MMPD_PURE,osc_real,100,4,401,0.35689597042301596
MMPD_PURE,osc_real,100,4,402,0.6877294967199442
MMPD_PURE,osc_real,100,4,403,0.6801252631107727
MMPD_PURE,osc_real,100,4,404,0.6989048020766223
MMPD_PURE,osc_real,100,4,405,0.8321345338198082
MMPD_PURE,osc_real,100,4,406,0.6759722606384682
MMPD_PURE,osc_real,100,5,501,0.3877236354646956
MMPD_PURE,osc_real,100,5,502,0.1536967315192983
MMPD_PURE,osc_real,100,5,503,0.15567034097529395
MMPD_PURE,osc_real,100,5,504,0.10193520677322765
MMPD_PURE,osc_real,100,5,505,0.16921919195510707
MMPD_PURE,osc_real,100,5,506,0.19805607520711277
MMPD_PURE,osc_real,100,6,601,0.7266804592256693
MMPD_PURE,osc_real,100,6,603,0.7434835095127791
MMPD_PURE,osc_real,100,6,604,0.6447333505768739
MMPD_PURE,osc_real,100,6,605,0.8108619180265965
MMPD_PURE,osc_real,100,6,606,0.7852177019855582
MMPD_PURE,osc_real,100,7,701,0.3155208761335437
MMPD_PURE,osc_real,100,7,702,0.347144337158966
MMPD_PURE,osc_real,100,7,703,0.6068730883252789
MMPD_PURE,osc_real,100,7,704,0.19314956423562624
MMPD_PURE,osc_real,100,7,705,0.46450770597290547
MMPD_PURE,osc_real,100,7,706,0.5022421623140282
MMPD_PURE,osc_real,100,8,801,0.8262017750174376
MMPD_PURE,osc_real,100,8,802,0.6466568018284624
MMPD_PURE,osc_real,100,8,803,0.7737118538407275
MMPD_PURE,osc_real,100,8,804,0.689593304635875
MMPD_PURE,osc_real,100,8,805,0.5720451807553473
MMPD_PURE,osc_real,100,8,806,0.8637358074424106
MMPD_PURE,osc_real,100,9,901,0.8676005619790289
MMPD_PURE,osc_real,100,9,902,0.6675510396818723
MMPD_PURE,osc_real,100,9,903,0.8426391923679512
MMPD_PURE,osc_real,100,9,904,0.58896638462793
MMPD_PURE,osc_real,100,9,905,0.8427626376062496
MMPD_PURE,osc_real,100,9,906,0.8392985249530077
MMPD_PURE,osc_real,202,10,1001,0.6333395245880529
MMPD_PURE,osc_real,202,10,1002,0.3681090335212595
MMPD_PURE,osc_real,202,10,1003,0.6234065682532127
MMPD_PURE,osc_real,202,10,1004,0.5917705033846117
MMPD_PURE,osc_real,202,10,1005,0.6974697357012204
MMPD_PURE,osc_real,202,10,1006,0.6505490843864561
MMPD_PURE,osc_real,202,1,101,0.6335818620673164
MMPD_PURE,osc_real,202,1,102,0.6276791293093256
MMPD_PURE,osc_real,202,1,103,0.5284490765804333
MMPD_PURE,osc_real,202,1,104,0.6811920639780038
MMPD_PURE,osc_real,202,1,105,0.6572271292536674
MMPD_PURE,osc_real,202,1,106,0.8058326065590102
MMPD_PURE,osc_real,202,2,201,0.7539551550838617
MMPD_PURE,osc_real,202,2,202,0.5011816556878107
MMPD_PURE,osc_real,202,2,203,0.7551857917130901
MMPD_PURE,osc_real,202,2,204,0.7470125670766191
MMPD_PURE,osc_real,202,2,205,0.8029778391237989
MMPD_PURE,osc_real,202,2,206,0.8436099331073932
MMPD_PURE,osc_real,202,3,301,0.6980897797854534
MMPD_PURE,osc_real,202,3,302,0.7136404188071614
MMPD_PURE,osc_real,202,3,303,0.6144085034801858
MMPD_PURE,osc_real,202,3,304,0.25848973742628006
MMPD_PURE,osc_real,202,3,305,0.7411785591823322
MMPD_PURE,osc_real,202,3,306,0.698519931876273
MMPD_PURE,osc_real,202,4,401,0.3583099595980737
MMPD_PURE,osc_real,202,4,402,0.6161371009243668
MMPD_PURE,osc_real,202,4,403,0.5358663829631727
MMPD_PURE,osc_real,202,4,404,0.6077487759277945
MMPD_PURE,osc_real,202,4,405,0.7109181375571066
MMPD_PURE,osc_real,202,4,406,0.7316841586157609
MMPD_PURE,osc_real,202,5,501,0.6568131947909922
MMPD_PURE,osc_real,202,5,502,0.153938909734758
MMPD_PURE,osc_real,202,5,503,0.3979411522124945
MMPD_PURE,osc_real,202,5,504,0.11530526537833724
MMPD_PURE,osc_real,202,5,505,0.39681061691188674
MMPD_PURE,osc_real,202,5,506,0.3796606160813267
MMPD_PURE,osc_real,202,6,601,0.6266015833595394
MMPD_PURE,osc_real,202,6,603,0.7062069288835263
MMPD_PURE,osc_real,202,6,604,0.6251584792429025
MMPD_PURE,osc_real,202,6,605,0.806589888742834
MMPD_PURE,osc_real,202,6,606,0.7111644389691637
MMPD_PURE,osc_real,202,7,701,0.25657413880200725
MMPD_PURE,osc_real,202,7,702,0.3054160625549346
MMPD_PURE,osc_real,202,7,703,0.23582755551346693
MMPD_PURE,osc_real,202,7,704,0.13523514533973777
MMPD_PURE,osc_real,202,7,705,0.5139766683682887
MMPD_PURE,osc_real,202,7,706,0.385498965432099
MMPD_PURE,osc_real,202,8,801,0.8118811473345483
MMPD_PURE,osc_real,202,8,802,0.6687658851459705
MMPD_PURE,osc_real,202,8,803,0.7766822438073282
MMPD_PURE,osc_real,202,8,804,0.7612660089206555
MMPD_PURE,osc_real,202,8,805,0.7512438091421774
MMPD_PURE,osc_real,202,8,806,0.7492566957122813
MMPD_PURE,osc_real,202,9,901,0.8513115803967789
MMPD_PURE,osc_real,202,9,902,0.6437733559728461
MMPD_PURE,osc_real,202,9,903,0.795849621292472
MMPD_PURE,osc_real,202,9,904,0.4945843519636758
MMPD_PURE,osc_real,202,9,905,0.809900602584275
MMPD_PURE,osc_real,202,9,906,0.8280687168342566
MMPD_UBFC,none,42,subject1,subject1,0.1907863473273292
MMPD_UBFC,none,42,subject10,subject10,0.758043180383276
MMPD_UBFC,none,42,subject11,subject11,0.729256916078748
MMPD_UBFC,none,42,subject12,subject12,0.7975744874605001
MMPD_UBFC,none,42,subject13,subject13,0.775285888861092
MMPD_UBFC,none,42,subject14,subject14,0.645467070146234
MMPD_UBFC,none,42,subject15,subject15,0.702844126020346
MMPD_UBFC,none,42,subject16,subject16,0.7521058704203306
MMPD_UBFC,none,42,subject17,subject17,0.8246394356774064
MMPD_UBFC,none,42,subject18,subject18,0.4013151150967352
MMPD_UBFC,none,42,subject20,subject20,0.6754832867767455
MMPD_UBFC,none,42,subject22,subject22,0.6807935713631049
MMPD_UBFC,none,42,subject23,subject23,0.6748239940926014
MMPD_UBFC,none,42,subject24,subject24,0.7370002135035658
MMPD_UBFC,none,42,subject25,subject25,0.554216404861922
MMPD_UBFC,none,42,subject26,subject26,0.6192628871725157
MMPD_UBFC,none,42,subject27,subject27,0.6254951727164303
MMPD_UBFC,none,42,subject3,subject3,0.7377328822710254
MMPD_UBFC,none,42,subject30,subject30,0.7033668183033914
MMPD_UBFC,none,42,subject31,subject31,0.8054946474651812
MMPD_UBFC,none,42,subject32,subject32,0.7856793580105682
MMPD_UBFC,none,42,subject33,subject33,0.7348996572675432
MMPD_UBFC,none,42,subject34,subject34,0.7715422011931358
MMPD_UBFC,none,42,subject35,subject35,0.7535860523444708
MMPD_UBFC,none,42,subject36,subject36,0.7566784355159821
MMPD_UBFC,none,42,subject37,subject37,0.7472388472527697
MMPD_UBFC,none,42,subject38,subject38,0.79603203610208
MMPD_UBFC,none,42,subject39,subject39,0.7407630303499672
MMPD_UBFC,none,42,subject4,subject4,0.7129027918143946
MMPD_UBFC,none,42,subject40,subject40,0.7919052962712777
MMPD_UBFC,none,42,subject41,subject41,0.6480009511172877
MMPD_UBFC,none,42,subject42,subject42,0.7434730803379738
MMPD_UBFC,none,42,subject43,subject43,0.7053177865574434
MMPD_UBFC,none,42,subject44,subject44,0.8192707221748612
MMPD_UBFC,none,42,subject45,subject45,0.7737978753239512
MMPD_UBFC,none,42,subject46,subject46,0.7791810665567872
MMPD_UBFC,none,42,subject47,subject47,0.7556986619937571
MMPD_UBFC,none,42,subject48,subject48,0.6766505209565701
MMPD_UBFC,none,42,subject49,subject49,0.7422014992905387
MMPD_UBFC,none,42,subject5,subject5,0.7923091615229249
MMPD_UBFC,none,42,subject8,subject8,0.7459498712153717
MMPD_UBFC,none,42,subject9,subject9,0.7141209758552098
MMPD_UBFC,none,100,subject1,subject1,0.38990699326616396
MMPD_UBFC,none,100,subject10,subject10,0.731952342569389
MMPD_UBFC,none,100,subject11,subject11,0.725539667661291
MMPD_UBFC,none,100,subject12,subject12,0.755619043753416
MMPD_UBFC,none,100,subject13,subject13,0.7666075173722203
MMPD_UBFC,none,100,subject14,subject14,0.6256742018330903
MMPD_UBFC,none,100,subject15,subject15,0.7247023034478086
MMPD_UBFC,none,100,subject16,subject16,0.7009044550082776
MMPD_UBFC,none,100,subject17,subject17,0.8366235789217821
MMPD_UBFC,none,100,subject18,subject18,0.11877811541716292
MMPD_UBFC,none,100,subject20,subject20,0.6854905838233384
MMPD_UBFC,none,100,subject22,subject22,0.7238058813115312
MMPD_UBFC,none,100,subject23,subject23,0.6920265531558065
MMPD_UBFC,none,100,subject24,subject24,0.6107695908194468
MMPD_UBFC,none,100,subject25,subject25,0.671129635062573
MMPD_UBFC,none,100,subject26,subject26,0.6847738399645025
MMPD_UBFC,none,100,subject27,subject27,0.5880873190229358
MMPD_UBFC,none,100,subject3,subject3,0.7329197809101707
MMPD_UBFC,none,100,subject30,subject30,0.7049129336881983
MMPD_UBFC,none,100,subject31,subject31,0.7906965746230454
MMPD_UBFC,none,100,subject32,subject32,0.7661296880657664
MMPD_UBFC,none,100,subject33,subject33,0.7296047823414912
MMPD_UBFC,none,100,subject34,subject34,0.7316265060323949
MMPD_UBFC,none,100,subject35,subject35,0.7661127732377563
MMPD_UBFC,none,100,subject36,subject36,0.762264550575383
MMPD_UBFC,none,100,subject37,subject37,0.7442098425027049
MMPD_UBFC,none,100,subject38,subject38,0.8384231354645834
MMPD_UBFC,none,100,subject39,subject39,0.6826016643666093
MMPD_UBFC,none,100,subject4,subject4,0.689362371597257
MMPD_UBFC,none,100,subject40,subject40,0.7949109015542057
MMPD_UBFC,none,100,subject41,subject41,0.692930484154015
MMPD_UBFC,none,100,subject42,subject42,0.7630013317856307
MMPD_UBFC,none,100,subject43,subject43,0.7074868014091311
MMPD_UBFC,none,100,subject44,subject44,0.7913882861767207
MMPD_UBFC,none,100,subject45,subject45,0.7737275105761132
MMPD_UBFC,none,100,subject46,subject46,0.7935499623667922
MMPD_UBFC,none,100,subject47,subject47,0.7655091141360773
MMPD_UBFC,none,100,subject48,subject48,0.7433990785920501
MMPD_UBFC,none,100,subject49,subject49,0.7467091457986229
MMPD_UBFC,none,100,subject5,subject5,0.7885948156996706
MMPD_UBFC,none,100,subject8,subject8,0.7587077812355825
MMPD_UBFC,none,100,subject9,subject9,0.7584510583433323
MMPD_UBFC,none,202,subject1,subject1,0.17428279911507902
MMPD_UBFC,none,202,subject10,subject10,0.7585892864207242
MMPD_UBFC,none,202,subject11,subject11,0.6831766096927503
MMPD_UBFC,none,202,subject12,subject12,0.7266805701427292
MMPD_UBFC,none,202,subject13,subject13,0.7538618027576154
MMPD_UBFC,none,202,subject14,subject14,0.6383721985723768
MMPD_UBFC,none,202,subject15,subject15,0.6854569326332054
MMPD_UBFC,none,202,subject16,subject16,0.7950966958475487
MMPD_UBFC,none,202,subject17,subject17,0.8221287199080858
MMPD_UBFC,none,202,subject18,subject18,0.20343595104494483
MMPD_UBFC,none,202,subject20,subject20,0.5569571698252292
MMPD_UBFC,none,202,subject22,subject22,0.6445491523123436
MMPD_UBFC,none,202,subject23,subject23,0.6976724243419489
MMPD_UBFC,none,202,subject24,subject24,0.5962155599897319
MMPD_UBFC,none,202,subject25,subject25,0.5335347002188973
MMPD_UBFC,none,202,subject26,subject26,0.4151186648031605
MMPD_UBFC,none,202,subject27,subject27,0.35511699717670003
MMPD_UBFC,none,202,subject3,subject3,0.6978152742756367
MMPD_UBFC,none,202,subject30,subject30,0.7194420956222192
MMPD_UBFC,none,202,subject31,subject31,0.785737534194144
MMPD_UBFC,none,202,subject32,subject32,0.76465795437546
MMPD_UBFC,none,202,subject33,subject33,0.7369951940901899
MMPD_UBFC,none,202,subject34,subject34,0.6700640198360827
MMPD_UBFC,none,202,subject35,subject35,0.765111210895588
MMPD_UBFC,none,202,subject36,subject36,0.7548854723629181
MMPD_UBFC,none,202,subject37,subject37,0.63328270350348
MMPD_UBFC,none,202,subject38,subject38,0.820283568107334
MMPD_UBFC,none,202,subject39,subject39,0.7500302564469468
MMPD_UBFC,none,202,subject4,subject4,0.7003815969691135
MMPD_UBFC,none,202,subject40,subject40,0.7092559116698409
MMPD_UBFC,none,202,subject41,subject41,0.7253450862472214
MMPD_UBFC,none,202,subject42,subject42,0.7665039280742313
MMPD_UBFC,none,202,subject43,subject43,0.6882344511404836
MMPD_UBFC,none,202,subject44,subject44,0.7752006374955113
MMPD_UBFC,none,202,subject45,subject45,0.7230820717433311
MMPD_UBFC,none,202,subject46,subject46,0.7892745299878121
MMPD_UBFC,none,202,subject47,subject47,0.7988266975782755
MMPD_UBFC,none,202,subject48,subject48,0.7492347425257646
MMPD_UBFC,none,202,subject49,subject49,0.5972073513185068
MMPD_UBFC,none,202,subject5,subject5,0.7595337040002197
MMPD_UBFC,none,202,subject8,subject8,0.7158702514396063
MMPD_UBFC,none,202,subject9,subject9,0.6356116427130959
MMPD_UBFC,osc_real,42,subject1,subject1,0.32122673247211664
MMPD_UBFC,osc_real,42,subject10,subject10,0.7638944802474711
MMPD_UBFC,osc_real,42,subject11,subject11,0.716670418175985
MMPD_UBFC,osc_real,42,subject12,subject12,0.7931345750101856
MMPD_UBFC,osc_real,42,subject13,subject13,0.7318324089718797
MMPD_UBFC,osc_real,42,subject14,subject14,0.7011874814191055
MMPD_UBFC,osc_real,42,subject15,subject15,0.651873136527218
MMPD_UBFC,osc_real,42,subject16,subject16,0.7753413254082803
MMPD_UBFC,osc_real,42,subject17,subject17,0.8440731242652102
MMPD_UBFC,osc_real,42,subject18,subject18,0.2947127393915465
MMPD_UBFC,osc_real,42,subject20,subject20,0.6553431887812207
MMPD_UBFC,osc_real,42,subject22,subject22,0.6892669366293648
MMPD_UBFC,osc_real,42,subject23,subject23,0.6977738358542356
MMPD_UBFC,osc_real,42,subject24,subject24,0.6529745968333801
MMPD_UBFC,osc_real,42,subject25,subject25,0.6624377159397239
MMPD_UBFC,osc_real,42,subject26,subject26,0.5643157956658981
MMPD_UBFC,osc_real,42,subject27,subject27,0.5344154855823273
MMPD_UBFC,osc_real,42,subject3,subject3,0.7343933211055115
MMPD_UBFC,osc_real,42,subject30,subject30,0.6613599421356496
MMPD_UBFC,osc_real,42,subject31,subject31,0.8353545977936818
MMPD_UBFC,osc_real,42,subject32,subject32,0.7741411701435035
MMPD_UBFC,osc_real,42,subject33,subject33,0.7461099558770719
MMPD_UBFC,osc_real,42,subject34,subject34,0.7936706305194835
MMPD_UBFC,osc_real,42,subject35,subject35,0.7857319469599199
MMPD_UBFC,osc_real,42,subject36,subject36,0.7816308593399502
MMPD_UBFC,osc_real,42,subject37,subject37,0.7583620836697236
MMPD_UBFC,osc_real,42,subject38,subject38,0.843365677361811
MMPD_UBFC,osc_real,42,subject39,subject39,0.6270901712294032
MMPD_UBFC,osc_real,42,subject4,subject4,0.7316467025176616
MMPD_UBFC,osc_real,42,subject40,subject40,0.8081375901172164
MMPD_UBFC,osc_real,42,subject41,subject41,0.6143894939596395
MMPD_UBFC,osc_real,42,subject42,subject42,0.7712277304519825
MMPD_UBFC,osc_real,42,subject43,subject43,0.7153859083246213
MMPD_UBFC,osc_real,42,subject44,subject44,0.8214357314494914
MMPD_UBFC,osc_real,42,subject45,subject45,0.7791203642498028
MMPD_UBFC,osc_real,42,subject46,subject46,0.7983062187796972
MMPD_UBFC,osc_real,42,subject47,subject47,0.78319281487732
MMPD_UBFC,osc_real,42,subject48,subject48,0.569487765865483
MMPD_UBFC,osc_real,42,subject49,subject49,0.728392354398749
MMPD_UBFC,osc_real,42,subject5,subject5,0.8015410777687677
MMPD_UBFC,osc_real,42,subject8,subject8,0.7621125378921569
MMPD_UBFC,osc_real,42,subject9,subject9,0.7521343098201411
MMPD_UBFC,osc_real,100,subject1,subject1,0.1498659435652014
MMPD_UBFC,osc_real,100,subject10,subject10,0.7502841095038131
MMPD_UBFC,osc_real,100,subject11,subject11,0.7526446205320285
MMPD_UBFC,osc_real,100,subject12,subject12,0.8003806416325083
MMPD_UBFC,osc_real,100,subject13,subject13,0.7390116035815427
MMPD_UBFC,osc_real,100,subject14,subject14,0.6437969712916222
MMPD_UBFC,osc_real,100,subject15,subject15,0.7179901879986927
MMPD_UBFC,osc_real,100,subject16,subject16,0.7962836794015448
MMPD_UBFC,osc_real,100,subject17,subject17,0.8352258946767366
MMPD_UBFC,osc_real,100,subject18,subject18,0.3190646529411595
MMPD_UBFC,osc_real,100,subject20,subject20,0.6763438370105195
MMPD_UBFC,osc_real,100,subject22,subject22,0.5667449762014394
MMPD_UBFC,osc_real,100,subject23,subject23,0.7088222452641322
MMPD_UBFC,osc_real,100,subject24,subject24,0.7281544406588933
MMPD_UBFC,osc_real,100,subject25,subject25,0.6314937951176423
MMPD_UBFC,osc_real,100,subject26,subject26,0.6775395906443306
MMPD_UBFC,osc_real,100,subject27,subject27,0.5037487365946001
MMPD_UBFC,osc_real,100,subject3,subject3,0.6615806712178797
MMPD_UBFC,osc_real,100,subject30,subject30,0.7519907931342906
MMPD_UBFC,osc_real,100,subject31,subject31,0.8415310521181288
MMPD_UBFC,osc_real,100,subject32,subject32,0.7689430470660286
MMPD_UBFC,osc_real,100,subject33,subject33,0.7410818100008674
MMPD_UBFC,osc_real,100,subject34,subject34,0.7618301756343412
MMPD_UBFC,osc_real,100,subject35,subject35,0.7582012226598983
MMPD_UBFC,osc_real,100,subject36,subject36,0.7776102425592255
MMPD_UBFC,osc_real,100,subject37,subject37,0.6595353950058896
MMPD_UBFC,osc_real,100,subject38,subject38,0.8445147022875273
MMPD_UBFC,osc_real,100,subject39,subject39,0.7609162346428192
MMPD_UBFC,osc_real,100,subject4,subject4,0.7240069333756063
MMPD_UBFC,osc_real,100,subject40,subject40,0.8023008690579965
MMPD_UBFC,osc_real,100,subject41,subject41,0.733858612360274
MMPD_UBFC,osc_real,100,subject42,subject42,0.7799295581160715
MMPD_UBFC,osc_real,100,subject43,subject43,0.7297115876328459
MMPD_UBFC,osc_real,100,subject44,subject44,0.8406970659727939
MMPD_UBFC,osc_real,100,subject45,subject45,0.35171109388074967
MMPD_UBFC,osc_real,100,subject46,subject46,0.8094398941194112
MMPD_UBFC,osc_real,100,subject47,subject47,0.809143539201667
MMPD_UBFC,osc_real,100,subject48,subject48,0.7317492959802449
MMPD_UBFC,osc_real,100,subject49,subject49,0.797530809408817
MMPD_UBFC,osc_real,100,subject5,subject5,0.801592846304697
MMPD_UBFC,osc_real,100,subject8,subject8,0.7432576382650193
MMPD_UBFC,osc_real,100,subject9,subject9,0.7173442398519058
MMPD_UBFC,osc_real,202,subject1,subject1,0.3169925517057608
MMPD_UBFC,osc_real,202,subject10,subject10,0.7475910117341081
MMPD_UBFC,osc_real,202,subject11,subject11,0.6851184677940452
MMPD_UBFC,osc_real,202,subject12,subject12,0.7205016757874985
MMPD_UBFC,osc_real,202,subject13,subject13,0.7326314373111257
MMPD_UBFC,osc_real,202,subject14,subject14,0.5890858034075077
MMPD_UBFC,osc_real,202,subject15,subject15,0.637768755066733
MMPD_UBFC,osc_real,202,subject16,subject16,0.7554961044023347
MMPD_UBFC,osc_real,202,subject17,subject17,0.8133136539763736
MMPD_UBFC,osc_real,202,subject18,subject18,0.3847573611349029
MMPD_UBFC,osc_real,202,subject20,subject20,0.6649064721520502
MMPD_UBFC,osc_real,202,subject22,subject22,0.6833876177826037
MMPD_UBFC,osc_real,202,subject23,subject23,0.6534555310518045
MMPD_UBFC,osc_real,202,subject24,subject24,0.46732901948685196
MMPD_UBFC,osc_real,202,subject25,subject25,0.537506497265844
MMPD_UBFC,osc_real,202,subject26,subject26,0.4542135808222813
MMPD_UBFC,osc_real,202,subject27,subject27,0.5176895762060828
MMPD_UBFC,osc_real,202,subject3,subject3,0.691981142852021
MMPD_UBFC,osc_real,202,subject30,subject30,0.6891454479149757
MMPD_UBFC,osc_real,202,subject31,subject31,0.770968813687985
MMPD_UBFC,osc_real,202,subject32,subject32,0.7483234105804988
MMPD_UBFC,osc_real,202,subject33,subject33,0.7288439837218974
MMPD_UBFC,osc_real,202,subject34,subject34,0.7725677453439467
MMPD_UBFC,osc_real,202,subject35,subject35,0.7531560276947008
MMPD_UBFC,osc_real,202,subject36,subject36,0.7670379091895778
MMPD_UBFC,osc_real,202,subject37,subject37,0.7089210079544126
MMPD_UBFC,osc_real,202,subject38,subject38,0.7786090020252268
MMPD_UBFC,osc_real,202,subject39,subject39,0.62615476312465
MMPD_UBFC,osc_real,202,subject4,subject4,0.6954485677471098
MMPD_UBFC,osc_real,202,subject40,subject40,0.7361073827735664
MMPD_UBFC,osc_real,202,subject41,subject41,0.6833894426730079
MMPD_UBFC,osc_real,202,subject42,subject42,0.7772660120214204
MMPD_UBFC,osc_real,202,subject43,subject43,0.6650733780110955
MMPD_UBFC,osc_real,202,subject44,subject44,0.8109066381812563
MMPD_UBFC,osc_real,202,subject45,subject45,0.7326728638654078
MMPD_UBFC,osc_real,202,subject46,subject46,0.7958787445699971
MMPD_UBFC,osc_real,202,subject47,subject47,0.7845287236511812
MMPD_UBFC,osc_real,202,subject48,subject48,0.7478293832784619
MMPD_UBFC,osc_real,202,subject49,subject49,0.7157802918090226
MMPD_UBFC,osc_real,202,subject5,subject5,0.7551845914491504
MMPD_UBFC,osc_real,202,subject8,subject8,0.7240238175926379
MMPD_UBFC,osc_real,202,subject9,subject9,0.6962121623172102
PURE_MMPD,none,42,subject10,subject10_L1_MO1_E1_S4_GE2_GL2_H2_MA2,0.1876092537668268
PURE_MMPD,none,42,subject10,subject10_L1_MO1_E2_S4_GE2_GL2_H2_MA2,0.2612849335009974
PURE_MMPD,none,42,subject10,subject10_L1_MO2_E2_S4_GE2_GL2_H2_MA2,0.1171384255742116
PURE_MMPD,none,42,subject10,subject10_L1_MO3_E2_S4_GE2_GL2_H2_MA2,0.1226944592248667
PURE_MMPD,none,42,subject10,subject10_L1_MO4_E2_S4_GE2_GL2_H2_MA2,0.2074956395874411
PURE_MMPD,none,42,subject10,subject10_L2_MO1_E1_S4_GE2_GL2_H2_MA2,0.1311900234575632
PURE_MMPD,none,42,subject10,subject10_L2_MO1_E2_S4_GE2_GL2_H2_MA2,0.2941194148192466
PURE_MMPD,none,42,subject10,subject10_L2_MO2_E2_S4_GE2_GL2_H2_MA2,0.1263626220879454
PURE_MMPD,none,42,subject10,subject10_L2_MO3_E2_S4_GE2_GL2_H2_MA2,0.1714747963351175
PURE_MMPD,none,42,subject10,subject10_L2_MO4_E2_S4_GE2_GL2_H2_MA2,0.1095074859401164
PURE_MMPD,none,42,subject10,subject10_L3_MO1_E1_S4_GE2_GL2_H2_MA2,0.1563891990314833
PURE_MMPD,none,42,subject10,subject10_L3_MO1_E2_S4_GE2_GL2_H2_MA2,0.2823165960973247
PURE_MMPD,none,42,subject10,subject10_L3_MO2_E2_S4_GE2_GL2_H2_MA2,0.1659019122908981
PURE_MMPD,none,42,subject10,subject10_L3_MO3_E2_S4_GE2_GL2_H2_MA2,0.1858276565200768
PURE_MMPD,none,42,subject10,subject10_L3_MO4_E2_S4_GE2_GL2_H2_MA2,0.1292549902185468
PURE_MMPD,none,42,subject10,subject10_L4_MO1_E1_S4_GE2_GL2_H2_MA2,0.125777086368329
PURE_MMPD,none,42,subject10,subject10_L4_MO1_E2_S4_GE2_GL2_H2_MA2,0.0615837665355258
PURE_MMPD,none,42,subject10,subject10_L4_MO2_E2_S4_GE2_GL2_H2_MA2,0.1762283024905639
PURE_MMPD,none,42,subject10,subject10_L4_MO3_E2_S4_GE2_GL2_H2_MA2,0.1382097689286331
PURE_MMPD,none,42,subject10,subject10_L4_MO4_E2_S4_GE2_GL2_H2_MA2,0.2063867373369949
PURE_MMPD,none,42,subject11,subject11_L1_MO1_E1_S5_GE1_GL2_H2_MA2,0.1174280613400445
PURE_MMPD,none,42,subject11,subject11_L1_MO1_E2_S5_GE1_GL2_H2_MA2,0.1534056531658271
PURE_MMPD,none,42,subject11,subject11_L1_MO2_E2_S5_GE1_GL2_H2_MA2,0.1272163982939906
PURE_MMPD,none,42,subject11,subject11_L1_MO3_E2_S5_GE1_GL2_H2_MA2,0.15092196161701
PURE_MMPD,none,42,subject11,subject11_L1_MO4_E2_S5_GE1_GL2_H2_MA2,0.1871421653791796
PURE_MMPD,none,42,subject11,subject11_L2_MO1_E1_S5_GE1_GL2_H2_MA2,0.1531292791802335
PURE_MMPD,none,42,subject11,subject11_L2_MO1_E2_S5_GE1_GL2_H2_MA2,0.2376814529451245
PURE_MMPD,none,42,subject11,subject11_L2_MO2_E2_S5_GE1_GL2_H2_MA2,0.1850894037908466
PURE_MMPD,none,42,subject11,subject11_L2_MO3_E2_S5_GE1_GL2_H2_MA2,0.172094863437603
PURE_MMPD,none,42,subject11,subject11_L2_MO4_E2_S5_GE1_GL2_H2_MA2,0.1006880624715627
PURE_MMPD,none,42,subject11,subject11_L3_MO1_E1_S5_GE1_GL2_H2_MA2,0.1742699619865154
PURE_MMPD,none,42,subject11,subject11_L3_MO1_E2_S5_GE1_GL2_H2_MA2,0.2102326533279039
PURE_MMPD,none,42,subject11,subject11_L3_MO2_E2_S5_GE1_GL2_H2_MA2,0.1452621562782472
PURE_MMPD,none,42,subject11,subject11_L3_MO3_E2_S5_GE1_GL2_H2_MA2,0.1216904707260889
PURE_MMPD,none,42,subject11,subject11_L3_MO4_E2_S5_GE1_GL2_H2_MA2,0.1384331038722477
PURE_MMPD,none,42,subject11,subject11_L4_MO1_E1_S5_GE1_GL2_H2_MA2,0.095858032096708
PURE_MMPD,none,42,subject11,subject11_L4_MO1_E2_S5_GE1_GL2_H2_MA2,0.2441094868866083
PURE_MMPD,none,42,subject11,subject11_L4_MO2_E2_S5_GE1_GL2_H2_MA2,0.1769558393623991
PURE_MMPD,none,42,subject11,subject11_L4_MO3_E2_S5_GE1_GL2_H2_MA2,0.1548090417566685
PURE_MMPD,none,42,subject11,subject11_L4_MO4_E2_S5_GE1_GL2_H2_MA2,0.1213872399801592
PURE_MMPD,none,42,subject12,subject12_L1_MO1_E1_S3_GE2_GL1_H2_MA2,0.1225139148470709
PURE_MMPD,none,42,subject12,subject12_L1_MO1_E2_S3_GE2_GL1_H2_MA2,0.155066300363258
PURE_MMPD,none,42,subject12,subject12_L1_MO2_E2_S3_GE2_GL1_H2_MA2,0.2077682350188031
PURE_MMPD,none,42,subject12,subject12_L1_MO3_E2_S3_GE2_GL1_H2_MA2,0.1167013695256415
PURE_MMPD,none,42,subject12,subject12_L1_MO4_E2_S3_GE2_GL1_H2_MA2,0.1629113891300965
PURE_MMPD,none,42,subject12,subject12_L2_MO1_E1_S3_GE2_GL1_H2_MA2,0.1573650555204102
PURE_MMPD,none,42,subject12,subject12_L2_MO1_E2_S3_GE2_GL1_H2_MA2,0.2345914520138886
PURE_MMPD,none,42,subject12,subject12_L2_MO2_E2_S3_GE2_GL1_H2_MA2,0.2097043275346388
PURE_MMPD,none,42,subject12,subject12_L2_MO3_E2_S3_GE2_GL1_H2_MA2,0.2384644922552205
PURE_MMPD,none,42,subject12,subject12_L2_MO4_E2_S3_GE2_GL1_H2_MA2,0.1911395542319635
PURE_MMPD,none,42,subject12,subject12_L3_MO1_E1_S3_GE2_GL1_H2_MA2,0.3634230984660444
PURE_MMPD,none,42,subject12,subject12_L3_MO1_E2_S3_GE2_GL1_H2_MA2,0.2490979813040743
PURE_MMPD,none,42,subject12,subject12_L3_MO2_E2_S3_GE2_GL1_H2_MA2,0.2323759047952733
PURE_MMPD,none,42,subject12,subject12_L3_MO3_E2_S3_GE2_GL1_H2_MA2,0.3810946212094122
PURE_MMPD,none,42,subject12,subject12_L3_MO4_E2_S3_GE2_GL1_H2_MA2,0.1326525498513319
PURE_MMPD,none,42,subject12,subject12_L4_MO1_E1_S3_GE2_GL1_H2_MA2,0.185088968403312
PURE_MMPD,none,42,subject12,subject12_L4_MO1_E2_S3_GE2_GL1_H2_MA2,0.3161778367471463
PURE_MMPD,none,42,subject12,subject12_L4_MO2_E2_S3_GE2_GL1_H2_MA2,0.1592818013968615
PURE_MMPD,none,42,subject12,subject12_L4_MO3_E2_S3_GE2_GL1_H2_MA2,0.2319264511723532
PURE_MMPD,none,42,subject12,subject12_L4_MO4_E2_S3_GE2_GL1_H2_MA2,0.1933778733880453
PURE_MMPD,none,42,subject13,subject13_L1_MO1_E1_S5_GE1_GL2_H2_MA2,0.0678116072820854
PURE_MMPD,none,42,subject13,subject13_L1_MO1_E2_S5_GE1_GL2_H2_MA2,0.1581653533536585
PURE_MMPD,none,42,subject13,subject13_L1_MO2_E2_S5_GE1_GL2_H2_MA2,0.1211049745119849
PURE_MMPD,none,42,subject13,subject13_L1_MO3_E2_S5_GE1_GL2_H2_MA2,0.1222796059160125
PURE_MMPD,none,42,subject13,subject13_L1_MO4_E2_S5_GE1_GL2_H2_MA2,0.1549639681546677
PURE_MMPD,none,42,subject13,subject13_L2_MO1_E1_S5_GE1_GL2_H2_MA2,0.0539422244032927
PURE_MMPD,none,42,subject13,subject13_L2_MO1_E2_S5_GE1_GL2_H2_MA2,0.4439445098382805
PURE_MMPD,none,42,subject13,subject13_L2_MO2_E2_S5_GE1_GL2_H2_MA2,0.2479992933322938
PURE_MMPD,none,42,subject13,subject13_L2_MO3_E2_S5_GE1_GL2_H2_MA2,0.2919980823096361
PURE_MMPD,none,42,subject13,subject13_L2_MO4_E2_S5_GE1_GL2_H2_MA2,0.1900839637801406
PURE_MMPD,none,42,subject13,subject13_L3_MO1_E1_S5_GE1_GL2_H2_MA2,0.1423785633782667
PURE_MMPD,none,42,subject13,subject13_L3_MO1_E2_S5_GE1_GL2_H2_MA2,0.3766953092393552
PURE_MMPD,none,42,subject13,subject13_L3_MO2_E2_S5_GE1_GL2_H2_MA2,0.1433771652814966
PURE_MMPD,none,42,subject13,subject13_L3_MO3_E2_S5_GE1_GL2_H2_MA2,0.3902170029056214
PURE_MMPD,none,42,subject13,subject13_L3_MO4_E2_S5_GE1_GL2_H2_MA2,0.0861840174261373
PURE_MMPD,none,42,subject13,subject13_L4_MO1_E1_S5_GE1_GL2_H2_MA2,0.1876392375290544
PURE_MMPD,none,42,subject13,subject13_L4_MO1_E2_S5_GE1_GL2_H2_MA2,0.4028311349141024
PURE_MMPD,none,42,subject13,subject13_L4_MO2_E2_S5_GE1_GL2_H2_MA2,0.1094786716290423
PURE_MMPD,none,42,subject13,subject13_L4_MO3_E2_S5_GE1_GL2_H2_MA2,0.2781044111956183
PURE_MMPD,none,42,subject13,subject13_L4_MO4_E2_S5_GE1_GL2_H2_MA2,0.115733919567477
PURE_MMPD,none,42,subject14,subject14_L1_MO1_E1_S6_GE1_GL2_H2_MA2,0.0590688560526312
PURE_MMPD,none,42,subject14,subject14_L1_MO1_E2_S6_GE1_GL2_H2_MA2,0.1199084852503927
PURE_MMPD,none,42,subject14,subject14_L1_MO2_E2_S6_GE1_GL2_H2_MA2,0.1150608648492224
PURE_MMPD,none,42,subject14,subject14_L1_MO3_E2_S6_GE1_GL2_H2_MA2,0.2045037918672705
PURE_MMPD,none,42,subject14,subject14_L1_MO4_E2_S6_GE1_GL2_H2_MA2,0.1211675040349245
PURE_MMPD,none,42,subject14,subject14_L2_MO1_E1_S6_GE1_GL2_H2_MA2,0.0512892570284596
PURE_MMPD,none,42,subject14,subject14_L2_MO1_E2_S6_GE1_GL2_H2_MA2,0.1281844538572392
PURE_MMPD,none,42,subject14,subject14_L2_MO2_E2_S6_GE1_GL2_H2_MA2,0.1163251623179291
PURE_MMPD,none,42,subject14,subject14_L2_MO3_E2_S6_GE1_GL2_H2_MA2,0.1136978785107917
PURE_MMPD,none,42,subject14,subject14_L2_MO4_E2_S6_GE1_GL2_H2_MA2,0.1600311153671592
PURE_MMPD,none,42,subject14,subject14_L3_MO1_E1_S6_GE1_GL2_H2_MA2,0.0684083606665697
PURE_MMPD,none,42,subject14,subject14_L3_MO1_E2_S6_GE1_GL2_H2_MA2,0.1894236188639637
PURE_MMPD,none,42,subject14,subject14_L3_MO2_E2_S6_GE1_GL2_H2_MA2,0.0941908897569825
PURE_MMPD,none,42,subject14,subject14_L3_MO3_E2_S6_GE1_GL2_H2_MA2,0.107842481838809
PURE_MMPD,none,42,subject14,subject14_L3_MO4_E2_S6_GE1_GL2_H2_MA2,0.1296148570000857
PURE_MMPD,none,42,subject14,subject14_L4_MO1_E1_S6_GE1_GL2_H2_MA2,0.0713925080297682
PURE_MMPD,none,42,subject14,subject14_L4_MO1_E2_S6_GE1_GL2_H2_MA2,0.0850909775908577
PURE_MMPD,none,42,subject14,subject14_L4_MO2_E2_S6_GE1_GL2_H2_MA2,0.1320397780862201
PURE_MMPD,none,42,subject14,subject14_L4_MO3_E2_S6_GE1_GL2_H2_MA2,0.1156978352265999
PURE_MMPD,none,42,subject14,subject14_L4_MO4_E2_S6_GE1_GL2_H2_MA2,0.3608120732649501
PURE_MMPD,none,42,subject15,subject15_L1_MO1_E1_S6_GE2_GL2_H2_MA2,0.08059343909094
PURE_MMPD,none,42,subject15,subject15_L1_MO1_E2_S6_GE2_GL2_H2_MA2,0.1306661988898195
PURE_MMPD,none,42,subject15,subject15_L1_MO2_E2_S6_GE2_GL2_H2_MA2,0.1261534372540262
PURE_MMPD,none,42,subject15,subject15_L1_MO3_E2_S6_GE2_GL2_H2_MA2,0.1134686183395241
PURE_MMPD,none,42,subject15,subject15_L1_MO4_E2_S6_GE2_GL2_H2_MA2,0.103672979414092
PURE_MMPD,none,42,subject15,subject15_L2_MO1_E1_S6_GE2_GL2_H2_MA2,0.1234304035240465
PURE_MMPD,none,42,subject15,subject15_L2_MO1_E2_S6_GE2_GL2_H2_MA2,0.11249811835476
PURE_MMPD,none,42,subject15,subject15_L2_MO2_E2_S6_GE2_GL2_H2_MA2,0.1255823751926035
PURE_MMPD,none,42,subject15,subject15_L2_MO3_E2_S6_GE2_GL2_H2_MA2,0.1603254531998416
PURE_MMPD,none,42,subject15,subject15_L2_MO4_E2_S6_GE2_GL2_H2_MA2,0.1281015711569118
PURE_MMPD,none,42,subject15,subject15_L3_MO1_E1_S6_GE2_GL2_H2_MA2,0.1035555340742331
PURE_MMPD,none,42,subject15,subject15_L3_MO1_E2_S6_GE2_GL2_H2_MA2,0.1465179734592318
PURE_MMPD,none,42,subject15,subject15_L3_MO2_E2_S6_GE2_GL2_H2_MA2,0.1123681692310112
PURE_MMPD,none,42,subject15,subject15_L3_MO3_E2_S6_GE2_GL2_H2_MA2,0.145668176231184
PURE_MMPD,none,42,subject15,subject15_L3_MO4_E2_S6_GE2_GL2_H2_MA2,0.182452772114331
PURE_MMPD,none,42,subject15,subject15_L4_MO1_E1_S6_GE2_GL2_H2_MA2,0.184385587927733
PURE_MMPD,none,42,subject15,subject15_L4_MO1_E2_S6_GE2_GL2_H2_MA2,0.1369810564744052
PURE_MMPD,none,42,subject15,subject15_L4_MO2_E2_S6_GE2_GL2_H2_MA2,0.1088455534942398
PURE_MMPD,none,42,subject15,subject15_L4_MO3_E2_S6_GE2_GL2_H2_MA2,0.1159114189729466
PURE_MMPD,none,42,subject15,subject15_L4_MO4_E2_S6_GE2_GL2_H2_MA2,0.1692888755946509
PURE_MMPD,none,42,subject16,subject16_L1_MO1_E1_S6_GE1_GL2_H2_MA2,0.07943182076768
PURE_MMPD,none,42,subject16,subject16_L1_MO1_E2_S6_GE1_GL2_H2_MA2,0.1467155839879223
PURE_MMPD,none,42,subject16,subject16_L1_MO2_E2_S6_GE1_GL2_H2_MA2,0.0843857705930996
PURE_MMPD,none,42,subject16,subject16_L1_MO3_E2_S6_GE1_GL2_H2_MA2,0.070111977900591
PURE_MMPD,none,42,subject16,subject16_L1_MO4_E2_S6_GE1_GL2_H2_MA2,0.110000355965742
PURE_MMPD,none,42,subject16,subject16_L2_MO1_E1_S6_GE1_GL2_H2_MA2,0.2365405732888198
PURE_MMPD,none,42,subject16,subject16_L2_MO1_E2_S6_GE1_GL2_H2_MA2,0.1852728153539724
PURE_MMPD,none,42,subject16,subject16_L2_MO2_E2_S6_GE1_GL2_H2_MA2,0.1450375789882815
PURE_MMPD,none,42,subject16,subject16_L2_MO3_E2_S6_GE1_GL2_H2_MA2,0.2019551203514636
PURE_MMPD,none,42,subject16,subject16_L2_MO4_E2_S6_GE1_GL2_H2_MA2,0.1271187008403914
PURE_MMPD,none,42,subject16,subject16_L3_MO1_E1_S6_GE1_GL2_H2_MA2,0.095923675266476
PURE_MMPD,none,42,subject16,subject16_L3_MO1_E2_S6_GE1_GL2_H2_MA2,0.1601140296789977
PURE_MMPD,none,42,subject16,subject16_L3_MO2_E2_S6_GE1_GL2_H2_MA2,0.1692226819045321
PURE_MMPD,none,42,subject16,subject16_L3_MO3_E2_S6_GE1_GL2_H2_MA2,0.1106501435355841
PURE_MMPD,none,42,subject16,subject16_L3_MO4_E2_S6_GE1_GL2_H2_MA2,0.14181115576733
PURE_MMPD,none,42,subject16,subject16_L4_MO1_E1_S6_GE1_GL2_H2_MA2,0.090091380806086
PURE_MMPD,none,42,subject16,subject16_L4_MO1_E2_S6_GE1_GL2_H2_MA2,0.4875022586639282
PURE_MMPD,none,42,subject16,subject16_L4_MO2_E2_S6_GE1_GL2_H2_MA2,0.17532929854583
PURE_MMPD,none,42,subject16,subject16_L4_MO3_E2_S6_GE1_GL2_H2_MA2,0.3118678585441635
PURE_MMPD,none,42,subject16,subject16_L4_MO4_E2_S6_GE1_GL2_H2_MA2,0.0878196146627448
PURE_MMPD,none,42,subject17,subject17_L1_MO1_E1_S4_GE1_GL2_H2_MA2,0.0676473115938184
PURE_MMPD,none,42,subject17,subject17_L1_MO1_E2_S4_GE1_GL2_H2_MA2,0.111678625066957
PURE_MMPD,none,42,subject17,subject17_L1_MO2_E2_S4_GE1_GL2_H2_MA2,0.1719747396717347
PURE_MMPD,none,42,subject17,subject17_L1_MO3_E2_S4_GE1_GL2_H2_MA2,0.116644571388815
PURE_MMPD,none,42,subject17,subject17_L1_MO4_E2_S4_GE1_GL2_H2_MA2,0.1497886422241404
PURE_MMPD,none,42,subject17,subject17_L2_MO1_E1_S4_GE1_GL2_H2_MA2,0.0679382349806068
PURE_MMPD,none,42,subject17,subject17_L2_MO1_E2_S4_GE1_GL2_H2_MA2,0.1267592640902529
PURE_MMPD,none,42,subject17,subject17_L2_MO2_E2_S4_GE1_GL2_H2_MA2,0.1610081663953818
PURE_MMPD,none,42,subject17,subject17_L2_MO3_E2_S4_GE1_GL2_H2_MA2,0.1511145973938898
PURE_MMPD,none,42,subject17,subject17_L2_MO4_E2_S4_GE1_GL2_H2_MA2,0.1193857038733777
PURE_MMPD,none,42,subject17,subject17_L3_MO1_E1_S4_GE1_GL2_H2_MA2,0.1291190173198037
PURE_MMPD,none,42,subject17,subject17_L3_MO1_E2_S4_GE1_GL2_H2_MA2,0.1375449268228783
PURE_MMPD,none,42,subject17,subject17_L3_MO2_E2_S4_GE1_GL2_H2_MA2,0.1433447039557175
PURE_MMPD,none,42,subject17,subject17_L3_MO3_E2_S4_GE1_GL2_H2_MA2,0.1533136950697114
PURE_MMPD,none,42,subject17,subject17_L3_MO4_E2_S4_GE1_GL2_H2_MA2,0.1177825794951367
PURE_MMPD,none,42,subject17,subject17_L4_MO1_E1_S4_GE1_GL2_H2_MA2,0.0583027304081747
PURE_MMPD,none,42,subject17,subject17_L4_MO1_E2_S4_GE1_GL2_H2_MA2,0.1290216546536469
PURE_MMPD,none,42,subject17,subject17_L4_MO2_E2_S4_GE1_GL2_H2_MA2,0.1678117604488421
PURE_MMPD,none,42,subject17,subject17_L4_MO3_E2_S4_GE1_GL2_H2_MA2,0.1602185774085731
PURE_MMPD,none,42,subject17,subject17_L4_MO4_E2_S4_GE1_GL2_H2_MA2,0.1573921388424168
PURE_MMPD,none,42,subject18,subject18_L1_MO1_E1_S3_GE2_GL1_H1_MA2,0.1920957061263209
PURE_MMPD,none,42,subject18,subject18_L1_MO1_E2_S3_GE2_GL1_H1_MA2,0.1398526181873482
PURE_MMPD,none,42,subject18,subject18_L1_MO2_E2_S3_GE2_GL1_H1_MA2,0.2281932204134361
PURE_MMPD,none,42,subject18,subject18_L1_MO3_E2_S3_GE2_GL1_H1_MA2,0.1437608981536381
PURE_MMPD,none,42,subject18,subject18_L1_MO4_E2_S3_GE2_GL1_H1_MA2,0.1071954450042287
PURE_MMPD,none,42,subject18,subject18_L2_MO1_E1_S3_GE2_GL1_H1_MA2,0.1896604207234924
PURE_MMPD,none,42,subject18,subject18_L2_MO1_E2_S3_GE2_GL1_H1_MA2,0.3274774529302753
PURE_MMPD,none,42,subject18,subject18_L2_MO2_E2_S3_GE2_GL1_H1_MA2,0.2098910650463469
PURE_MMPD,none,42,subject18,subject18_L2_MO3_E2_S3_GE2_GL1_H1_MA2,0.2104312685190467
PURE_MMPD,none,42,subject18,subject18_L2_MO4_E2_S3_GE2_GL1_H1_MA2,0.149311506569211
PURE_MMPD,none,42,subject18,subject18_L3_MO1_E1_S3_GE2_GL1_H1_MA2,0.1441117185360187
PURE_MMPD,none,42,subject18,subject18_L3_MO1_E2_S3_GE2_GL1_H1_MA2,0.2519663062503826
PURE_MMPD,none,42,subject18,subject18_L3_MO2_E2_S3_GE2_GL1_H1_MA2,0.2125896119054618
PURE_MMPD,none,42,subject18,subject18_L3_MO3_E2_S3_GE2_GL1_H1_MA2,0.20725589411003
PURE_MMPD,none,42,subject18,subject18_L3_MO4_E2_S3_GE2_GL1_H1_MA2,0.1180909296401018
PURE_MMPD,none,42,subject18,subject18_L4_MO1_E1_S3_GE2_GL1_H1_MA2,0.1109831306338355
PURE_MMPD,none,42,subject18,subject18_L4_MO1_E2_S3_GE2_GL1_H1_MA2,0.1961642702782521
PURE_MMPD,none,42,subject18,subject18_L4_MO2_E2_S3_GE2_GL1_H1_MA2,0.1874546895560117
PURE_MMPD,none,42,subject18,subject18_L4_MO3_E2_S3_GE2_GL1_H1_MA2,0.2554605652071142
PURE_MMPD,none,42,subject18,subject18_L4_MO4_E2_S3_GE2_GL1_H1_MA2,0.0973298553160519
PURE_MMPD,none,42,subject19,subject19_L1_MO1_E1_S3_GE2_GL2_H1_MA2,0.2189251852998414
PURE_MMPD,none,42,subject19,subject19_L1_MO1_E2_S3_GE2_GL2_H1_MA2,0.313263351820447
PURE_MMPD,none,42,subject19,subject19_L1_MO2_E2_S3_GE2_GL2_H1_MA2,0.1833783263778404
PURE_MMPD,none,42,subject19,subject19_L1_MO3_E2_S3_GE2_GL2_H1_MA2,0.2302417787547697
PURE_MMPD,none,42,subject19,subject19_L1_MO4_E2_S3_GE2_GL2_H1_MA2,0.1154284767536901
PURE_MMPD,none,42,subject19,subject19_L2_MO1_E1_S3_GE2_GL2_H1_MA2,0.3400629227330764
PURE_MMPD,none,42,subject19,subject19_L2_MO1_E2_S3_GE2_GL2_H1_MA2,0.2312699570145757
PURE_MMPD,none,42,subject19,subject19_L2_MO2_E2_S3_GE2_GL2_H1_MA2,0.2739023781695302
PURE_MMPD,none,42,subject19,subject19_L2_MO3_E2_S3_GE2_GL2_H1_MA2,0.3253109820112815
PURE_MMPD,none,42,subject19,subject19_L2_MO4_E2_S3_GE2_GL2_H1_MA2,0.1453827041399173
PURE_MMPD,none,42,subject19,subject19_L3_MO1_E1_S3_GE2_GL2_H1_MA2,0.3666105218878684
PURE_MMPD,none,42,subject19,subject19_L3_MO1_E2_S3_GE2_GL2_H1_MA2,0.4861579205047424
PURE_MMPD,none,42,subject19,subject19_L3_MO2_E2_S3_GE2_GL2_H1_MA2,0.0823317189083202
PURE_MMPD,none,42,subject19,subject19_L3_MO3_E2_S3_GE2_GL2_H1_MA2,0.1600880200750164
PURE_MMPD,none,42,subject19,subject19_L3_MO4_E2_S3_GE2_GL2_H1_MA2,0.1200223419252409
PURE_MMPD,none,42,subject19,subject19_L4_MO1_E1_S3_GE2_GL2_H1_MA2,0.4864585224491674
PURE_MMPD,none,42,subject19,subject19_L4_MO1_E2_S3_GE2_GL2_H1_MA2,0.2875841159289667
PURE_MMPD,none,42,subject19,subject19_L4_MO2_E2_S3_GE2_GL2_H1_MA2,0.1764667934463111
PURE_MMPD,none,42,subject19,subject19_L4_MO3_E2_S3_GE2_GL2_H1_MA2,0.1468135212875221
PURE_MMPD,none,42,subject19,subject19_L4_MO4_E2_S3_GE2_GL2_H1_MA2,0.1486837379496912
PURE_MMPD,none,42,subject1,subject1_L1_MO1_E1_S4_GE1_GL1_H2_MA2,0.1080947454429094
PURE_MMPD,none,42,subject1,subject1_L1_MO1_E2_S4_GE1_GL1_H2_MA2,0.0957123725721564
PURE_MMPD,none,42,subject1,subject1_L1_MO2_E2_S4_GE1_GL1_H2_MA2,0.1016965362113878
PURE_MMPD,none,42,subject1,subject1_L1_MO3_E2_S4_GE1_GL1_H2_MA2,0.1232846493146407
PURE_MMPD,none,42,subject1,subject1_L1_MO4_E2_S4_GE1_GL1_H2_MA2,0.0805229849323129
PURE_MMPD,none,42,subject1,subject1_L2_MO1_E1_S4_GE1_GL1_H2_MA2,0.0840208700296926
PURE_MMPD,none,42,subject1,subject1_L2_MO1_E2_S4_GE1_GL1_H2_MA2,0.1333154954400848
PURE_MMPD,none,42,subject1,subject1_L2_MO2_E2_S4_GE1_GL1_H2_MA2,0.0989461187321509
PURE_MMPD,none,42,subject1,subject1_L2_MO3_E2_S4_GE1_GL1_H2_MA2,0.1200441985115392
PURE_MMPD,none,42,subject1,subject1_L2_MO4_E2_S4_GE1_GL1_H2_MA2,0.0927683069630747
PURE_MMPD,none,42,subject1,subject1_L3_MO1_E1_S4_GE1_GL1_H2_MA2,0.1338979769425609
PURE_MMPD,none,42,subject1,subject1_L3_MO1_E2_S4_GE1_GL1_H2_MA2,0.0994542423046044
PURE_MMPD,none,42,subject1,subject1_L3_MO2_E2_S4_GE1_GL1_H2_MA2,0.1016843131545643
PURE_MMPD,none,42,subject1,subject1_L3_MO3_E2_S4_GE1_GL1_H2_MA2,0.1013610518768016
PURE_MMPD,none,42,subject1,subject1_L3_MO4_E2_S4_GE1_GL1_H2_MA2,0.102772550213399
PURE_MMPD,none,42,subject1,subject1_L4_MO1_E1_S4_GE1_GL1_H2_MA2,0.1112426224907126
PURE_MMPD,none,42,subject1,subject1_L4_MO1_E2_S4_GE1_GL1_H2_MA2,0.1415672679324439
PURE_MMPD,none,42,subject1,subject1_L4_MO2_E2_S4_GE1_GL1_H2_MA2,0.0998624922566514
PURE_MMPD,none,42,subject1,subject1_L4_MO3_E2_S4_GE1_GL1_H2_MA2,0.1195358481817654
PURE_MMPD,none,42,subject1,subject1_L4_MO4_E2_S4_GE1_GL1_H2_MA2,0.1218797948024244
PURE_MMPD,none,42,subject20,subject20_L1_MO1_E1_S3_GE1_GL2_H2_MA2,0.1488646260858871
PURE_MMPD,none,42,subject20,subject20_L1_MO1_E2_S3_GE1_GL2_H2_MA2,0.1742075938277226
PURE_MMPD,none,42,subject20,subject20_L1_MO2_E2_S3_GE1_GL2_H2_MA2,0.2307231730012261
PURE_MMPD,none,42,subject20,subject20_L1_MO3_E2_S3_GE1_GL2_H2_MA2,0.2532141852655695
PURE_MMPD,none,42,subject20,subject20_L1_MO4_E2_S3_GE1_GL2_H2_MA2,0.1809137892045142
PURE_MMPD,none,42,subject20,subject20_L2_MO1_E1_S3_GE1_GL2_H2_MA2,0.3699897333512641
PURE_MMPD,none,42,subject20,subject20_L2_MO1_E2_S3_GE1_GL2_H2_MA2,0.3011790932702686
PURE_MMPD,none,42,subject20,subject20_L2_MO2_E2_S3_GE1_GL2_H2_MA2,0.340929061634416
PURE_MMPD,none,42,subject20,subject20_L2_MO3_E2_S3_GE1_GL2_H2_MA2,0.359802025425728
PURE_MMPD,none,42,subject20,subject20_L2_MO4_E2_S3_GE1_GL2_H2_MA2,0.1414833075581074
PURE_MMPD,none,42,subject20,subject20_L3_MO1_E1_S3_GE1_GL2_H2_MA2,0.2593316600107866
PURE_MMPD,none,42,subject20,subject20_L3_MO1_E2_S3_GE1_GL2_H2_MA2,0.3293935713627319
PURE_MMPD,none,42,subject20,subject20_L3_MO2_E2_S3_GE1_GL2_H2_MA2,0.2445905741502296
PURE_MMPD,none,42,subject20,subject20_L3_MO3_E2_S3_GE1_GL2_H2_MA2,0.314257335535014
PURE_MMPD,none,42,subject20,subject20_L3_MO4_E2_S3_GE1_GL2_H2_MA2,0.2001948014810329
PURE_MMPD,none,42,subject20,subject20_L4_MO1_E1_S3_GE1_GL2_H2_MA2,0.0867920557843839
PURE_MMPD,none,42,subject20,subject20_L4_MO1_E2_S3_GE1_GL2_H2_MA2,0.1891781343674987
PURE_MMPD,none,42,subject20,subject20_L4_MO2_E2_S3_GE1_GL2_H2_MA2,0.1706228362090721
PURE_MMPD,none,42,subject20,subject20_L4_MO3_E2_S3_GE1_GL2_H2_MA2,0.2281336118833215
PURE_MMPD,none,42,subject20,subject20_L4_MO4_E2_S3_GE1_GL2_H2_MA2,0.1660226225382089
PURE_MMPD,none,42,subject21,subject21_L1_MO1_E1_S3_GE2_GL1_H2_MA1,0.1378945414990685
PURE_MMPD,none,42,subject21,subject21_L1_MO1_E2_S3_GE2_GL1_H2_MA1,0.2285221307453764
PURE_MMPD,none,42,subject21,subject21_L1_MO2_E2_S3_GE2_GL1_H2_MA1,0.2421226163510713
PURE_MMPD,none,42,subject21,subject21_L1_MO3_E2_S3_GE2_GL1_H2_MA1,0.1600653409671764
PURE_MMPD,none,42,subject21,subject21_L1_MO4_E2_S3_GE2_GL1_H2_MA1,0.1160894233112139
PURE_MMPD,none,42,subject21,subject21_L2_MO1_E1_S3_GE2_GL1_H2_MA1,0.1252174280626804
PURE_MMPD,none,42,subject21,subject21_L2_MO1_E2_S3_GE2_GL1_H2_MA1,0.2455202783002103
PURE_MMPD,none,42,subject21,subject21_L2_MO2_E2_S3_GE2_GL1_H2_MA1,0.2076594693593355
PURE_MMPD,none,42,subject21,subject21_L2_MO3_E2_S3_GE2_GL1_H2_MA1,0.2088360685041136
PURE_MMPD,none,42,subject21,subject21_L2_MO4_E2_S3_GE2_GL1_H2_MA1,0.1410177900713556
PURE_MMPD,none,42,subject21,subject21_L3_MO1_E1_S3_GE2_GL1_H2_MA1,0.3381832584012407
PURE_MMPD,none,42,subject21,subject21_L3_MO1_E2_S3_GE2_GL1_H2_MA1,0.2237417466217798
PURE_MMPD,none,42,subject21,subject21_L3_MO2_E2_S3_GE2_GL1_H2_MA1,0.2477651919402382
PURE_MMPD,none,42,subject21,subject21_L3_MO3_E2_S3_GE2_GL1_H2_MA1,0.2321580477648689
PURE_MMPD,none,42,subject21,subject21_L3_MO4_E2_S3_GE2_GL1_H2_MA1,0.1422096254390784
PURE_MMPD,none,42,subject21,subject21_L4_MO1_E1_S3_GE2_GL1_H2_MA1,0.117044117805468
PURE_MMPD,none,42,subject21,subject21_L4_MO1_E2_S3_GE2_GL1_H2_MA1,0.1805276803212525
PURE_MMPD,none,42,subject21,subject21_L4_MO2_E2_S3_GE2_GL1_H2_MA1,0.1022535828405234
PURE_MMPD,none,42,subject21,subject21_L4_MO3_E2_S3_GE2_GL1_H2_MA1,0.1618561220030315
PURE_MMPD,none,42,subject21,subject21_L4_MO4_E2_S3_GE2_GL1_H2_MA1,0.2014980283269346
PURE_MMPD,none,42,subject22,subject22_L1_MO1_E1_S3_GE2_GL2_H2_MA2,0.1928951011207029
PURE_MMPD,none,42,subject22,subject22_L1_MO1_E2_S3_GE2_GL2_H2_MA2,0.1791165436016371
PURE_MMPD,none,42,subject22,subject22_L1_MO2_E2_S3_GE2_GL2_H2_MA2,0.1447300140731759
PURE_MMPD,none,42,subject22,subject22_L1_MO3_E2_S3_GE2_GL2_H2_MA2,0.1336500771952927
PURE_MMPD,none,42,subject22,subject22_L1_MO4_E2_S3_GE2_GL2_H2_MA2,0.1030519627926461
PURE_MMPD,none,42,subject22,subject22_L2_MO1_E1_S3_GE2_GL2_H2_MA2,0.3142269378163207
PURE_MMPD,none,42,subject22,subject22_L2_MO1_E2_S3_GE2_GL2_H2_MA2,0.2914450819759855
PURE_MMPD,none,42,subject22,subject22_L2_MO2_E2_S3_GE2_GL2_H2_MA2,0.2836585154559584
PURE_MMPD,none,42,subject22,subject22_L2_MO3_E2_S3_GE2_GL2_H2_MA2,0.2248718794497106
PURE_MMPD,none,42,subject22,subject22_L2_MO4_E2_S3_GE2_GL2_H2_MA2,0.1240528487381884
PURE_MMPD,none,42,subject22,subject22_L3_MO1_E1_S3_GE2_GL2_H2_MA2,0.3777830753001231
PURE_MMPD,none,42,subject22,subject22_L3_MO1_E2_S3_GE2_GL2_H2_MA2,0.3524958229085365
PURE_MMPD,none,42,subject22,subject22_L3_MO2_E2_S3_GE2_GL2_H2_MA2,0.4147460976968157
PURE_MMPD,none,42,subject22,subject22_L3_MO3_E2_S3_GE2_GL2_H2_MA2,0.2092454749258603
PURE_MMPD,none,42,subject22,subject22_L3_MO4_E2_S3_GE2_GL2_H2_MA2,0.1295215754314131
PURE_MMPD,none,42,subject22,subject22_L4_MO1_E1_S3_GE2_GL2_H2_MA2,0.1186035697251809
PURE_MMPD,none,42,subject22,subject22_L4_MO1_E2_S3_GE2_GL2_H2_MA2,0.187610796793187
PURE_MMPD,none,42,subject22,subject22_L4_MO2_E2_S3_GE2_GL2_H2_MA2,0.3653744257349766
PURE_MMPD,none,42,subject22,subject22_L4_MO3_E2_S3_GE2_GL2_H2_MA2,0.3205318467443309
PURE_MMPD,none,42,subject22,subject22_L4_MO4_E2_S3_GE2_GL2_H2_MA2,0.1000342149106406
PURE_MMPD,none,42,subject23,subject23_L1_MO1_E1_S5_GE2_GL2_H2_MA2,0.1431389299861399
PURE_MMPD,none,42,subject23,subject23_L1_MO1_E2_S5_GE2_GL2_H2_MA2,0.1515806273027718
PURE_MMPD,none,42,subject23,subject23_L1_MO2_E2_S5_GE2_GL2_H2_MA2,0.0866138598186579
PURE_MMPD,none,42,subject23,subject23_L1_MO3_E2_S5_GE2_GL2_H2_MA2,0.1266031776415304
PURE_MMPD,none,42,subject23,subject23_L1_MO4_E2_S5_GE2_GL2_H2_MA2,0.1171513324805373
PURE_MMPD,none,42,subject23,subject23_L2_MO1_E1_S5_GE2_GL2_H2_MA2,0.1598534594285388
PURE_MMPD,none,42,subject23,subject23_L2_MO1_E2_S5_GE2_GL2_H2_MA2,0.1820929625246109
PURE_MMPD,none,42,subject23,subject23_L2_MO2_E2_S5_GE2_GL2_H2_MA2,0.1234476299445258
PURE_MMPD,none,42,subject23,subject23_L2_MO3_E2_S5_GE2_GL2_H2_MA2,0.230608510742477
PURE_MMPD,none,42,subject23,subject23_L2_MO4_E2_S5_GE2_GL2_H2_MA2,0.1071378677304884
PURE_MMPD,none,42,subject23,subject23_L3_MO1_E1_S5_GE2_GL2_H2_MA2,0.1407332406396951
PURE_MMPD,none,42,subject23,subject23_L3_MO1_E2_S5_GE2_GL2_H2_MA2,0.2270514944968434
PURE_MMPD,none,42,subject23,subject23_L3_MO2_E2_S5_GE2_GL2_H2_MA2,0.1272317494275842
PURE_MMPD,none,42,subject23,subject23_L3_MO3_E2_S5_GE2_GL2_H2_MA2,0.2079640439186023
PURE_MMPD,none,42,subject23,subject23_L3_MO4_E2_S5_GE2_GL2_H2_MA2,0.1012118904663868
PURE_MMPD,none,42,subject23,subject23_L4_MO1_E1_S5_GE2_GL2_H2_MA2,0.104165529932931
PURE_MMPD,none,42,subject23,subject23_L4_MO1_E2_S5_GE2_GL2_H2_MA2,0.1336150324486827
PURE_MMPD,none,42,subject23,subject23_L4_MO2_E2_S5_GE2_GL2_H2_MA2,0.1333592383349415
PURE_MMPD,none,42,subject23,subject23_L4_MO3_E2_S5_GE2_GL2_H2_MA2,0.2535447867882153
PURE_MMPD,none,42,subject23,subject23_L4_MO4_E2_S5_GE2_GL2_H2_MA2,0.2031779077603365
PURE_MMPD,none,42,subject24,subject24_L1_MO1_E1_S3_GE2_GL2_H2_MA1,0.5161073097788418
PURE_MMPD,none,42,subject24,subject24_L1_MO1_E2_S3_GE2_GL2_H2_MA1,0.2767401818393385
PURE_MMPD,none,42,subject24,subject24_L1_MO2_E2_S3_GE2_GL2_H2_MA1,0.3286637087401484
PURE_MMPD,none,42,subject24,subject24_L1_MO3_E2_S3_GE2_GL2_H2_MA1,0.3519423307372903
PURE_MMPD,none,42,subject24,subject24_L1_MO4_E2_S3_GE2_GL2_H2_MA1,0.2183524206862341
PURE_MMPD,none,42,subject24,subject24_L2_MO1_E1_S3_GE2_GL2_H2_MA1,0.4874919483848762
PURE_MMPD,none,42,subject24,subject24_L2_MO1_E2_S3_GE2_GL2_H2_MA1,0.2256259562064942
PURE_MMPD,none,42,subject24,subject24_L2_MO2_E2_S3_GE2_GL2_H2_MA1,0.379415547930681
PURE_MMPD,none,42,subject24,subject24_L2_MO3_E2_S3_GE2_GL2_H2_MA1,0.3628531492297023
PURE_MMPD,none,42,subject24,subject24_L2_MO4_E2_S3_GE2_GL2_H2_MA1,0.1079536028945503
PURE_MMPD,none,42,subject24,subject24_L3_MO1_E1_S3_GE2_GL2_H2_MA1,0.4995506063169745
PURE_MMPD,none,42,subject24,subject24_L3_MO1_E2_S3_GE2_GL2_H2_MA1,0.2927578371642966
PURE_MMPD,none,42,subject24,subject24_L3_MO2_E2_S3_GE2_GL2_H2_MA1,0.3249486451828997
PURE_MMPD,none,42,subject24,subject24_L3_MO3_E2_S3_GE2_GL2_H2_MA1,0.3015847887153197
PURE_MMPD,none,42,subject24,subject24_L3_MO4_E2_S3_GE2_GL2_H2_MA1,0.1120354171197781
PURE_MMPD,none,42,subject24,subject24_L4_MO1_E1_S3_GE2_GL2_H2_MA1,0.2428169859522817
PURE_MMPD,none,42,subject24,subject24_L4_MO1_E2_S3_GE2_GL2_H2_MA1,0.1268790350905639
PURE_MMPD,none,42,subject24,subject24_L4_MO2_E2_S3_GE2_GL2_H2_MA1,0.3431704611921062
PURE_MMPD,none,42,subject24,subject24_L4_MO3_E2_S3_GE2_GL2_H2_MA1,0.2219483846591856
PURE_MMPD,none,42,subject24,subject24_L4_MO4_E2_S3_GE2_GL2_H2_MA1,0.1338660032691117
PURE_MMPD,none,42,subject25,subject25_L1_MO1_E1_S3_GE2_GL2_H1_MA2,0.103591785269373
PURE_MMPD,none,42,subject25,subject25_L1_MO1_E2_S3_GE2_GL2_H1_MA2,0.1722978160655537
PURE_MMPD,none,42,subject25,subject25_L1_MO2_E2_S3_GE2_GL2_H1_MA2,0.1300949045080304
PURE_MMPD,none,42,subject25,subject25_L1_MO3_E2_S3_GE2_GL2_H1_MA2,0.1462378313019359
PURE_MMPD,none,42,subject25,subject25_L1_MO4_E2_S3_GE2_GL2_H1_MA2,0.1151092769826129
PURE_MMPD,none,42,subject25,subject25_L2_MO1_E1_S3_GE2_GL2_H1_MA2,0.2087406776232643
PURE_MMPD,none,42,subject25,subject25_L2_MO1_E2_S3_GE2_GL2_H1_MA2,0.3193413325055939
PURE_MMPD,none,42,subject25,subject25_L2_MO2_E2_S3_GE2_GL2_H1_MA2,0.2770198576329661
PURE_MMPD,none,42,subject25,subject25_L2_MO3_E2_S3_GE2_GL2_H1_MA2,0.3723237627695065
PURE_MMPD,none,42,subject25,subject25_L2_MO4_E2_S3_GE2_GL2_H1_MA2,0.2128263337129443
PURE_MMPD,none,42,subject25,subject25_L3_MO1_E1_S3_GE2_GL2_H1_MA2,0.1750289712810784
PURE_MMPD,none,42,subject25,subject25_L3_MO1_E2_S3_GE2_GL2_H1_MA2,0.4616340023091011
PURE_MMPD,none,42,subject25,subject25_L3_MO2_E2_S3_GE2_GL2_H1_MA2,0.3480757787653105
PURE_MMPD,none,42,subject25,subject25_L3_MO3_E2_S3_GE2_GL2_H1_MA2,0.2427715820827365
PURE_MMPD,none,42,subject25,subject25_L3_MO4_E2_S3_GE2_GL2_H1_MA2,0.1571775718353892
PURE_MMPD,none,42,subject25,subject25_L4_MO1_E1_S3_GE2_GL2_H1_MA2,0.316438773303539
PURE_MMPD,none,42,subject25,subject25_L4_MO1_E2_S3_GE2_GL2_H1_MA2,0.221807750536935
PURE_MMPD,none,42,subject25,subject25_L4_MO2_E2_S3_GE2_GL2_H1_MA2,0.1597992295404849
PURE_MMPD,none,42,subject25,subject25_L4_MO3_E2_S3_GE2_GL2_H1_MA2,0.1909529627003224
PURE_MMPD,none,42,subject25,subject25_L4_MO4_E2_S3_GE2_GL2_H1_MA2,0.1623018343764
PURE_MMPD,none,42,subject26,subject26_L1_MO1_E1_S6_GE1_GL2_H2_MA2,0.1293517006597216
PURE_MMPD,none,42,subject26,subject26_L1_MO1_E2_S6_GE1_GL2_H2_MA2,0.1273307596903632
PURE_MMPD,none,42,subject26,subject26_L1_MO2_E2_S6_GE1_GL2_H2_MA2,0.1741236792390491
PURE_MMPD,none,42,subject26,subject26_L1_MO3_E2_S6_GE1_GL2_H2_MA2,0.1456002931278384
PURE_MMPD,none,42,subject26,subject26_L1_MO4_E2_S6_GE1_GL2_H2_MA2,0.1516391709993755
PURE_MMPD,none,42,subject26,subject26_L2_MO1_E1_S6_GE1_GL2_H2_MA2,0.150015237673723
PURE_MMPD,none,42,subject26,subject26_L2_MO1_E2_S6_GE1_GL2_H2_MA2,0.1303650366011865
PURE_MMPD,none,42,subject26,subject26_L2_MO2_E2_S6_GE1_GL2_H2_MA2,0.1261781483903106
PURE_MMPD,none,42,subject26,subject26_L2_MO3_E2_S6_GE1_GL2_H2_MA2,0.1523059776196023
PURE_MMPD,none,42,subject26,subject26_L2_MO4_E2_S6_GE1_GL2_H2_MA2,0.1314108574763393
PURE_MMPD,none,42,subject26,subject26_L3_MO1_E1_S6_GE1_GL2_H2_MA2,0.1766676081570554
PURE_MMPD,none,42,subject26,subject26_L3_MO1_E2_S6_GE1_GL2_H2_MA2,0.1722106299911847
PURE_MMPD,none,42,subject26,subject26_L3_MO2_E2_S6_GE1_GL2_H2_MA2,0.1832278923225811
PURE_MMPD,none,42,subject26,subject26_L3_MO3_E2_S6_GE1_GL2_H2_MA2,0.1542731863272292
PURE_MMPD,none,42,subject26,subject26_L3_MO4_E2_S6_GE1_GL2_H2_MA2,0.1706936710358633
PURE_MMPD,none,42,subject26,subject26_L4_MO1_E1_S6_GE1_GL2_H2_MA2,0.1487392687460928
PURE_MMPD,none,42,subject26,subject26_L4_MO1_E2_S6_GE1_GL2_H2_MA2,0.2163156405937727
PURE_MMPD,none,42,subject26,subject26_L4_MO2_E2_S6_GE1_GL2_H2_MA2,0.1751383718289417
PURE_MMPD,none,42,subject26,subject26_L4_MO3_E2_S6_GE1_GL2_H2_MA2,0.1695307942690875
PURE_MMPD,none,42,subject26,subject26_L4_MO4_E2_S6_GE1_GL2_H2_MA2,0.1200299827306313
PURE_MMPD,none,42,subject27,subject27_L1_MO1_E1_S3_GE2_GL2_H2_MA1,0.3056167274964175
PURE_MMPD,none,42,subject27,subject27_L1_MO1_E2_S3_GE2_GL2_H2_MA1,0.2657917104258214
PURE_MMPD,none,42,subject27,subject27_L1_MO2_E2_S3_GE2_GL2_H2_MA1,0.45030344799224
PURE_MMPD,none,42,subject27,subject27_L1_MO3_E2_S3_GE2_GL2_H2_MA1,0.2927294476370549
PURE_MMPD,none,42,subject27,subject27_L1_MO4_E2_S3_GE2_GL2_H2_MA1,0.1251078234059337
PURE_MMPD,none,42,subject27,subject27_L2_MO1_E1_S3_GE2_GL2_H2_MA1,0.1912041217826903
PURE_MMPD,none,42,subject27,subject27_L2_MO1_E2_S3_GE2_GL2_H2_MA1,0.2697101703187067
PURE_MMPD,none,42,subject27,subject27_L2_MO2_E2_S3_GE2_GL2_H2_MA1,0.2539404593024048
PURE_MMPD,none,42,subject27,subject27_L2_MO3_E2_S3_GE2_GL2_H2_MA1,0.1830061573264805
PURE_MMPD,none,42,subject27,subject27_L2_MO4_E2_S3_GE2_GL2_H2_MA1,0.1333178971322914
PURE_MMPD,none,42,subject27,subject27_L3_MO1_E1_S3_GE2_GL2_H2_MA1,0.3290906583317316
PURE_MMPD,none,42,subject27,subject27_L3_MO1_E2_S3_GE2_GL2_H2_MA1,0.3219859636744293
PURE_MMPD,none,42,subject27,subject27_L3_MO2_E2_S3_GE2_GL2_H2_MA1,0.2304359370649257
PURE_MMPD,none,42,subject27,subject27_L3_MO3_E2_S3_GE2_GL2_H2_MA1,0.2978296990465717
PURE_MMPD,none,42,subject27,subject27_L3_MO4_E2_S3_GE2_GL2_H2_MA1,0.1413393205762531
PURE_MMPD,none,42,subject27,subject27_L4_MO1_E1_S3_GE2_GL2_H2_MA1,0.4074891276002248
PURE_MMPD,none,42,subject27,subject27_L4_MO1_E2_S3_GE2_GL2_H2_MA1,0.1898759119506053
PURE_MMPD,none,42,subject27,subject27_L4_MO2_E2_S3_GE2_GL2_H2_MA1,0.2839401180946128
PURE_MMPD,none,42,subject27,subject27_L4_MO3_E2_S3_GE2_GL2_H2_MA1,0.4101854906450253
PURE_MMPD,none,42,subject27,subject27_L4_MO4_E2_S3_GE2_GL2_H2_MA1,0.1138248105713693
PURE_MMPD,none,42,subject28,subject28_L1_MO1_E1_S5_GE2_GL2_H2_MA2,0.1040448288166838
PURE_MMPD,none,42,subject28,subject28_L1_MO1_E2_S5_GE2_GL2_H2_MA2,0.1428181805295073
PURE_MMPD,none,42,subject28,subject28_L1_MO2_E2_S5_GE2_GL2_H2_MA2,0.1705090589966716
PURE_MMPD,none,42,subject28,subject28_L1_MO3_E2_S5_GE2_GL2_H2_MA2,0.1043622031794232
PURE_MMPD,none,42,subject28,subject28_L1_MO4_E2_S5_GE2_GL2_H2_MA2,0.1021047366582783
PURE_MMPD,none,42,subject28,subject28_L2_MO1_E1_S5_GE2_GL2_H2_MA2,0.1165458774698055
PURE_MMPD,none,42,subject28,subject28_L2_MO1_E2_S5_GE2_GL2_H2_MA2,0.1302713424896195
PURE_MMPD,none,42,subject28,subject28_L2_MO2_E2_S5_GE2_GL2_H2_MA2,0.1035388665777745
PURE_MMPD,none,42,subject28,subject28_L2_MO3_E2_S5_GE2_GL2_H2_MA2,0.1255212966350783
PURE_MMPD,none,42,subject28,subject28_L2_MO4_E2_S5_GE2_GL2_H2_MA2,0.0954844055779465
PURE_MMPD,none,42,subject28,subject28_L3_MO1_E1_S5_GE2_GL2_H2_MA2,0.1448178897386532
PURE_MMPD,none,42,subject28,subject28_L3_MO1_E2_S5_GE2_GL2_H2_MA2,0.1404283949844447
PURE_MMPD,none,42,subject28,subject28_L3_MO2_E2_S5_GE2_GL2_H2_MA2,0.1144964727470091
PURE_MMPD,none,42,subject28,subject28_L3_MO3_E2_S5_GE2_GL2_H2_MA2,0.129498025853183
PURE_MMPD,none,42,subject28,subject28_L3_MO4_E2_S5_GE2_GL2_H2_MA2,0.1669116270494628
PURE_MMPD,none,42,subject28,subject28_L4_MO1_E1_S5_GE2_GL2_H2_MA2,0.1223079955742295
PURE_MMPD,none,42,subject28,subject28_L4_MO1_E2_S5_GE2_GL2_H2_MA2,0.1117142976862762
PURE_MMPD,none,42,subject28,subject28_L4_MO2_E2_S5_GE2_GL2_H2_MA2,0.1541296733407031
PURE_MMPD,none,42,subject28,subject28_L4_MO3_E2_S5_GE2_GL2_H2_MA2,0.1522822211778863
PURE_MMPD,none,42,subject28,subject28_L4_MO4_E2_S5_GE2_GL2_H2_MA2,0.1548069385660414
PURE_MMPD,none,42,subject29,subject29_L1_MO1_E1_S3_GE2_GL1_H1_MA2,0.1711804086232209
PURE_MMPD,none,42,subject29,subject29_L1_MO1_E2_S3_GE2_GL1_H1_MA2,0.2113844515556627
PURE_MMPD,none,42,subject29,subject29_L1_MO2_E2_S3_GE2_GL1_H1_MA2,0.3209676868572053
PURE_MMPD,none,42,subject29,subject29_L1_MO3_E2_S3_GE2_GL1_H1_MA2,0.3513352191955096
PURE_MMPD,none,42,subject29,subject29_L1_MO4_E2_S3_GE2_GL1_H1_MA2,0.1435530370405399
PURE_MMPD,none,42,subject29,subject29_L2_MO1_E1_S3_GE2_GL1_H1_MA2,0.2036604335021445
PURE_MMPD,none,42,subject29,subject29_L2_MO1_E2_S3_GE2_GL1_H1_MA2,0.2942337082127098
PURE_MMPD,none,42,subject29,subject29_L2_MO2_E2_S3_GE2_GL1_H1_MA2,0.3785066747665717
PURE_MMPD,none,42,subject29,subject29_L2_MO3_E2_S3_GE2_GL1_H1_MA2,0.3414290029066609
PURE_MMPD,none,42,subject29,subject29_L2_MO4_E2_S3_GE2_GL1_H1_MA2,0.1702040336813183
PURE_MMPD,none,42,subject29,subject29_L3_MO1_E1_S3_GE2_GL1_H1_MA2,0.2782738734285317
PURE_MMPD,none,42,subject29,subject29_L3_MO1_E2_S3_GE2_GL1_H1_MA2,0.5240237211931749
PURE_MMPD,none,42,subject29,subject29_L3_MO2_E2_S3_GE2_GL1_H1_MA2,0.462410811999022
PURE_MMPD,none,42,subject29,subject29_L3_MO3_E2_S3_GE2_GL1_H1_MA2,0.4700480106390222
PURE_MMPD,none,42,subject29,subject29_L3_MO4_E2_S3_GE2_GL1_H1_MA2,0.2129177030531127
PURE_MMPD,none,42,subject29,subject29_L4_MO1_E1_S3_GE2_GL1_H1_MA2,0.3153569880082423
PURE_MMPD,none,42,subject29,subject29_L4_MO1_E2_S3_GE2_GL1_H1_MA2,0.3616913075880899
PURE_MMPD,none,42,subject29,subject29_L4_MO2_E2_S3_GE2_GL1_H1_MA2,0.2569460951716221
PURE_MMPD,none,42,subject29,subject29_L4_MO3_E2_S3_GE2_GL1_H1_MA2,0.2158025632425094
PURE_MMPD,none,42,subject29,subject29_L4_MO4_E2_S3_GE2_GL1_H1_MA2,0.1346370743157712
PURE_MMPD,none,42,subject2,subject2_L1_MO1_E1_S4_GE1_GL1_H1_MA2,0.1698738950519639
PURE_MMPD,none,42,subject2,subject2_L1_MO1_E2_S4_GE1_GL1_H1_MA2,0.2595978210076825
PURE_MMPD,none,42,subject2,subject2_L1_MO2_E2_S4_GE1_GL1_H1_MA2,0.368175333966348
PURE_MMPD,none,42,subject2,subject2_L1_MO3_E2_S4_GE1_GL1_H1_MA2,0.2960479088228386
PURE_MMPD,none,42,subject2,subject2_L1_MO4_E2_S4_GE1_GL1_H1_MA2,0.1964649153652202
PURE_MMPD,none,42,subject2,subject2_L2_MO1_E1_S4_GE1_GL1_H1_MA2,0.0762998795139864
PURE_MMPD,none,42,subject2,subject2_L2_MO1_E2_S4_GE1_GL1_H1_MA2,0.3106822263195608
PURE_MMPD,none,42,subject2,subject2_L2_MO2_E2_S4_GE1_GL1_H1_MA2,0.2490456957493289
PURE_MMPD,none,42,subject2,subject2_L2_MO3_E2_S4_GE1_GL1_H1_MA2,0.3285935356127433
PURE_MMPD,none,42,subject2,subject2_L2_MO4_E2_S4_GE1_GL1_H1_MA2,0.099345326390759
PURE_MMPD,none,42,subject2,subject2_L3_MO1_E1_S4_GE1_GL1_H1_MA2,0.2647959816026047
PURE_MMPD,none,42,subject2,subject2_L3_MO1_E2_S4_GE1_GL1_H1_MA2,0.3941044272419244
PURE_MMPD,none,42,subject2,subject2_L3_MO2_E2_S4_GE1_GL1_H1_MA2,0.2652339771014109
PURE_MMPD,none,42,subject2,subject2_L3_MO3_E2_S4_GE1_GL1_H1_MA2,0.3124683678882793
PURE_MMPD,none,42,subject2,subject2_L3_MO4_E2_S4_GE1_GL1_H1_MA2,0.2075988086509918
PURE_MMPD,none,42,subject2,subject2_L4_MO1_E1_S4_GE1_GL1_H1_MA2,0.1140594493469137
PURE_MMPD,none,42,subject2,subject2_L4_MO1_E2_S4_GE1_GL1_H1_MA2,0.2271563873307218
PURE_MMPD,none,42,subject2,subject2_L4_MO2_E2_S4_GE1_GL1_H1_MA2,0.1472002659944608
PURE_MMPD,none,42,subject2,subject2_L4_MO3_E2_S4_GE1_GL1_H1_MA2,0.1178391693877859
PURE_MMPD,none,42,subject2,subject2_L4_MO4_E2_S4_GE1_GL1_H1_MA2,0.1183734287357912
PURE_MMPD,none,42,subject30,subject30_L1_MO1_E1_S6_GE1_GL2_H2_MA2,0.0834605360512684
PURE_MMPD,none,42,subject30,subject30_L1_MO1_E2_S6_GE1_GL2_H2_MA2,0.1062816504846548
PURE_MMPD,none,42,subject30,subject30_L1_MO2_E2_S6_GE1_GL2_H2_MA2,0.1082162267661574
PURE_MMPD,none,42,subject30,subject30_L1_MO3_E2_S6_GE1_GL2_H2_MA2,0.1156904128675478
PURE_MMPD,none,42,subject30,subject30_L1_MO4_E2_S6_GE1_GL2_H2_MA2,0.1726063161458298
PURE_MMPD,none,42,subject30,subject30_L2_MO1_E1_S6_GE1_GL2_H2_MA2,0.0712456654863371
PURE_MMPD,none,42,subject30,subject30_L2_MO1_E2_S6_GE1_GL2_H2_MA2,0.1374562945962885
PURE_MMPD,none,42,subject30,subject30_L2_MO2_E2_S6_GE1_GL2_H2_MA2,0.0956629074398082
PURE_MMPD,none,42,subject30,subject30_L2_MO3_E2_S6_GE1_GL2_H2_MA2,0.1634594302707056
PURE_MMPD,none,42,subject30,subject30_L2_MO4_E2_S6_GE1_GL2_H2_MA2,0.1224904900733346
PURE_MMPD,none,42,subject30,subject30_L3_MO1_E1_S6_GE1_GL2_H2_MA2,0.1614484581233308
PURE_MMPD,none,42,subject30,subject30_L3_MO1_E2_S6_GE1_GL2_H2_MA2,0.337010253977734
PURE_MMPD,none,42,subject30,subject30_L3_MO2_E2_S6_GE1_GL2_H2_MA2,0.1793976218639715
PURE_MMPD,none,42,subject30,subject30_L3_MO3_E2_S6_GE1_GL2_H2_MA2,0.271927268223519
PURE_MMPD,none,42,subject30,subject30_L3_MO4_E2_S6_GE1_GL2_H2_MA2,0.1345884979665883
PURE_MMPD,none,42,subject30,subject30_L4_MO1_E1_S6_GE1_GL2_H2_MA2,0.1585003098374407
PURE_MMPD,none,42,subject30,subject30_L4_MO1_E2_S6_GE1_GL2_H2_MA2,0.1465476706211192
PURE_MMPD,none,42,subject30,subject30_L4_MO2_E2_S6_GE1_GL2_H2_MA2,0.0892088803376356
PURE_MMPD,none,42,subject30,subject30_L4_MO3_E2_S6_GE1_GL2_H2_MA2,0.300941757256536
PURE_MMPD,none,42,subject30,subject30_L4_MO4_E2_S6_GE1_GL2_H2_MA2,0.1320634529382219
PURE_MMPD,none,42,subject31,subject31_L1_MO1_E1_S5_GE1_GL2_H2_MA2,0.0635524025642076
PURE_MMPD,none,42,subject31,subject31_L1_MO1_E2_S5_GE1_GL2_H2_MA2,0.0894707059624719
PURE_MMPD,none,42,subject31,subject31_L1_MO2_E2_S5_GE1_GL2_H2_MA2,0.1213868887466223
PURE_MMPD,none,42,subject31,subject31_L1_MO3_E2_S5_GE1_GL2_H2_MA2,0.1184211012729987
PURE_MMPD,none,42,subject31,subject31_L1_MO4_E2_S5_GE1_GL2_H2_MA2,0.1191068831556659
PURE_MMPD,none,42,subject31,subject31_L2_MO1_E1_S5_GE1_GL2_H2_MA2,0.1034927871788336
PURE_MMPD,none,42,subject31,subject31_L2_MO1_E2_S5_GE1_GL2_H2_MA2,0.1336620293570669
PURE_MMPD,none,42,subject31,subject31_L2_MO2_E2_S5_GE1_GL2_H2_MA2,0.0985482155365934
PURE_MMPD,none,42,subject31,subject31_L2_MO3_E2_S5_GE1_GL2_H2_MA2,0.2370779232994919
PURE_MMPD,none,42,subject31,subject31_L2_MO4_E2_S5_GE1_GL2_H2_MA2,0.1650186962859776
PURE_MMPD,none,42,subject31,subject31_L3_MO1_E1_S5_GE1_GL2_H2_MA2,0.1195747771066606
PURE_MMPD,none,42,subject31,subject31_L3_MO1_E2_S5_GE1_GL2_H2_MA2,0.1108483116181409
PURE_MMPD,none,42,subject31,subject31_L3_MO2_E2_S5_GE1_GL2_H2_MA2,0.1145365139858192
PURE_MMPD,none,42,subject31,subject31_L3_MO3_E2_S5_GE1_GL2_H2_MA2,0.1642979426434409
PURE_MMPD,none,42,subject31,subject31_L3_MO4_E2_S5_GE1_GL2_H2_MA2,0.1648089175091624
PURE_MMPD,none,42,subject31,subject31_L4_MO1_E1_S5_GE1_GL2_H2_MA2,0.0830250822856066
PURE_MMPD,none,42,subject31,subject31_L4_MO1_E2_S5_GE1_GL2_H2_MA2,0.1387432059638738
PURE_MMPD,none,42,subject31,subject31_L4_MO2_E2_S5_GE1_GL2_H2_MA2,0.1573460226524369
PURE_MMPD,none,42,subject31,subject31_L4_MO3_E2_S5_GE1_GL2_H2_MA2,0.091064629988005
PURE_MMPD,none,42,subject31,subject31_L4_MO4_E2_S5_GE1_GL2_H2_MA2,0.151527374604242
PURE_MMPD,none,42,subject32,subject32_L1_MO1_E1_S3_GE2_GL2_H2_MA2,0.5344492073231317
PURE_MMPD,none,42,subject32,subject32_L1_MO1_E2_S3_GE2_GL2_H2_MA2,0.3353837108219814
PURE_MMPD,none,42,subject32,subject32_L1_MO2_E2_S3_GE2_GL2_H2_MA2,0.624748027801268
PURE_MMPD,none,42,subject32,subject32_L1_MO3_E2_S3_GE2_GL2_H2_MA2,0.3857385020298873
PURE_MMPD,none,42,subject32,subject32_L1_MO4_E2_S3_GE2_GL2_H2_MA2,0.2075072471674459
PURE_MMPD,none,42,subject32,subject32_L2_MO1_E1_S3_GE2_GL2_H2_MA2,0.6729939948951797
PURE_MMPD,none,42,subject32,subject32_L2_MO1_E2_S3_GE2_GL2_H2_MA2,0.6732835020271993
PURE_MMPD,none,42,subject32,subject32_L2_MO2_E2_S3_GE2_GL2_H2_MA2,0.6274435462093517
PURE_MMPD,none,42,subject32,subject32_L2_MO3_E2_S3_GE2_GL2_H2_MA2,0.6350203814667326
PURE_MMPD,none,42,subject32,subject32_L2_MO4_E2_S3_GE2_GL2_H2_MA2,0.2648748767992058
PURE_MMPD,none,42,subject32,subject32_L3_MO1_E1_S3_GE2_GL2_H2_MA2,0.4965604100394741
PURE_MMPD,none,42,subject32,subject32_L3_MO1_E2_S3_GE2_GL2_H2_MA2,0.6273704934116566
PURE_MMPD,none,42,subject32,subject32_L3_MO2_E2_S3_GE2_GL2_H2_MA2,0.7106754946346975
PURE_MMPD,none,42,subject32,subject32_L3_MO3_E2_S3_GE2_GL2_H2_MA2,0.4433565645788581
PURE_MMPD,none,42,subject32,subject32_L3_MO4_E2_S3_GE2_GL2_H2_MA2,0.1702432466646645
PURE_MMPD,none,42,subject32,subject32_L4_MO1_E1_S3_GE2_GL2_H2_MA2,0.3355492613583176
PURE_MMPD,none,42,subject32,subject32_L4_MO1_E2_S3_GE2_GL2_H2_MA2,0.1899408669156501
PURE_MMPD,none,42,subject32,subject32_L4_MO2_E2_S3_GE2_GL2_H2_MA2,0.1774916419139952
PURE_MMPD,none,42,subject32,subject32_L4_MO3_E2_S3_GE2_GL2_H2_MA2,0.21204263954371
PURE_MMPD,none,42,subject32,subject32_L4_MO4_E2_S3_GE2_GL2_H2_MA2,0.1617703018213986
PURE_MMPD,none,42,subject33,subject33_L1_MO1_E1_S3_GE2_GL2_H2_MA2,0.0792886410383096
PURE_MMPD,none,42,subject33,subject33_L1_MO1_E2_S3_GE2_GL2_H2_MA2,0.1573148022160489
PURE_MMPD,none,42,subject33,subject33_L1_MO2_E2_S3_GE2_GL2_H2_MA2,0.2183926725063887
PURE_MMPD,none,42,subject33,subject33_L1_MO3_E2_S3_GE2_GL2_H2_MA2,0.3048371930878308
PURE_MMPD,none,42,subject33,subject33_L1_MO4_E2_S3_GE2_GL2_H2_MA2,0.1544124535488527
PURE_MMPD,none,42,subject33,subject33_L2_MO1_E1_S3_GE2_GL2_H2_MA2,0.3174869783406195
PURE_MMPD,none,42,subject33,subject33_L2_MO1_E2_S3_GE2_GL2_H2_MA2,0.2327507053551011
PURE_MMPD,none,42,subject33,subject33_L2_MO2_E2_S3_GE2_GL2_H2_MA2,0.3161397220241976
PURE_MMPD,none,42,subject33,subject33_L2_MO3_E2_S3_GE2_GL2_H2_MA2,0.4536723088321284
PURE_MMPD,none,42,subject33,subject33_L2_MO4_E2_S3_GE2_GL2_H2_MA2,0.1693469508105788
PURE_MMPD,none,42,subject33,subject33_L3_MO1_E1_S3_GE2_GL2_H2_MA2,0.2246580547480895
PURE_MMPD,none,42,subject33,subject33_L3_MO1_E2_S3_GE2_GL2_H2_MA2,0.2839865060198266
PURE_MMPD,none,42,subject33,subject33_L3_MO2_E2_S3_GE2_GL2_H2_MA2,0.2951762945583578
PURE_MMPD,none,42,subject33,subject33_L3_MO3_E2_S3_GE2_GL2_H2_MA2,0.4564960476925826
PURE_MMPD,none,42,subject33,subject33_L3_MO4_E2_S3_GE2_GL2_H2_MA2,0.1392503393182749
PURE_MMPD,none,42,subject33,subject33_L4_MO1_E1_S3_GE2_GL2_H2_MA2,0.1383410849987378
PURE_MMPD,none,42,subject33,subject33_L4_MO1_E2_S3_GE2_GL2_H2_MA2,0.1655312133334409
PURE_MMPD,none,42,subject33,subject33_L4_MO2_E2_S3_GE2_GL2_H2_MA2,0.2104827272482193
PURE_MMPD,none,42,subject33,subject33_L4_MO3_E2_S3_GE2_GL2_H2_MA2,0.3002891585454835
PURE_MMPD,none,42,subject33,subject33_L4_MO4_E2_S3_GE2_GL2_H2_MA2,0.2086896918093765
PURE_MMPD,none,42,subject3,subject3_L1_MO1_E1_S3_GE1_GL2_H1_MA2,0.1346692747203641
PURE_MMPD,none,42,subject3,subject3_L1_MO1_E2_S3_GE1_GL2_H1_MA2,0.1152628938011729
PURE_MMPD,none,42,subject3,subject3_L1_MO2_E2_S3_GE1_GL2_H1_MA2,0.2509505425855263
PURE_MMPD,none,42,subject3,subject3_L1_MO3_E2_S3_GE1_GL2_H1_MA2,0.1518158927897407
PURE_MMPD,none,42,subject3,subject3_L1_MO4_E2_S3_GE1_GL2_H1_MA2,0.1546424205824473
PURE_MMPD,none,42,subject3,subject3_L2_MO1_E1_S3_GE1_GL2_H1_MA2,0.2323311541333841
PURE_MMPD,none,42,subject3,subject3_L2_MO1_E2_S3_GE1_GL2_H1_MA2,0.1202693629503897
PURE_MMPD,none,42,subject3,subject3_L2_MO2_E2_S3_GE1_GL2_H1_MA2,0.1989915021378613
PURE_MMPD,none,42,subject3,subject3_L2_MO3_E2_S3_GE1_GL2_H1_MA2,0.154081412350844
PURE_MMPD,none,42,subject3,subject3_L2_MO4_E2_S3_GE1_GL2_H1_MA2,0.1460328070367594
PURE_MMPD,none,42,subject3,subject3_L3_MO1_E1_S3_GE1_GL2_H1_MA2,0.1270373063870257
PURE_MMPD,none,42,subject3,subject3_L3_MO1_E2_S3_GE1_GL2_H1_MA2,0.1331536725364642
PURE_MMPD,none,42,subject3,subject3_L3_MO2_E2_S3_GE1_GL2_H1_MA2,0.1530577173210498
PURE_MMPD,none,42,subject3,subject3_L3_MO3_E2_S3_GE1_GL2_H1_MA2,0.235952011476292
PURE_MMPD,none,42,subject3,subject3_L3_MO4_E2_S3_GE1_GL2_H1_MA2,0.1567451494244742
PURE_MMPD,none,42,subject3,subject3_L4_MO1_E1_S3_GE1_GL2_H1_MA2,0.1237132702711181
PURE_MMPD,none,42,subject3,subject3_L4_MO1_E2_S3_GE1_GL2_H1_MA2,0.1552176931233632
PURE_MMPD,none,42,subject3,subject3_L4_MO2_E2_S3_GE1_GL2_H1_MA2,0.1282815984484082
PURE_MMPD,none,42,subject3,subject3_L4_MO3_E2_S3_GE1_GL2_H1_MA2,0.1611869422285766
PURE_MMPD,none,42,subject3,subject3_L4_MO4_E2_S3_GE1_GL2_H1_MA2,0.1300619502627555
PURE_MMPD,none,42,subject4,subject4_L1_MO1_E1_S3_GE1_GL2_H1_MA2,0.252290678790831
PURE_MMPD,none,42,subject4,subject4_L1_MO1_E2_S3_GE1_GL2_H1_MA2,0.230219280231261
PURE_MMPD,none,42,subject4,subject4_L1_MO2_E2_S3_GE1_GL2_H1_MA2,0.1259246921079295
PURE_MMPD,none,42,subject4,subject4_L1_MO3_E2_S3_GE1_GL2_H1_MA2,0.1866660023329246
PURE_MMPD,none,42,subject4,subject4_L1_MO4_E2_S3_GE1_GL2_H1_MA2,0.1168494241754345
PURE_MMPD,none,42,subject4,subject4_L2_MO1_E1_S3_GE1_GL2_H1_MA2,0.1905668049845801
PURE_MMPD,none,42,subject4,subject4_L2_MO1_E2_S3_GE1_GL2_H1_MA2,0.327263568537084
PURE_MMPD,none,42,subject4,subject4_L2_MO2_E2_S3_GE1_GL2_H1_MA2,0.1635464669305211
PURE_MMPD,none,42,subject4,subject4_L2_MO3_E2_S3_GE1_GL2_H1_MA2,0.1832952841995901
PURE_MMPD,none,42,subject4,subject4_L2_MO4_E2_S3_GE1_GL2_H1_MA2,0.1621712336435868
PURE_MMPD,none,42,subject4,subject4_L3_MO1_E1_S3_GE1_GL2_H1_MA2,0.3894243179276995
PURE_MMPD,none,42,subject4,subject4_L3_MO1_E2_S3_GE1_GL2_H1_MA2,0.3112170170455425
PURE_MMPD,none,42,subject4,subject4_L3_MO2_E2_S3_GE1_GL2_H1_MA2,0.1619975975845261
PURE_MMPD,none,42,subject4,subject4_L3_MO3_E2_S3_GE1_GL2_H1_MA2,0.2841064611789636
PURE_MMPD,none,42,subject4,subject4_L3_MO4_E2_S3_GE1_GL2_H1_MA2,0.1244366937952184
PURE_MMPD,none,42,subject4,subject4_L4_MO1_E1_S3_GE1_GL2_H1_MA2,0.171733891964035
PURE_MMPD,none,42,subject4,subject4_L4_MO1_E2_S3_GE1_GL2_H1_MA2,0.2320959234062136
PURE_MMPD,none,42,subject4,subject4_L4_MO2_E2_S3_GE1_GL2_H1_MA2,0.0991297861012831
PURE_MMPD,none,42,subject4,subject4_L4_MO3_E2_S3_GE1_GL2_H1_MA2,0.199283251127623
PURE_MMPD,none,42,subject4,subject4_L4_MO4_E2_S3_GE1_GL2_H1_MA2,0.1567467559594508
PURE_MMPD,none,42,subject5,subject5_L1_MO1_E1_S3_GE2_GL1_H1_MA1,0.1369485880286294
PURE_MMPD,none,42,subject5,subject5_L1_MO1_E2_S3_GE2_GL1_H1_MA1,0.1701214859545162
PURE_MMPD,none,42,subject5,subject5_L1_MO2_E2_S3_GE2_GL1_H1_MA1,0.3067171094904492
PURE_MMPD,none,42,subject5,subject5_L1_MO3_E2_S3_GE2_GL1_H1_MA1,0.3293671387563322
PURE_MMPD,none,42,subject5,subject5_L1_MO4_E2_S3_GE2_GL1_H1_MA1,0.1270660402155429
PURE_MMPD,none,42,subject5,subject5_L2_MO1_E1_S3_GE2_GL1_H1_MA1,0.2586648844187016
PURE_MMPD,none,42,subject5,subject5_L2_MO1_E2_S3_GE2_GL1_H1_MA1,0.289874031681062
PURE_MMPD,none,42,subject5,subject5_L2_MO2_E2_S3_GE2_GL1_H1_MA1,0.2893679680989843
PURE_MMPD,none,42,subject5,subject5_L2_MO3_E2_S3_GE2_GL1_H1_MA1,0.2685836953136477
PURE_MMPD,none,42,subject5,subject5_L2_MO4_E2_S3_GE2_GL1_H1_MA1,0.1746928283493609
PURE_MMPD,none,42,subject5,subject5_L3_MO1_E1_S3_GE2_GL1_H1_MA1,0.1640196920877812
PURE_MMPD,none,42,subject5,subject5_L3_MO1_E2_S3_GE2_GL1_H1_MA1,0.1615286158007191
PURE_MMPD,none,42,subject5,subject5_L3_MO2_E2_S3_GE2_GL1_H1_MA1,0.1919090857039745
PURE_MMPD,none,42,subject5,subject5_L3_MO3_E2_S3_GE2_GL1_H1_MA1,0.1944260306208917
PURE_MMPD,none,42,subject5,subject5_L3_MO4_E2_S3_GE2_GL1_H1_MA1,0.1352739664241729
PURE_MMPD,none,42,subject5,subject5_L4_MO1_E1_S3_GE2_GL1_H1_MA1,0.234534772492474
PURE_MMPD,none,42,subject5,subject5_L4_MO1_E2_S3_GE2_GL1_H1_MA1,0.1989929874420323
PURE_MMPD,none,42,subject5,subject5_L4_MO2_E2_S3_GE2_GL1_H1_MA1,0.2864428966225732
PURE_MMPD,none,42,subject5,subject5_L4_MO3_E2_S3_GE2_GL1_H1_MA1,0.3581105508009924
PURE_MMPD,none,42,subject5,subject5_L4_MO4_E2_S3_GE2_GL1_H1_MA1,0.2018707638480718
PURE_MMPD,none,42,subject6,subject6_L1_MO1_E1_S3_GE1_GL2_H2_MA2,0.3491808669357771
PURE_MMPD,none,42,subject6,subject6_L1_MO1_E2_S3_GE1_GL2_H2_MA2,0.398143670621844
PURE_MMPD,none,42,subject6,subject6_L1_MO2_E2_S3_GE1_GL2_H2_MA2,0.4321371883877984
PURE_MMPD,none,42,subject6,subject6_L1_MO3_E2_S3_GE1_GL2_H2_MA2,0.4164713489808483
PURE_MMPD,none,42,subject6,subject6_L1_MO4_E2_S3_GE1_GL2_H2_MA2,0.1493329122063805
PURE_MMPD,none,42,subject6,subject6_L2_MO1_E1_S3_GE1_GL2_H2_MA2,0.1029482417214252
PURE_MMPD,none,42,subject6,subject6_L2_MO1_E2_S3_GE1_GL2_H2_MA2,0.1617651881776561
PURE_MMPD,none,42,subject6,subject6_L2_MO2_E2_S3_GE1_GL2_H2_MA2,0.341000392311881
PURE_MMPD,none,42,subject6,subject6_L2_MO3_E2_S3_GE1_GL2_H2_MA2,0.2853552346692276
PURE_MMPD,none,42,subject6,subject6_L2_MO4_E2_S3_GE1_GL2_H2_MA2,0.1436642918855439
PURE_MMPD,none,42,subject6,subject6_L3_MO1_E1_S3_GE1_GL2_H2_MA2,0.0859571513069866
PURE_MMPD,none,42,subject6,subject6_L3_MO1_E2_S3_GE1_GL2_H2_MA2,0.3825688005010463
PURE_MMPD,none,42,subject6,subject6_L3_MO2_E2_S3_GE1_GL2_H2_MA2,0.5350738243622063
PURE_MMPD,none,42,subject6,subject6_L3_MO3_E2_S3_GE1_GL2_H2_MA2,0.5747751057320742
PURE_MMPD,none,42,subject6,subject6_L3_MO4_E2_S3_GE1_GL2_H2_MA2,0.1418905253393403
PURE_MMPD,none,42,subject6,subject6_L4_MO1_E1_S3_GE1_GL2_H2_MA2,0.2194744131431083
PURE_MMPD,none,42,subject6,subject6_L4_MO1_E2_S3_GE1_GL2_H2_MA2,0.3157895490522343
PURE_MMPD,none,42,subject6,subject6_L4_MO2_E2_S3_GE1_GL2_H2_MA2,0.262253744675441
PURE_MMPD,none,42,subject6,subject6_L4_MO3_E2_S3_GE1_GL2_H2_MA2,0.3426856558301185
PURE_MMPD,none,42,subject6,subject6_L4_MO4_E2_S3_GE1_GL2_H2_MA2,0.1228401420563489
PURE_MMPD,none,42,subject7,subject7_L1_MO1_E1_S5_GE1_GL1_H2_MA2,0.1148955099714785
PURE_MMPD,none,42,subject7,subject7_L1_MO1_E2_S5_GE1_GL1_H2_MA2,0.1465904633105728
PURE_MMPD,none,42,subject7,subject7_L1_MO2_E2_S5_GE1_GL1_H2_MA2,0.1214139847937398
PURE_MMPD,none,42,subject7,subject7_L2_MO1_E1_S5_GE1_GL1_H2_MA2,0.1061619493319991
PURE_MMPD,none,42,subject7,subject7_L3_MO1_E1_S5_GE1_GL1_H2_MA2,0.1912035428235034
PURE_MMPD,none,42,subject7,subject7_L3_MO3_E2_S5_GE1_GL1_H2_MA2,0.1506336104476495
PURE_MMPD,none,42,subject7,subject7_L3_MO4_E2_S5_GE1_GL1_H2_MA2,0.1245543291890749
PURE_MMPD,none,42,subject7,subject7_L4_MO1_E1_S5_GE1_GL1_H2_MA2,0.0825313051206496
PURE_MMPD,none,42,subject7,subject7_L4_MO1_E2_S5_GE1_GL1_H2_MA2,0.2709983554873479
PURE_MMPD,none,42,subject7,subject7_L4_MO2_E2_S5_GE1_GL1_H2_MA2,0.1189565782672143
PURE_MMPD,none,42,subject7,subject7_L4_MO3_E2_S5_GE1_GL1_H2_MA2,0.0965524072991201
PURE_MMPD,none,42,subject7,subject7_L4_MO4_E2_S5_GE1_GL1_H2_MA2,0.1312805408450836
PURE_MMPD,none,100,subject10,subject10_L1_MO1_E1_S4_GE2_GL2_H2_MA2,0.2405067514891351
PURE_MMPD,none,100,subject10,subject10_L1_MO1_E2_S4_GE2_GL2_H2_MA2,0.277917564209343
PURE_MMPD,none,100,subject10,subject10_L1_MO2_E2_S4_GE2_GL2_H2_MA2,0.1446968586468875
PURE_MMPD,none,100,subject10,subject10_L1_MO3_E2_S4_GE2_GL2_H2_MA2,0.1404499045218642
PURE_MMPD,none,100,subject10,subject10_L1_MO4_E2_S4_GE2_GL2_H2_MA2,0.2244164694754555
PURE_MMPD,none,100,subject10,subject10_L2_MO1_E1_S4_GE2_GL2_H2_MA2,0.1519151625759496
PURE_MMPD,none,100,subject10,subject10_L2_MO1_E2_S4_GE2_GL2_H2_MA2,0.267788484302016
PURE_MMPD,none,100,subject10,subject10_L2_MO2_E2_S4_GE2_GL2_H2_MA2,0.1054985074046965
PURE_MMPD,none,100,subject10,subject10_L2_MO3_E2_S4_GE2_GL2_H2_MA2,0.1884140150232058
PURE_MMPD,none,100,subject10,subject10_L2_MO4_E2_S4_GE2_GL2_H2_MA2,0.1123742658186308
PURE_MMPD,none,100,subject10,subject10_L3_MO1_E1_S4_GE2_GL2_H2_MA2,0.138007918636992
PURE_MMPD,none,100,subject10,subject10_L3_MO1_E2_S4_GE2_GL2_H2_MA2,0.3216291332539467
PURE_MMPD,none,100,subject10,subject10_L3_MO2_E2_S4_GE2_GL2_H2_MA2,0.1442029677740157
PURE_MMPD,none,100,subject10,subject10_L3_MO3_E2_S4_GE2_GL2_H2_MA2,0.1979215224597566
PURE_MMPD,none,100,subject10,subject10_L3_MO4_E2_S4_GE2_GL2_H2_MA2,0.1277176908775333
PURE_MMPD,none,100,subject10,subject10_L4_MO1_E1_S4_GE2_GL2_H2_MA2,0.1333310576967606
PURE_MMPD,none,100,subject10,subject10_L4_MO1_E2_S4_GE2_GL2_H2_MA2,0.0653220370821716
PURE_MMPD,none,100,subject10,subject10_L4_MO2_E2_S4_GE2_GL2_H2_MA2,0.1803076201817314
PURE_MMPD,none,100,subject10,subject10_L4_MO3_E2_S4_GE2_GL2_H2_MA2,0.1178287042214198
PURE_MMPD,none,100,subject10,subject10_L4_MO4_E2_S4_GE2_GL2_H2_MA2,0.1286387821740904
PURE_MMPD,none,100,subject11,subject11_L1_MO1_E1_S5_GE1_GL2_H2_MA2,0.1405846447195212
PURE_MMPD,none,100,subject11,subject11_L1_MO1_E2_S5_GE1_GL2_H2_MA2,0.2322625121497978
PURE_MMPD,none,100,subject11,subject11_L1_MO2_E2_S5_GE1_GL2_H2_MA2,0.1683171355604761
PURE_MMPD,none,100,subject11,subject11_L1_MO3_E2_S5_GE1_GL2_H2_MA2,0.1772386097664204
PURE_MMPD,none,100,subject11,subject11_L1_MO4_E2_S5_GE1_GL2_H2_MA2,0.1515404261878667
PURE_MMPD,none,100,subject11,subject11_L2_MO1_E1_S5_GE1_GL2_H2_MA2,0.1785162061067652
PURE_MMPD,none,100,subject11,subject11_L2_MO1_E2_S5_GE1_GL2_H2_MA2,0.2345274904387792
PURE_MMPD,none,100,subject11,subject11_L2_MO2_E2_S5_GE1_GL2_H2_MA2,0.1716212723517125
PURE_MMPD,none,100,subject11,subject11_L2_MO3_E2_S5_GE1_GL2_H2_MA2,0.1728425806313815
PURE_MMPD,none,100,subject11,subject11_L2_MO4_E2_S5_GE1_GL2_H2_MA2,0.1277022444584619
PURE_MMPD,none,100,subject11,subject11_L3_MO1_E1_S5_GE1_GL2_H2_MA2,0.1817257537229739
PURE_MMPD,none,100,subject11,subject11_L3_MO1_E2_S5_GE1_GL2_H2_MA2,0.2761172738496124
PURE_MMPD,none,100,subject11,subject11_L3_MO2_E2_S5_GE1_GL2_H2_MA2,0.137164230113417
PURE_MMPD,none,100,subject11,subject11_L3_MO3_E2_S5_GE1_GL2_H2_MA2,0.1484222751484513
PURE_MMPD,none,100,subject11,subject11_L3_MO4_E2_S5_GE1_GL2_H2_MA2,0.1507854694028837
PURE_MMPD,none,100,subject11,subject11_L4_MO1_E1_S5_GE1_GL2_H2_MA2,0.1106472734527608
PURE_MMPD,none,100,subject11,subject11_L4_MO1_E2_S5_GE1_GL2_H2_MA2,0.1802952437206373
PURE_MMPD,none,100,subject11,subject11_L4_MO2_E2_S5_GE1_GL2_H2_MA2,0.2009180814305229
PURE_MMPD,none,100,subject11,subject11_L4_MO3_E2_S5_GE1_GL2_H2_MA2,0.1305992877027698
PURE_MMPD,none,100,subject11,subject11_L4_MO4_E2_S5_GE1_GL2_H2_MA2,0.1241764836408905
PURE_MMPD,none,100,subject12,subject12_L1_MO1_E1_S3_GE2_GL1_H2_MA2,0.1445323412422517
PURE_MMPD,none,100,subject12,subject12_L1_MO1_E2_S3_GE2_GL1_H2_MA2,0.1553205583591521
PURE_MMPD,none,100,subject12,subject12_L1_MO2_E2_S3_GE2_GL1_H2_MA2,0.1534541014319383
PURE_MMPD,none,100,subject12,subject12_L1_MO3_E2_S3_GE2_GL1_H2_MA2,0.1223918368780904
PURE_MMPD,none,100,subject12,subject12_L1_MO4_E2_S3_GE2_GL1_H2_MA2,0.120771490409
PURE_MMPD,none,100,subject12,subject12_L2_MO1_E1_S3_GE2_GL1_H2_MA2,0.1859425231193167
PURE_MMPD,none,100,subject12,subject12_L2_MO1_E2_S3_GE2_GL1_H2_MA2,0.2954470505090755
PURE_MMPD,none,100,subject12,subject12_L2_MO2_E2_S3_GE2_GL1_H2_MA2,0.2362451830732187
PURE_MMPD,none,100,subject12,subject12_L2_MO3_E2_S3_GE2_GL1_H2_MA2,0.2472045899377042
PURE_MMPD,none,100,subject12,subject12_L2_MO4_E2_S3_GE2_GL1_H2_MA2,0.1801072533312974
PURE_MMPD,none,100,subject12,subject12_L3_MO1_E1_S3_GE2_GL1_H2_MA2,0.3689834249331172
PURE_MMPD,none,100,subject12,subject12_L3_MO1_E2_S3_GE2_GL1_H2_MA2,0.346057886720765
PURE_MMPD,none,100,subject12,subject12_L3_MO2_E2_S3_GE2_GL1_H2_MA2,0.2398865285834195
PURE_MMPD,none,100,subject12,subject12_L3_MO3_E2_S3_GE2_GL1_H2_MA2,0.4182819095083148
PURE_MMPD,none,100,subject12,subject12_L3_MO4_E2_S3_GE2_GL1_H2_MA2,0.1289614515452666
PURE_MMPD,none,100,subject12,subject12_L4_MO1_E1_S3_GE2_GL1_H2_MA2,0.2000248037561404
PURE_MMPD,none,100,subject12,subject12_L4_MO1_E2_S3_GE2_GL1_H2_MA2,0.3288900649297171
PURE_MMPD,none,100,subject12,subject12_L4_MO2_E2_S3_GE2_GL1_H2_MA2,0.1811491477063077
PURE_MMPD,none,100,subject12,subject12_L4_MO3_E2_S3_GE2_GL1_H2_MA2,0.2808546185196464
PURE_MMPD,none,100,subject12,subject12_L4_MO4_E2_S3_GE2_GL1_H2_MA2,0.1444367264321793
PURE_MMPD,none,100,subject13,subject13_L1_MO1_E1_S5_GE1_GL2_H2_MA2,0.0797513259126298
PURE_MMPD,none,100,subject13,subject13_L1_MO1_E2_S5_GE1_GL2_H2_MA2,0.152700664935961
PURE_MMPD,none,100,subject13,subject13_L1_MO2_E2_S5_GE1_GL2_H2_MA2,0.1433334376357138
PURE_MMPD,none,100,subject13,subject13_L1_MO3_E2_S5_GE1_GL2_H2_MA2,0.1653422476360233
PURE_MMPD,none,100,subject13,subject13_L1_MO4_E2_S5_GE1_GL2_H2_MA2,0.1149500629568429
PURE_MMPD,none,100,subject13,subject13_L2_MO1_E1_S5_GE1_GL2_H2_MA2,0.0609425416590423
PURE_MMPD,none,100,subject13,subject13_L2_MO1_E2_S5_GE1_GL2_H2_MA2,0.4268335315420328
PURE_MMPD,none,100,subject13,subject13_L2_MO2_E2_S5_GE1_GL2_H2_MA2,0.1872443559139217
PURE_MMPD,none,100,subject13,subject13_L2_MO3_E2_S5_GE1_GL2_H2_MA2,0.2530772012362393
PURE_MMPD,none,100,subject13,subject13_L2_MO4_E2_S5_GE1_GL2_H2_MA2,0.1770833612494089
PURE_MMPD,none,100,subject13,subject13_L3_MO1_E1_S5_GE1_GL2_H2_MA2,0.1282298906928527
PURE_MMPD,none,100,subject13,subject13_L3_MO1_E2_S5_GE1_GL2_H2_MA2,0.298440107128798
PURE_MMPD,none,100,subject13,subject13_L3_MO2_E2_S5_GE1_GL2_H2_MA2,0.1519501360823905
PURE_MMPD,none,100,subject13,subject13_L3_MO3_E2_S5_GE1_GL2_H2_MA2,0.3368368795982358
PURE_MMPD,none,100,subject13,subject13_L3_MO4_E2_S5_GE1_GL2_H2_MA2,0.1112762654585449
PURE_MMPD,none,100,subject13,subject13_L4_MO1_E1_S5_GE1_GL2_H2_MA2,0.1515833511845329
PURE_MMPD,none,100,subject13,subject13_L4_MO1_E2_S5_GE1_GL2_H2_MA2,0.3461358487537543
PURE_MMPD,none,100,subject13,subject13_L4_MO2_E2_S5_GE1_GL2_H2_MA2,0.1151527079701579
PURE_MMPD,none,100,subject13,subject13_L4_MO3_E2_S5_GE1_GL2_H2_MA2,0.2667661935046659
PURE_MMPD,none,100,subject13,subject13_L4_MO4_E2_S5_GE1_GL2_H2_MA2,0.1167073457767423
PURE_MMPD,none,100,subject14,subject14_L1_MO1_E1_S6_GE1_GL2_H2_MA2,0.0955703345314277
PURE_MMPD,none,100,subject14,subject14_L1_MO1_E2_S6_GE1_GL2_H2_MA2,0.1290823306074427
PURE_MMPD,none,100,subject14,subject14_L1_MO2_E2_S6_GE1_GL2_H2_MA2,0.1263678791640071
PURE_MMPD,none,100,subject14,subject14_L1_MO3_E2_S6_GE1_GL2_H2_MA2,0.1911439843719357
PURE_MMPD,none,100,subject14,subject14_L1_MO4_E2_S6_GE1_GL2_H2_MA2,0.1587830660226821
PURE_MMPD,none,100,subject14,subject14_L2_MO1_E1_S6_GE1_GL2_H2_MA2,0.0516996296824346
PURE_MMPD,none,100,subject14,subject14_L2_MO1_E2_S6_GE1_GL2_H2_MA2,0.13735518135728
PURE_MMPD,none,100,subject14,subject14_L2_MO2_E2_S6_GE1_GL2_H2_MA2,0.117191090434881
PURE_MMPD,none,100,subject14,subject14_L2_MO3_E2_S6_GE1_GL2_H2_MA2,0.1442041212537665
PURE_MMPD,none,100,subject14,subject14_L2_MO4_E2_S6_GE1_GL2_H2_MA2,0.2091684686759816
PURE_MMPD,none,100,subject14,subject14_L3_MO1_E1_S6_GE1_GL2_H2_MA2,0.072117374407188
PURE_MMPD,none,100,subject14,subject14_L3_MO1_E2_S6_GE1_GL2_H2_MA2,0.2018874343095041
PURE_MMPD,none,100,subject14,subject14_L3_MO2_E2_S6_GE1_GL2_H2_MA2,0.1437723170655425
PURE_MMPD,none,100,subject14,subject14_L3_MO3_E2_S6_GE1_GL2_H2_MA2,0.1207773332892771
PURE_MMPD,none,100,subject14,subject14_L3_MO4_E2_S6_GE1_GL2_H2_MA2,0.154560233589995
PURE_MMPD,none,100,subject14,subject14_L4_MO1_E1_S6_GE1_GL2_H2_MA2,0.0590645985499639
PURE_MMPD,none,100,subject14,subject14_L4_MO1_E2_S6_GE1_GL2_H2_MA2,0.0805983116629158
PURE_MMPD,none,100,subject14,subject14_L4_MO2_E2_S6_GE1_GL2_H2_MA2,0.0837191285021528
PURE_MMPD,none,100,subject14,subject14_L4_MO3_E2_S6_GE1_GL2_H2_MA2,0.1344319451710893
PURE_MMPD,none,100,subject14,subject14_L4_MO4_E2_S6_GE1_GL2_H2_MA2,0.3325500034328852
PURE_MMPD,none,100,subject15,subject15_L1_MO1_E1_S6_GE2_GL2_H2_MA2,0.0822430755671861
PURE_MMPD,none,100,subject15,subject15_L1_MO1_E2_S6_GE2_GL2_H2_MA2,0.1013145716588878
PURE_MMPD,none,100,subject15,subject15_L1_MO2_E2_S6_GE2_GL2_H2_MA2,0.114678279533636
PURE_MMPD,none,100,subject15,subject15_L1_MO3_E2_S6_GE2_GL2_H2_MA2,0.0963066407339497
PURE_MMPD,none,100,subject15,subject15_L1_MO4_E2_S6_GE2_GL2_H2_MA2,0.1251246860548084
PURE_MMPD,none,100,subject15,subject15_L2_MO1_E1_S6_GE2_GL2_H2_MA2,0.1363506053430712
PURE_MMPD,none,100,subject15,subject15_L2_MO1_E2_S6_GE2_GL2_H2_MA2,0.1239218770934308
PURE_MMPD,none,100,subject15,subject15_L2_MO2_E2_S6_GE2_GL2_H2_MA2,0.1367447923847072
PURE_MMPD,none,100,subject15,subject15_L2_MO3_E2_S6_GE2_GL2_H2_MA2,0.1642153136258301
PURE_MMPD,none,100,subject15,subject15_L2_MO4_E2_S6_GE2_GL2_H2_MA2,0.144657733040946
PURE_MMPD,none,100,subject15,subject15_L3_MO1_E1_S6_GE2_GL2_H2_MA2,0.119790563589883
PURE_MMPD,none,100,subject15,subject15_L3_MO1_E2_S6_GE2_GL2_H2_MA2,0.1423883834903378
PURE_MMPD,none,100,subject15,subject15_L3_MO2_E2_S6_GE2_GL2_H2_MA2,0.1312128906889286
PURE_MMPD,none,100,subject15,subject15_L3_MO3_E2_S6_GE2_GL2_H2_MA2,0.1577109673612375
PURE_MMPD,none,100,subject15,subject15_L3_MO4_E2_S6_GE2_GL2_H2_MA2,0.1491266596002455
PURE_MMPD,none,100,subject15,subject15_L4_MO1_E1_S6_GE2_GL2_H2_MA2,0.2092048803962536
PURE_MMPD,none,100,subject15,subject15_L4_MO1_E2_S6_GE2_GL2_H2_MA2,0.1141852899632701
PURE_MMPD,none,100,subject15,subject15_L4_MO2_E2_S6_GE2_GL2_H2_MA2,0.1103566685164581
PURE_MMPD,none,100,subject15,subject15_L4_MO3_E2_S6_GE2_GL2_H2_MA2,0.1231409025661885
PURE_MMPD,none,100,subject15,subject15_L4_MO4_E2_S6_GE2_GL2_H2_MA2,0.146848282380597
PURE_MMPD,none,100,subject16,subject16_L1_MO1_E1_S6_GE1_GL2_H2_MA2,0.0718499329595263
PURE_MMPD,none,100,subject16,subject16_L1_MO1_E2_S6_GE1_GL2_H2_MA2,0.1164335623912445
PURE_MMPD,none,100,subject16,subject16_L1_MO2_E2_S6_GE1_GL2_H2_MA2,0.1065113705121244
PURE_MMPD,none,100,subject16,subject16_L1_MO3_E2_S6_GE1_GL2_H2_MA2,0.0951606166836671
PURE_MMPD,none,100,subject16,subject16_L1_MO4_E2_S6_GE1_GL2_H2_MA2,0.1251954097449968
PURE_MMPD,none,100,subject16,subject16_L2_MO1_E1_S6_GE1_GL2_H2_MA2,0.2517671094361665
PURE_MMPD,none,100,subject16,subject16_L2_MO1_E2_S6_GE1_GL2_H2_MA2,0.1772593731445506
PURE_MMPD,none,100,subject16,subject16_L2_MO2_E2_S6_GE1_GL2_H2_MA2,0.1454586963142745
PURE_MMPD,none,100,subject16,subject16_L2_MO3_E2_S6_GE1_GL2_H2_MA2,0.182268848947639
PURE_MMPD,none,100,subject16,subject16_L2_MO4_E2_S6_GE1_GL2_H2_MA2,0.1273757680231663
PURE_MMPD,none,100,subject16,subject16_L3_MO1_E1_S6_GE1_GL2_H2_MA2,0.0868946192220686
PURE_MMPD,none,100,subject16,subject16_L3_MO1_E2_S6_GE1_GL2_H2_MA2,0.1645264507832233
PURE_MMPD,none,100,subject16,subject16_L3_MO2_E2_S6_GE1_GL2_H2_MA2,0.1336172981977977
PURE_MMPD,none,100,subject16,subject16_L3_MO3_E2_S6_GE1_GL2_H2_MA2,0.1237380818294558
PURE_MMPD,none,100,subject16,subject16_L3_MO4_E2_S6_GE1_GL2_H2_MA2,0.1048575308727812
PURE_MMPD,none,100,subject16,subject16_L4_MO1_E1_S6_GE1_GL2_H2_MA2,0.0753112079147533
PURE_MMPD,none,100,subject16,subject16_L4_MO1_E2_S6_GE1_GL2_H2_MA2,0.3976469764866689
PURE_MMPD,none,100,subject16,subject16_L4_MO2_E2_S6_GE1_GL2_H2_MA2,0.1823119890484353
PURE_MMPD,none,100,subject16,subject16_L4_MO3_E2_S6_GE1_GL2_H2_MA2,0.2426351027751717
PURE_MMPD,none,100,subject16,subject16_L4_MO4_E2_S6_GE1_GL2_H2_MA2,0.0655663991752015
PURE_MMPD,none,100,subject17,subject17_L1_MO1_E1_S4_GE1_GL2_H2_MA2,0.0985220433994724
PURE_MMPD,none,100,subject17,subject17_L1_MO1_E2_S4_GE1_GL2_H2_MA2,0.1395167817530621
PURE_MMPD,none,100,subject17,subject17_L1_MO2_E2_S4_GE1_GL2_H2_MA2,0.1888493037019764
PURE_MMPD,none,100,subject17,subject17_L1_MO3_E2_S4_GE1_GL2_H2_MA2,0.1548325324001229
PURE_MMPD,none,100,subject17,subject17_L1_MO4_E2_S4_GE1_GL2_H2_MA2,0.1661246947336569
PURE_MMPD,none,100,subject17,subject17_L2_MO1_E1_S4_GE1_GL2_H2_MA2,0.0913175892617911
PURE_MMPD,none,100,subject17,subject17_L2_MO1_E2_S4_GE1_GL2_H2_MA2,0.1615911213644877
PURE_MMPD,none,100,subject17,subject17_L2_MO2_E2_S4_GE1_GL2_H2_MA2,0.2139154739651436
PURE_MMPD,none,100,subject17,subject17_L2_MO3_E2_S4_GE1_GL2_H2_MA2,0.1856462573530688
PURE_MMPD,none,100,subject17,subject17_L2_MO4_E2_S4_GE1_GL2_H2_MA2,0.1316061778537242
PURE_MMPD,none,100,subject17,subject17_L3_MO1_E1_S4_GE1_GL2_H2_MA2,0.1177113971021579
PURE_MMPD,none,100,subject17,subject17_L3_MO1_E2_S4_GE1_GL2_H2_MA2,0.191983954723253
PURE_MMPD,none,100,subject17,subject17_L3_MO2_E2_S4_GE1_GL2_H2_MA2,0.1156590657525603
PURE_MMPD,none,100,subject17,subject17_L3_MO3_E2_S4_GE1_GL2_H2_MA2,0.2064194883787406
PURE_MMPD,none,100,subject17,subject17_L3_MO4_E2_S4_GE1_GL2_H2_MA2,0.1168579450324722
PURE_MMPD,none,100,subject17,subject17_L4_MO1_E1_S4_GE1_GL2_H2_MA2,0.0678509913425853
PURE_MMPD,none,100,subject17,subject17_L4_MO1_E2_S4_GE1_GL2_H2_MA2,0.1139074995400356
PURE_MMPD,none,100,subject17,subject17_L4_MO2_E2_S4_GE1_GL2_H2_MA2,0.1288792069891884
PURE_MMPD,none,100,subject17,subject17_L4_MO3_E2_S4_GE1_GL2_H2_MA2,0.1479226164101829
PURE_MMPD,none,100,subject17,subject17_L4_MO4_E2_S4_GE1_GL2_H2_MA2,0.1278922865603637
PURE_MMPD,none,100,subject18,subject18_L1_MO1_E1_S3_GE2_GL1_H1_MA2,0.2275109108284862
PURE_MMPD,none,100,subject18,subject18_L1_MO1_E2_S3_GE2_GL1_H1_MA2,0.1116113737613658
PURE_MMPD,none,100,subject18,subject18_L1_MO2_E2_S3_GE2_GL1_H1_MA2,0.1264176959878883
PURE_MMPD,none,100,subject18,subject18_L1_MO3_E2_S3_GE2_GL1_H1_MA2,0.1405407523263359
PURE_MMPD,none,100,subject18,subject18_L1_MO4_E2_S3_GE2_GL1_H1_MA2,0.090033348160738
PURE_MMPD,none,100,subject18,subject18_L2_MO1_E1_S3_GE2_GL1_H1_MA2,0.2588989714689264
PURE_MMPD,none,100,subject18,subject18_L2_MO1_E2_S3_GE2_GL1_H1_MA2,0.2884184126845164
PURE_MMPD,none,100,subject18,subject18_L2_MO2_E2_S3_GE2_GL1_H1_MA2,0.210822675576135
PURE_MMPD,none,100,subject18,subject18_L2_MO3_E2_S3_GE2_GL1_H1_MA2,0.2753314228106255
PURE_MMPD,none,100,subject18,subject18_L2_MO4_E2_S3_GE2_GL1_H1_MA2,0.1349592921521302
PURE_MMPD,none,100,subject18,subject18_L3_MO1_E1_S3_GE2_GL1_H1_MA2,0.1639396790003215
PURE_MMPD,none,100,subject18,subject18_L3_MO1_E2_S3_GE2_GL1_H1_MA2,0.3061856271671575
PURE_MMPD,none,100,subject18,subject18_L3_MO2_E2_S3_GE2_GL1_H1_MA2,0.188679043123584
PURE_MMPD,none,100,subject18,subject18_L3_MO3_E2_S3_GE2_GL1_H1_MA2,0.2435434261626914
PURE_MMPD,none,100,subject18,subject18_L3_MO4_E2_S3_GE2_GL1_H1_MA2,0.1319713663793329
PURE_MMPD,none,100,subject18,subject18_L4_MO1_E1_S3_GE2_GL1_H1_MA2,0.1124600812650627
PURE_MMPD,none,100,subject18,subject18_L4_MO1_E2_S3_GE2_GL1_H1_MA2,0.1936192273030467
PURE_MMPD,none,100,subject18,subject18_L4_MO2_E2_S3_GE2_GL1_H1_MA2,0.1587858917706034
PURE_MMPD,none,100,subject18,subject18_L4_MO3_E2_S3_GE2_GL1_H1_MA2,0.2479938371477972
PURE_MMPD,none,100,subject18,subject18_L4_MO4_E2_S3_GE2_GL1_H1_MA2,0.1144689000788939
PURE_MMPD,none,100,subject19,subject19_L1_MO1_E1_S3_GE2_GL2_H1_MA2,0.1893327007406502
PURE_MMPD,none,100,subject19,subject19_L1_MO1_E2_S3_GE2_GL2_H1_MA2,0.2786874039412003
PURE_MMPD,none,100,subject19,subject19_L1_MO2_E2_S3_GE2_GL2_H1_MA2,0.2020024937277488
PURE_MMPD,none,100,subject19,subject19_L1_MO3_E2_S3_GE2_GL2_H1_MA2,0.2121260879706555
PURE_MMPD,none,100,subject19,subject19_L1_MO4_E2_S3_GE2_GL2_H1_MA2,0.0994135305437269
PURE_MMPD,none,100,subject19,subject19_L2_MO1_E1_S3_GE2_GL2_H1_MA2,0.3210000980913253
PURE_MMPD,none,100,subject19,subject19_L2_MO1_E2_S3_GE2_GL2_H1_MA2,0.2318746494989748
PURE_MMPD,none,100,subject19,subject19_L2_MO2_E2_S3_GE2_GL2_H1_MA2,0.2328419014332644
PURE_MMPD,none,100,subject19,subject19_L2_MO3_E2_S3_GE2_GL2_H1_MA2,0.2663982170834471
PURE_MMPD,none,100,subject19,subject19_L2_MO4_E2_S3_GE2_GL2_H1_MA2,0.1534370647560791
PURE_MMPD,none,100,subject19,subject19_L3_MO1_E1_S3_GE2_GL2_H1_MA2,0.3625277794527691
PURE_MMPD,none,100,subject19,subject19_L3_MO1_E2_S3_GE2_GL2_H1_MA2,0.4581511178502244
PURE_MMPD,none,100,subject19,subject19_L3_MO2_E2_S3_GE2_GL2_H1_MA2,0.1614395077148134
PURE_MMPD,none,100,subject19,subject19_L3_MO3_E2_S3_GE2_GL2_H1_MA2,0.1654706134112729
PURE_MMPD,none,100,subject19,subject19_L3_MO4_E2_S3_GE2_GL2_H1_MA2,0.0919182640097121
PURE_MMPD,none,100,subject19,subject19_L4_MO1_E1_S3_GE2_GL2_H1_MA2,0.4741802035160501
PURE_MMPD,none,100,subject19,subject19_L4_MO1_E2_S3_GE2_GL2_H1_MA2,0.2377011336835149
PURE_MMPD,none,100,subject19,subject19_L4_MO2_E2_S3_GE2_GL2_H1_MA2,0.1839115837890221
PURE_MMPD,none,100,subject19,subject19_L4_MO3_E2_S3_GE2_GL2_H1_MA2,0.1401146971233888
PURE_MMPD,none,100,subject19,subject19_L4_MO4_E2_S3_GE2_GL2_H1_MA2,0.1531842032913559
PURE_MMPD,none,100,subject1,subject1_L1_MO1_E1_S4_GE1_GL1_H2_MA2,0.1212400919325883
PURE_MMPD,none,100,subject1,subject1_L1_MO1_E2_S4_GE1_GL1_H2_MA2,0.0954464231929833
PURE_MMPD,none,100,subject1,subject1_L1_MO2_E2_S4_GE1_GL1_H2_MA2,0.0956332664385027
PURE_MMPD,none,100,subject1,subject1_L1_MO3_E2_S4_GE1_GL1_H2_MA2,0.1109661394960612
PURE_MMPD,none,100,subject1,subject1_L1_MO4_E2_S4_GE1_GL1_H2_MA2,0.110468753278465
PURE_MMPD,none,100,subject1,subject1_L2_MO1_E1_S4_GE1_GL1_H2_MA2,0.1368441698860408
PURE_MMPD,none,100,subject1,subject1_L2_MO1_E2_S4_GE1_GL1_H2_MA2,0.1052840272462377
PURE_MMPD,none,100,subject1,subject1_L2_MO2_E2_S4_GE1_GL1_H2_MA2,0.0677275298214245
PURE_MMPD,none,100,subject1,subject1_L2_MO3_E2_S4_GE1_GL1_H2_MA2,0.1131994321903479
PURE_MMPD,none,100,subject1,subject1_L2_MO4_E2_S4_GE1_GL1_H2_MA2,0.1809407787289465
PURE_MMPD,none,100,subject1,subject1_L3_MO1_E1_S4_GE1_GL1_H2_MA2,0.1573064515217664
PURE_MMPD,none,100,subject1,subject1_L3_MO1_E2_S4_GE1_GL1_H2_MA2,0.1053903342578258
PURE_MMPD,none,100,subject1,subject1_L3_MO2_E2_S4_GE1_GL1_H2_MA2,0.0973609233874026
PURE_MMPD,none,100,subject1,subject1_L3_MO3_E2_S4_GE1_GL1_H2_MA2,0.1429235449793647
PURE_MMPD,none,100,subject1,subject1_L3_MO4_E2_S4_GE1_GL1_H2_MA2,0.1030477409550428
PURE_MMPD,none,100,subject1,subject1_L4_MO1_E1_S4_GE1_GL1_H2_MA2,0.121070181916693
PURE_MMPD,none,100,subject1,subject1_L4_MO1_E2_S4_GE1_GL1_H2_MA2,0.156014827000913
PURE_MMPD,none,100,subject1,subject1_L4_MO2_E2_S4_GE1_GL1_H2_MA2,0.0688226734362582
PURE_MMPD,none,100,subject1,subject1_L4_MO3_E2_S4_GE1_GL1_H2_MA2,0.1171269299390553
PURE_MMPD,none,100,subject1,subject1_L4_MO4_E2_S4_GE1_GL1_H2_MA2,0.1264490452077776
PURE_MMPD,none,100,subject20,subject20_L1_MO1_E1_S3_GE1_GL2_H2_MA2,0.1434178582423021
PURE_MMPD,none,100,subject20,subject20_L1_MO1_E2_S3_GE1_GL2_H2_MA2,0.1610707208457412
PURE_MMPD,none,100,subject20,subject20_L1_MO2_E2_S3_GE1_GL2_H2_MA2,0.1890623566062307
PURE_MMPD,none,100,subject20,subject20_L1_MO3_E2_S3_GE1_GL2_H2_MA2,0.2540475608336758
PURE_MMPD,none,100,subject20,subject20_L1_MO4_E2_S3_GE1_GL2_H2_MA2,0.2041069449511771
PURE_MMPD,none,100,subject20,subject20_L2_MO1_E1_S3_GE1_GL2_H2_MA2,0.3656718212262942
PURE_MMPD,none,100,subject20,subject20_L2_MO1_E2_S3_GE1_GL2_H2_MA2,0.3175342183749184
PURE_MMPD,none,100,subject20,subject20_L2_MO2_E2_S3_GE1_GL2_H2_MA2,0.2146760812137438
PURE_MMPD,none,100,subject20,subject20_L2_MO3_E2_S3_GE1_GL2_H2_MA2,0.367776668093521
PURE_MMPD,none,100,subject20,subject20_L2_MO4_E2_S3_GE1_GL2_H2_MA2,0.1481020069051621
PURE_MMPD,none,100,subject20,subject20_L3_MO1_E1_S3_GE1_GL2_H2_MA2,0.246602507320251
PURE_MMPD,none,100,subject20,subject20_L3_MO1_E2_S3_GE1_GL2_H2_MA2,0.3601152517613341
PURE_MMPD,none,100,subject20,subject20_L3_MO2_E2_S3_GE1_GL2_H2_MA2,0.2838283101813499
PURE_MMPD,none,100,subject20,subject20_L3_MO3_E2_S3_GE1_GL2_H2_MA2,0.359363215879722
PURE_MMPD,none,100,subject20,subject20_L3_MO4_E2_S3_GE1_GL2_H2_MA2,0.2331395950052506
PURE_MMPD,none,100,subject20,subject20_L4_MO1_E1_S3_GE1_GL2_H2_MA2,0.0780757331991765
PURE_MMPD,none,100,subject20,subject20_L4_MO1_E2_S3_GE1_GL2_H2_MA2,0.1778880395950974
PURE_MMPD,none,100,subject20,subject20_L4_MO2_E2_S3_GE1_GL2_H2_MA2,0.1618745310469871
PURE_MMPD,none,100,subject20,subject20_L4_MO3_E2_S3_GE1_GL2_H2_MA2,0.2468497961823748
PURE_MMPD,none,100,subject20,subject20_L4_MO4_E2_S3_GE1_GL2_H2_MA2,0.1525048069375919
PURE_MMPD,none,100,subject21,subject21_L1_MO1_E1_S3_GE2_GL1_H2_MA1,0.191799560193948
PURE_MMPD,none,100,subject21,subject21_L1_MO1_E2_S3_GE2_GL1_H2_MA1,0.1996739242841562
PURE_MMPD,none,100,subject21,subject21_L1_MO2_E2_S3_GE2_GL1_H2_MA1,0.2583080833655277
PURE_MMPD,none,100,subject21,subject21_L1_MO3_E2_S3_GE2_GL1_H2_MA1,0.1425799778738946
PURE_MMPD,none,100,subject21,subject21_L1_MO4_E2_S3_GE2_GL1_H2_MA1,0.1459684391569764
PURE_MMPD,none,100,subject21,subject21_L2_MO1_E1_S3_GE2_GL1_H2_MA1,0.1837222918258849
PURE_MMPD,none,100,subject21,subject21_L2_MO1_E2_S3_GE2_GL1_H2_MA1,0.2794109716610955
PURE_MMPD,none,100,subject21,subject21_L2_MO2_E2_S3_GE2_GL1_H2_MA1,0.1508862819544965
PURE_MMPD,none,100,subject21,subject21_L2_MO3_E2_S3_GE2_GL1_H2_MA1,0.1816748646257998
PURE_MMPD,none,100,subject21,subject21_L2_MO4_E2_S3_GE2_GL1_H2_MA1,0.1475088755502248
PURE_MMPD,none,100,subject21,subject21_L3_MO1_E1_S3_GE2_GL1_H2_MA1,0.2853130181718188
PURE_MMPD,none,100,subject21,subject21_L3_MO1_E2_S3_GE2_GL1_H2_MA1,0.2276378010447802
PURE_MMPD,none,100,subject21,subject21_L3_MO2_E2_S3_GE2_GL1_H2_MA1,0.2524098090402086
PURE_MMPD,none,100,subject21,subject21_L3_MO3_E2_S3_GE2_GL1_H2_MA1,0.2583956571500163
PURE_MMPD,none,100,subject21,subject21_L3_MO4_E2_S3_GE2_GL1_H2_MA1,0.1554159960550975
PURE_MMPD,none,100,subject21,subject21_L4_MO1_E1_S3_GE2_GL1_H2_MA1,0.1277508887380758
PURE_MMPD,none,100,subject21,subject21_L4_MO1_E2_S3_GE2_GL1_H2_MA1,0.2220133824879302
PURE_MMPD,none,100,subject21,subject21_L4_MO2_E2_S3_GE2_GL1_H2_MA1,0.1271205222952653
PURE_MMPD,none,100,subject21,subject21_L4_MO3_E2_S3_GE2_GL1_H2_MA1,0.1751276532013946
PURE_MMPD,none,100,subject21,subject21_L4_MO4_E2_S3_GE2_GL1_H2_MA1,0.151584623112768
PURE_MMPD,none,100,subject22,subject22_L1_MO1_E1_S3_GE2_GL2_H2_MA2,0.1775352631832157
PURE_MMPD,none,100,subject22,subject22_L1_MO1_E2_S3_GE2_GL2_H2_MA2,0.1755202930298176
PURE_MMPD,none,100,subject22,subject22_L1_MO2_E2_S3_GE2_GL2_H2_MA2,0.1356237000591562
PURE_MMPD,none,100,subject22,subject22_L1_MO3_E2_S3_GE2_GL2_H2_MA2,0.1383803368086469
PURE_MMPD,none,100,subject22,subject22_L1_MO4_E2_S3_GE2_GL2_H2_MA2,0.1153940357285615
PURE_MMPD,none,100,subject22,subject22_L2_MO1_E1_S3_GE2_GL2_H2_MA2,0.3576443554819729
PURE_MMPD,none,100,subject22,subject22_L2_MO1_E2_S3_GE2_GL2_H2_MA2,0.2465992063604792
PURE_MMPD,none,100,subject22,subject22_L2_MO2_E2_S3_GE2_GL2_H2_MA2,0.2593989642372958
PURE_MMPD,none,100,subject22,subject22_L2_MO3_E2_S3_GE2_GL2_H2_MA2,0.2415668712686908
PURE_MMPD,none,100,subject22,subject22_L2_MO4_E2_S3_GE2_GL2_H2_MA2,0.1214023143839118
PURE_MMPD,none,100,subject22,subject22_L3_MO1_E1_S3_GE2_GL2_H2_MA2,0.4718901372899672
PURE_MMPD,none,100,subject22,subject22_L3_MO1_E2_S3_GE2_GL2_H2_MA2,0.3332711809074408
PURE_MMPD,none,100,subject22,subject22_L3_MO2_E2_S3_GE2_GL2_H2_MA2,0.2824549919448043
PURE_MMPD,none,100,subject22,subject22_L3_MO3_E2_S3_GE2_GL2_H2_MA2,0.1808380602266953
PURE_MMPD,none,100,subject22,subject22_L3_MO4_E2_S3_GE2_GL2_H2_MA2,0.1016995386861169
PURE_MMPD,none,100,subject22,subject22_L4_MO1_E1_S3_GE2_GL2_H2_MA2,0.1294803601534056
PURE_MMPD,none,100,subject22,subject22_L4_MO1_E2_S3_GE2_GL2_H2_MA2,0.2324022799089598
PURE_MMPD,none,100,subject22,subject22_L4_MO2_E2_S3_GE2_GL2_H2_MA2,0.3497437166275046
PURE_MMPD,none,100,subject22,subject22_L4_MO3_E2_S3_GE2_GL2_H2_MA2,0.3197077041543573
PURE_MMPD,none,100,subject22,subject22_L4_MO4_E2_S3_GE2_GL2_H2_MA2,0.1276511950529008
PURE_MMPD,none,100,subject23,subject23_L1_MO1_E1_S5_GE2_GL2_H2_MA2,0.1288294011756261
PURE_MMPD,none,100,subject23,subject23_L1_MO1_E2_S5_GE2_GL2_H2_MA2,0.1388831588389914
PURE_MMPD,none,100,subject23,subject23_L1_MO2_E2_S5_GE2_GL2_H2_MA2,0.1517334149904079
PURE_MMPD,none,100,subject23,subject23_L1_MO3_E2_S5_GE2_GL2_H2_MA2,0.160607928812575
PURE_MMPD,none,100,subject23,subject23_L1_MO4_E2_S5_GE2_GL2_H2_MA2,0.0920257772734261
PURE_MMPD,none,100,subject23,subject23_L2_MO1_E1_S5_GE2_GL2_H2_MA2,0.1480346335983195
PURE_MMPD,none,100,subject23,subject23_L2_MO1_E2_S5_GE2_GL2_H2_MA2,0.1423616091969827
PURE_MMPD,none,100,subject23,subject23_L2_MO2_E2_S5_GE2_GL2_H2_MA2,0.1916836771932464
PURE_MMPD,none,100,subject23,subject23_L2_MO3_E2_S5_GE2_GL2_H2_MA2,0.2471148385445021
PURE_MMPD,none,100,subject23,subject23_L2_MO4_E2_S5_GE2_GL2_H2_MA2,0.0988602094651548
PURE_MMPD,none,100,subject23,subject23_L3_MO1_E1_S5_GE2_GL2_H2_MA2,0.1182862139492572
PURE_MMPD,none,100,subject23,subject23_L3_MO1_E2_S5_GE2_GL2_H2_MA2,0.1901535937657573
PURE_MMPD,none,100,subject23,subject23_L3_MO2_E2_S5_GE2_GL2_H2_MA2,0.1736952739547367
PURE_MMPD,none,100,subject23,subject23_L3_MO3_E2_S5_GE2_GL2_H2_MA2,0.1675966768994891
PURE_MMPD,none,100,subject23,subject23_L3_MO4_E2_S5_GE2_GL2_H2_MA2,0.1499421781282981
PURE_MMPD,none,100,subject23,subject23_L4_MO1_E1_S5_GE2_GL2_H2_MA2,0.0873120303461485
PURE_MMPD,none,100,subject23,subject23_L4_MO1_E2_S5_GE2_GL2_H2_MA2,0.1455466918863915
PURE_MMPD,none,100,subject23,subject23_L4_MO2_E2_S5_GE2_GL2_H2_MA2,0.1250403508898707
PURE_MMPD,none,100,subject23,subject23_L4_MO3_E2_S5_GE2_GL2_H2_MA2,0.1983381241473821
PURE_MMPD,none,100,subject23,subject23_L4_MO4_E2_S5_GE2_GL2_H2_MA2,0.1571634278692813
PURE_MMPD,none,100,subject24,subject24_L1_MO1_E1_S3_GE2_GL2_H2_MA1,0.5056929238715626
PURE_MMPD,none,100,subject24,subject24_L1_MO1_E2_S3_GE2_GL2_H2_MA1,0.2957504576698779
PURE_MMPD,none,100,subject24,subject24_L1_MO2_E2_S3_GE2_GL2_H2_MA1,0.2758477846731766
PURE_MMPD,none,100,subject24,subject24_L1_MO3_E2_S3_GE2_GL2_H2_MA1,0.3897469923235824
PURE_MMPD,none,100,subject24,subject24_L1_MO4_E2_S3_GE2_GL2_H2_MA1,0.1278942976313039
PURE_MMPD,none,100,subject24,subject24_L2_MO1_E1_S3_GE2_GL2_H2_MA1,0.4431188009196485
PURE_MMPD,none,100,subject24,subject24_L2_MO1_E2_S3_GE2_GL2_H2_MA1,0.2362566917587674
PURE_MMPD,none,100,subject24,subject24_L2_MO2_E2_S3_GE2_GL2_H2_MA1,0.2946988893699961
PURE_MMPD,none,100,subject24,subject24_L2_MO3_E2_S3_GE2_GL2_H2_MA1,0.3487978369615843
PURE_MMPD,none,100,subject24,subject24_L2_MO4_E2_S3_GE2_GL2_H2_MA1,0.1090395925453558
PURE_MMPD,none,100,subject24,subject24_L3_MO1_E1_S3_GE2_GL2_H2_MA1,0.547268031638835
PURE_MMPD,none,100,subject24,subject24_L3_MO1_E2_S3_GE2_GL2_H2_MA1,0.28342404181793
PURE_MMPD,none,100,subject24,subject24_L3_MO2_E2_S3_GE2_GL2_H2_MA1,0.3714842644592083
PURE_MMPD,none,100,subject24,subject24_L3_MO3_E2_S3_GE2_GL2_H2_MA1,0.3028823209351198
PURE_MMPD,none,100,subject24,subject24_L3_MO4_E2_S3_GE2_GL2_H2_MA1,0.1138224606432473
PURE_MMPD,none,100,subject24,subject24_L4_MO1_E1_S3_GE2_GL2_H2_MA1,0.2347541086236555
PURE_MMPD,none,100,subject24,subject24_L4_MO1_E2_S3_GE2_GL2_H2_MA1,0.128154646693436
PURE_MMPD,none,100,subject24,subject24_L4_MO2_E2_S3_GE2_GL2_H2_MA1,0.2304549748344719
PURE_MMPD,none,100,subject24,subject24_L4_MO3_E2_S3_GE2_GL2_H2_MA1,0.183995264413075
PURE_MMPD,none,100,subject24,subject24_L4_MO4_E2_S3_GE2_GL2_H2_MA1,0.1412048712997419
PURE_MMPD,none,100,subject25,subject25_L1_MO1_E1_S3_GE2_GL2_H1_MA2,0.1143603324963529
PURE_MMPD,none,100,subject25,subject25_L1_MO1_E2_S3_GE2_GL2_H1_MA2,0.1840024166810447
PURE_MMPD,none,100,subject25,subject25_L1_MO2_E2_S3_GE2_GL2_H1_MA2,0.1202531316273869
PURE_MMPD,none,100,subject25,subject25_L1_MO3_E2_S3_GE2_GL2_H1_MA2,0.1438775517579681
PURE_MMPD,none,100,subject25,subject25_L1_MO4_E2_S3_GE2_GL2_H1_MA2,0.1319867287784813
PURE_MMPD,none,100,subject25,subject25_L2_MO1_E1_S3_GE2_GL2_H1_MA2,0.2061126009101186
PURE_MMPD,none,100,subject25,subject25_L2_MO1_E2_S3_GE2_GL2_H1_MA2,0.3186367946486436
PURE_MMPD,none,100,subject25,subject25_L2_MO2_E2_S3_GE2_GL2_H1_MA2,0.2459287419389556
PURE_MMPD,none,100,subject25,subject25_L2_MO3_E2_S3_GE2_GL2_H1_MA2,0.3317855177969986
PURE_MMPD,none,100,subject25,subject25_L2_MO4_E2_S3_GE2_GL2_H1_MA2,0.1094769514010512
PURE_MMPD,none,100,subject25,subject25_L3_MO1_E1_S3_GE2_GL2_H1_MA2,0.1731082282417113
PURE_MMPD,none,100,subject25,subject25_L3_MO1_E2_S3_GE2_GL2_H1_MA2,0.4679904154194859
PURE_MMPD,none,100,subject25,subject25_L3_MO2_E2_S3_GE2_GL2_H1_MA2,0.3002415554287743
PURE_MMPD,none,100,subject25,subject25_L3_MO3_E2_S3_GE2_GL2_H1_MA2,0.2285741237904041
PURE_MMPD,none,100,subject25,subject25_L3_MO4_E2_S3_GE2_GL2_H1_MA2,0.1281246839503836
PURE_MMPD,none,100,subject25,subject25_L4_MO1_E1_S3_GE2_GL2_H1_MA2,0.3038004079977855
PURE_MMPD,none,100,subject25,subject25_L4_MO1_E2_S3_GE2_GL2_H1_MA2,0.2444491643675631
PURE_MMPD,none,100,subject25,subject25_L4_MO2_E2_S3_GE2_GL2_H1_MA2,0.1571984380597335
PURE_MMPD,none,100,subject25,subject25_L4_MO3_E2_S3_GE2_GL2_H1_MA2,0.1776895648483362
PURE_MMPD,none,100,subject25,subject25_L4_MO4_E2_S3_GE2_GL2_H1_MA2,0.1076049683090547
PURE_MMPD,none,100,subject26,subject26_L1_MO1_E1_S6_GE1_GL2_H2_MA2,0.1684395081798197
PURE_MMPD,none,100,subject26,subject26_L1_MO1_E2_S6_GE1_GL2_H2_MA2,0.1448237258679717
PURE_MMPD,none,100,subject26,subject26_L1_MO2_E2_S6_GE1_GL2_H2_MA2,0.2117248079105875
PURE_MMPD,none,100,subject26,subject26_L1_MO3_E2_S6_GE1_GL2_H2_MA2,0.1249649063779716
PURE_MMPD,none,100,subject26,subject26_L1_MO4_E2_S6_GE1_GL2_H2_MA2,0.1546041371186969
PURE_MMPD,none,100,subject26,subject26_L2_MO1_E1_S6_GE1_GL2_H2_MA2,0.1438267935395383
PURE_MMPD,none,100,subject26,subject26_L2_MO1_E2_S6_GE1_GL2_H2_MA2,0.1298159247248661
PURE_MMPD,none,100,subject26,subject26_L2_MO2_E2_S6_GE1_GL2_H2_MA2,0.1395943781287391
PURE_MMPD,none,100,subject26,subject26_L2_MO3_E2_S6_GE1_GL2_H2_MA2,0.1446740377256602
PURE_MMPD,none,100,subject26,subject26_L2_MO4_E2_S6_GE1_GL2_H2_MA2,0.1270486552938404
PURE_MMPD,none,100,subject26,subject26_L3_MO1_E1_S6_GE1_GL2_H2_MA2,0.1457080901079954
PURE_MMPD,none,100,subject26,subject26_L3_MO1_E2_S6_GE1_GL2_H2_MA2,0.1744181025947986
PURE_MMPD,none,100,subject26,subject26_L3_MO2_E2_S6_GE1_GL2_H2_MA2,0.1812422012533895
PURE_MMPD,none,100,subject26,subject26_L3_MO3_E2_S6_GE1_GL2_H2_MA2,0.1335864662207472
PURE_MMPD,none,100,subject26,subject26_L3_MO4_E2_S6_GE1_GL2_H2_MA2,0.1226864116268839
PURE_MMPD,none,100,subject26,subject26_L4_MO1_E1_S6_GE1_GL2_H2_MA2,0.1680064081823673
PURE_MMPD,none,100,subject26,subject26_L4_MO1_E2_S6_GE1_GL2_H2_MA2,0.1924020210446467
PURE_MMPD,none,100,subject26,subject26_L4_MO2_E2_S6_GE1_GL2_H2_MA2,0.139507728932194
PURE_MMPD,none,100,subject26,subject26_L4_MO3_E2_S6_GE1_GL2_H2_MA2,0.1558808952144234
PURE_MMPD,none,100,subject26,subject26_L4_MO4_E2_S6_GE1_GL2_H2_MA2,0.1658262047473846
PURE_MMPD,none,100,subject27,subject27_L1_MO1_E1_S3_GE2_GL2_H2_MA1,0.2810331123226353
PURE_MMPD,none,100,subject27,subject27_L1_MO1_E2_S3_GE2_GL2_H2_MA1,0.2655227419012553
PURE_MMPD,none,100,subject27,subject27_L1_MO2_E2_S3_GE2_GL2_H2_MA1,0.4293246315115072
PURE_MMPD,none,100,subject27,subject27_L1_MO3_E2_S3_GE2_GL2_H2_MA1,0.3110083657020222
PURE_MMPD,none,100,subject27,subject27_L1_MO4_E2_S3_GE2_GL2_H2_MA1,0.1063404915687011
PURE_MMPD,none,100,subject27,subject27_L2_MO1_E1_S3_GE2_GL2_H2_MA1,0.2496893668926309
PURE_MMPD,none,100,subject27,subject27_L2_MO1_E2_S3_GE2_GL2_H2_MA1,0.2106631076002292
PURE_MMPD,none,100,subject27,subject27_L2_MO2_E2_S3_GE2_GL2_H2_MA1,0.3342239517490614
PURE_MMPD,none,100,subject27,subject27_L2_MO3_E2_S3_GE2_GL2_H2_MA1,0.2140972958946348
PURE_MMPD,none,100,subject27,subject27_L2_MO4_E2_S3_GE2_GL2_H2_MA1,0.1378223474847877
PURE_MMPD,none,100,subject27,subject27_L3_MO1_E1_S3_GE2_GL2_H2_MA1,0.3268080821058269
PURE_MMPD,none,100,subject27,subject27_L3_MO1_E2_S3_GE2_GL2_H2_MA1,0.3201257550251746
PURE_MMPD,none,100,subject27,subject27_L3_MO2_E2_S3_GE2_GL2_H2_MA1,0.1982071665573456
PURE_MMPD,none,100,subject27,subject27_L3_MO3_E2_S3_GE2_GL2_H2_MA1,0.3244298039393243
PURE_MMPD,none,100,subject27,subject27_L3_MO4_E2_S3_GE2_GL2_H2_MA1,0.1175842727838578
PURE_MMPD,none,100,subject27,subject27_L4_MO1_E1_S3_GE2_GL2_H2_MA1,0.4150630607546096
PURE_MMPD,none,100,subject27,subject27_L4_MO1_E2_S3_GE2_GL2_H2_MA1,0.2419327344419789
PURE_MMPD,none,100,subject27,subject27_L4_MO2_E2_S3_GE2_GL2_H2_MA1,0.2903594351378279
PURE_MMPD,none,100,subject27,subject27_L4_MO3_E2_S3_GE2_GL2_H2_MA1,0.5032498582571046
PURE_MMPD,none,100,subject27,subject27_L4_MO4_E2_S3_GE2_GL2_H2_MA1,0.134079913539181
PURE_MMPD,none,100,subject28,subject28_L1_MO1_E1_S5_GE2_GL2_H2_MA2,0.1150405397788799
PURE_MMPD,none,100,subject28,subject28_L1_MO1_E2_S5_GE2_GL2_H2_MA2,0.1534177858201702
PURE_MMPD,none,100,subject28,subject28_L1_MO2_E2_S5_GE2_GL2_H2_MA2,0.1450220032154562
PURE_MMPD,none,100,subject28,subject28_L1_MO3_E2_S5_GE2_GL2_H2_MA2,0.0913750131058373
PURE_MMPD,none,100,subject28,subject28_L1_MO4_E2_S5_GE2_GL2_H2_MA2,0.1373891746090123
PURE_MMPD,none,100,subject28,subject28_L2_MO1_E1_S5_GE2_GL2_H2_MA2,0.1039994632605388
PURE_MMPD,none,100,subject28,subject28_L2_MO1_E2_S5_GE2_GL2_H2_MA2,0.1464126300990995
PURE_MMPD,none,100,subject28,subject28_L2_MO2_E2_S5_GE2_GL2_H2_MA2,0.0782656079727679
PURE_MMPD,none,100,subject28,subject28_L2_MO3_E2_S5_GE2_GL2_H2_MA2,0.1106330422740003
PURE_MMPD,none,100,subject28,subject28_L2_MO4_E2_S5_GE2_GL2_H2_MA2,0.1216284676170223
PURE_MMPD,none,100,subject28,subject28_L3_MO1_E1_S5_GE2_GL2_H2_MA2,0.1713568532849891
PURE_MMPD,none,100,subject28,subject28_L3_MO1_E2_S5_GE2_GL2_H2_MA2,0.1333785420822513
PURE_MMPD,none,100,subject28,subject28_L3_MO2_E2_S5_GE2_GL2_H2_MA2,0.108038752368632
PURE_MMPD,none,100,subject28,subject28_L3_MO3_E2_S5_GE2_GL2_H2_MA2,0.1208451599644969
PURE_MMPD,none,100,subject28,subject28_L3_MO4_E2_S5_GE2_GL2_H2_MA2,0.1946849208315631
PURE_MMPD,none,100,subject28,subject28_L4_MO1_E1_S5_GE2_GL2_H2_MA2,0.136176051217322
PURE_MMPD,none,100,subject28,subject28_L4_MO1_E2_S5_GE2_GL2_H2_MA2,0.1137161766571597
PURE_MMPD,none,100,subject28,subject28_L4_MO2_E2_S5_GE2_GL2_H2_MA2,0.1551723226197445
PURE_MMPD,none,100,subject28,subject28_L4_MO3_E2_S5_GE2_GL2_H2_MA2,0.1782058110084561
PURE_MMPD,none,100,subject28,subject28_L4_MO4_E2_S5_GE2_GL2_H2_MA2,0.1749488343768858
PURE_MMPD,none,100,subject29,subject29_L1_MO1_E1_S3_GE2_GL1_H1_MA2,0.142049478335035
PURE_MMPD,none,100,subject29,subject29_L1_MO1_E2_S3_GE2_GL1_H1_MA2,0.2015695267443576
PURE_MMPD,none,100,subject29,subject29_L1_MO2_E2_S3_GE2_GL1_H1_MA2,0.306094745175318
PURE_MMPD,none,100,subject29,subject29_L1_MO3_E2_S3_GE2_GL1_H1_MA2,0.3919215356723077
PURE_MMPD,none,100,subject29,subject29_L1_MO4_E2_S3_GE2_GL1_H1_MA2,0.1366629160539632
PURE_MMPD,none,100,subject29,subject29_L2_MO1_E1_S3_GE2_GL1_H1_MA2,0.2049836864492635
PURE_MMPD,none,100,subject29,subject29_L2_MO1_E2_S3_GE2_GL1_H1_MA2,0.3042758539779341
PURE_MMPD,none,100,subject29,subject29_L2_MO2_E2_S3_GE2_GL1_H1_MA2,0.38315305029197
PURE_MMPD,none,100,subject29,subject29_L2_MO3_E2_S3_GE2_GL1_H1_MA2,0.358193316548541
PURE_MMPD,none,100,subject29,subject29_L2_MO4_E2_S3_GE2_GL1_H1_MA2,0.1731170407877484
PURE_MMPD,none,100,subject29,subject29_L3_MO1_E1_S3_GE2_GL1_H1_MA2,0.2356322195271975
PURE_MMPD,none,100,subject29,subject29_L3_MO1_E2_S3_GE2_GL1_H1_MA2,0.4942052541883859
PURE_MMPD,none,100,subject29,subject29_L3_MO2_E2_S3_GE2_GL1_H1_MA2,0.4173763780998295
PURE_MMPD,none,100,subject29,subject29_L3_MO3_E2_S3_GE2_GL1_H1_MA2,0.5014423803414064
PURE_MMPD,none,100,subject29,subject29_L3_MO4_E2_S3_GE2_GL1_H1_MA2,0.181930384513612
PURE_MMPD,none,100,subject29,subject29_L4_MO1_E1_S3_GE2_GL1_H1_MA2,0.3044019371296845
PURE_MMPD,none,100,subject29,subject29_L4_MO1_E2_S3_GE2_GL1_H1_MA2,0.4171777328044506
PURE_MMPD,none,100,subject29,subject29_L4_MO2_E2_S3_GE2_GL1_H1_MA2,0.1694535792928418
PURE_MMPD,none,100,subject29,subject29_L4_MO3_E2_S3_GE2_GL1_H1_MA2,0.1937991719159245
PURE_MMPD,none,100,subject29,subject29_L4_MO4_E2_S3_GE2_GL1_H1_MA2,0.1458650274047768
PURE_MMPD,none,100,subject2,subject2_L1_MO1_E1_S4_GE1_GL1_H1_MA2,0.1571944414763469
PURE_MMPD,none,100,subject2,subject2_L1_MO1_E2_S4_GE1_GL1_H1_MA2,0.2384223467468883
PURE_MMPD,none,100,subject2,subject2_L1_MO2_E2_S4_GE1_GL1_H1_MA2,0.2986036889970218
PURE_MMPD,none,100,subject2,subject2_L1_MO3_E2_S4_GE1_GL1_H1_MA2,0.2610427787014879
PURE_MMPD,none,100,subject2,subject2_L1_MO4_E2_S4_GE1_GL1_H1_MA2,0.1510804756584463
PURE_MMPD,none,100,subject2,subject2_L2_MO1_E1_S4_GE1_GL1_H1_MA2,0.0815013353507769
PURE_MMPD,none,100,subject2,subject2_L2_MO1_E2_S4_GE1_GL1_H1_MA2,0.331698547489886
PURE_MMPD,none,100,subject2,subject2_L2_MO2_E2_S4_GE1_GL1_H1_MA2,0.2811727290082612
PURE_MMPD,none,100,subject2,subject2_L2_MO3_E2_S4_GE1_GL1_H1_MA2,0.2740656310752508
PURE_MMPD,none,100,subject2,subject2_L2_MO4_E2_S4_GE1_GL1_H1_MA2,0.1228053216944341
PURE_MMPD,none,100,subject2,subject2_L3_MO1_E1_S4_GE1_GL1_H1_MA2,0.2649179227431265
PURE_MMPD,none,100,subject2,subject2_L3_MO1_E2_S4_GE1_GL1_H1_MA2,0.3850220781697204
PURE_MMPD,none,100,subject2,subject2_L3_MO2_E2_S4_GE1_GL1_H1_MA2,0.2269404628258801
PURE_MMPD,none,100,subject2,subject2_L3_MO3_E2_S4_GE1_GL1_H1_MA2,0.3343898822340276
PURE_MMPD,none,100,subject2,subject2_L3_MO4_E2_S4_GE1_GL1_H1_MA2,0.15226159468994
PURE_MMPD,none,100,subject2,subject2_L4_MO1_E1_S4_GE1_GL1_H1_MA2,0.1093480000528602
PURE_MMPD,none,100,subject2,subject2_L4_MO1_E2_S4_GE1_GL1_H1_MA2,0.2780011652144527
PURE_MMPD,none,100,subject2,subject2_L4_MO2_E2_S4_GE1_GL1_H1_MA2,0.1366511929425667
PURE_MMPD,none,100,subject2,subject2_L4_MO3_E2_S4_GE1_GL1_H1_MA2,0.1037669766345334
PURE_MMPD,none,100,subject2,subject2_L4_MO4_E2_S4_GE1_GL1_H1_MA2,0.1065145759303606
PURE_MMPD,none,100,subject30,subject30_L1_MO1_E1_S6_GE1_GL2_H2_MA2,0.0855733099978503
PURE_MMPD,none,100,subject30,subject30_L1_MO1_E2_S6_GE1_GL2_H2_MA2,0.1341365085983289
PURE_MMPD,none,100,subject30,subject30_L1_MO2_E2_S6_GE1_GL2_H2_MA2,0.0868320054086748
PURE_MMPD,none,100,subject30,subject30_L1_MO3_E2_S6_GE1_GL2_H2_MA2,0.1036800325069692
PURE_MMPD,none,100,subject30,subject30_L1_MO4_E2_S6_GE1_GL2_H2_MA2,0.121186000296573
PURE_MMPD,none,100,subject30,subject30_L2_MO1_E1_S6_GE1_GL2_H2_MA2,0.1021120204566148
PURE_MMPD,none,100,subject30,subject30_L2_MO1_E2_S6_GE1_GL2_H2_MA2,0.2427400011933133
PURE_MMPD,none,100,subject30,subject30_L2_MO2_E2_S6_GE1_GL2_H2_MA2,0.0941795020750677
PURE_MMPD,none,100,subject30,subject30_L2_MO3_E2_S6_GE1_GL2_H2_MA2,0.1574250535184734
PURE_MMPD,none,100,subject30,subject30_L2_MO4_E2_S6_GE1_GL2_H2_MA2,0.0973423029419943
PURE_MMPD,none,100,subject30,subject30_L3_MO1_E1_S6_GE1_GL2_H2_MA2,0.1933107332577556
PURE_MMPD,none,100,subject30,subject30_L3_MO1_E2_S6_GE1_GL2_H2_MA2,0.2983182901772088
PURE_MMPD,none,100,subject30,subject30_L3_MO2_E2_S6_GE1_GL2_H2_MA2,0.1400638402552272
PURE_MMPD,none,100,subject30,subject30_L3_MO3_E2_S6_GE1_GL2_H2_MA2,0.2796283092890278
PURE_MMPD,none,100,subject30,subject30_L3_MO4_E2_S6_GE1_GL2_H2_MA2,0.1267853023976991
PURE_MMPD,none,100,subject30,subject30_L4_MO1_E1_S6_GE1_GL2_H2_MA2,0.1759542934526196
PURE_MMPD,none,100,subject30,subject30_L4_MO1_E2_S6_GE1_GL2_H2_MA2,0.2063004886583412
PURE_MMPD,none,100,subject30,subject30_L4_MO2_E2_S6_GE1_GL2_H2_MA2,0.0934319104264165
PURE_MMPD,none,100,subject30,subject30_L4_MO3_E2_S6_GE1_GL2_H2_MA2,0.272802944140548
PURE_MMPD,none,100,subject30,subject30_L4_MO4_E2_S6_GE1_GL2_H2_MA2,0.1029883005028341
PURE_MMPD,none,100,subject31,subject31_L1_MO1_E1_S5_GE1_GL2_H2_MA2,0.0647483912963853
PURE_MMPD,none,100,subject31,subject31_L1_MO1_E2_S5_GE1_GL2_H2_MA2,0.0945874615948403
PURE_MMPD,none,100,subject31,subject31_L1_MO2_E2_S5_GE1_GL2_H2_MA2,0.1206559578965556
PURE_MMPD,none,100,subject31,subject31_L1_MO3_E2_S5_GE1_GL2_H2_MA2,0.1058582386719308
PURE_MMPD,none,100,subject31,subject31_L1_MO4_E2_S5_GE1_GL2_H2_MA2,0.1313068840590664
PURE_MMPD,none,100,subject31,subject31_L2_MO1_E1_S5_GE1_GL2_H2_MA2,0.1241415299189436
PURE_MMPD,none,100,subject31,subject31_L2_MO1_E2_S5_GE1_GL2_H2_MA2,0.1394146488969179
PURE_MMPD,none,100,subject31,subject31_L2_MO2_E2_S5_GE1_GL2_H2_MA2,0.1046265623645773
PURE_MMPD,none,100,subject31,subject31_L2_MO3_E2_S5_GE1_GL2_H2_MA2,0.2497785729244291
PURE_MMPD,none,100,subject31,subject31_L2_MO4_E2_S5_GE1_GL2_H2_MA2,0.1659242019093377
PURE_MMPD,none,100,subject31,subject31_L3_MO1_E1_S5_GE1_GL2_H2_MA2,0.1597207068465056
PURE_MMPD,none,100,subject31,subject31_L3_MO1_E2_S5_GE1_GL2_H2_MA2,0.1110351014916921
PURE_MMPD,none,100,subject31,subject31_L3_MO2_E2_S5_GE1_GL2_H2_MA2,0.12150936960078
PURE_MMPD,none,100,subject31,subject31_L3_MO3_E2_S5_GE1_GL2_H2_MA2,0.1556112194897442
PURE_MMPD,none,100,subject31,subject31_L3_MO4_E2_S5_GE1_GL2_H2_MA2,0.1089056871807654
PURE_MMPD,none,100,subject31,subject31_L4_MO1_E1_S5_GE1_GL2_H2_MA2,0.1155406105125956
PURE_MMPD,none,100,subject31,subject31_L4_MO1_E2_S5_GE1_GL2_H2_MA2,0.1645980275023935
PURE_MMPD,none,100,subject31,subject31_L4_MO2_E2_S5_GE1_GL2_H2_MA2,0.0845758770121354
PURE_MMPD,none,100,subject31,subject31_L4_MO3_E2_S5_GE1_GL2_H2_MA2,0.1174349933107672
PURE_MMPD,none,100,subject31,subject31_L4_MO4_E2_S5_GE1_GL2_H2_MA2,0.1393162719046566
PURE_MMPD,none,100,subject32,subject32_L1_MO1_E1_S3_GE2_GL2_H2_MA2,0.4895319228712501
PURE_MMPD,none,100,subject32,subject32_L1_MO1_E2_S3_GE2_GL2_H2_MA2,0.2845462842612022
PURE_MMPD,none,100,subject32,subject32_L1_MO2_E2_S3_GE2_GL2_H2_MA2,0.4641636001545527
PURE_MMPD,none,100,subject32,subject32_L1_MO3_E2_S3_GE2_GL2_H2_MA2,0.4024141154863297
PURE_MMPD,none,100,subject32,subject32_L1_MO4_E2_S3_GE2_GL2_H2_MA2,0.1625448940408471
PURE_MMPD,none,100,subject32,subject32_L2_MO1_E1_S3_GE2_GL2_H2_MA2,0.6759058023661637
PURE_MMPD,none,100,subject32,subject32_L2_MO1_E2_S3_GE2_GL2_H2_MA2,0.7167296272593932
PURE_MMPD,none,100,subject32,subject32_L2_MO2_E2_S3_GE2_GL2_H2_MA2,0.5568657525031472
PURE_MMPD,none,100,subject32,subject32_L2_MO3_E2_S3_GE2_GL2_H2_MA2,0.6077265442001641
PURE_MMPD,none,100,subject32,subject32_L2_MO4_E2_S3_GE2_GL2_H2_MA2,0.2323090486032724
PURE_MMPD,none,100,subject32,subject32_L3_MO1_E1_S3_GE2_GL2_H2_MA2,0.535413389794068
PURE_MMPD,none,100,subject32,subject32_L3_MO1_E2_S3_GE2_GL2_H2_MA2,0.6307121593570959
PURE_MMPD,none,100,subject32,subject32_L3_MO2_E2_S3_GE2_GL2_H2_MA2,0.5536763578376864
PURE_MMPD,none,100,subject32,subject32_L3_MO3_E2_S3_GE2_GL2_H2_MA2,0.4502692304476903
PURE_MMPD,none,100,subject32,subject32_L3_MO4_E2_S3_GE2_GL2_H2_MA2,0.1355254083786015
PURE_MMPD,none,100,subject32,subject32_L4_MO1_E1_S3_GE2_GL2_H2_MA2,0.3159264810667118
PURE_MMPD,none,100,subject32,subject32_L4_MO1_E2_S3_GE2_GL2_H2_MA2,0.1940941476754489
PURE_MMPD,none,100,subject32,subject32_L4_MO2_E2_S3_GE2_GL2_H2_MA2,0.1776670706893134
PURE_MMPD,none,100,subject32,subject32_L4_MO3_E2_S3_GE2_GL2_H2_MA2,0.2149727754961167
PURE_MMPD,none,100,subject32,subject32_L4_MO4_E2_S3_GE2_GL2_H2_MA2,0.1259942039074933
PURE_MMPD,none,100,subject33,subject33_L1_MO1_E1_S3_GE2_GL2_H2_MA2,0.0871417870175993
PURE_MMPD,none,100,subject33,subject33_L1_MO1_E2_S3_GE2_GL2_H2_MA2,0.1375169212625823
PURE_MMPD,none,100,subject33,subject33_L1_MO2_E2_S3_GE2_GL2_H2_MA2,0.1730341980040772
PURE_MMPD,none,100,subject33,subject33_L1_MO3_E2_S3_GE2_GL2_H2_MA2,0.3083844770433445
PURE_MMPD,none,100,subject33,subject33_L1_MO4_E2_S3_GE2_GL2_H2_MA2,0.1334064387429397
PURE_MMPD,none,100,subject33,subject33_L2_MO1_E1_S3_GE2_GL2_H2_MA2,0.372540506554715
PURE_MMPD,none,100,subject33,subject33_L2_MO1_E2_S3_GE2_GL2_H2_MA2,0.2474972182648659
PURE_MMPD,none,100,subject33,subject33_L2_MO2_E2_S3_GE2_GL2_H2_MA2,0.3240026590636196
PURE_MMPD,none,100,subject33,subject33_L2_MO3_E2_S3_GE2_GL2_H2_MA2,0.4478053269901202
PURE_MMPD,none,100,subject33,subject33_L2_MO4_E2_S3_GE2_GL2_H2_MA2,0.1497236786580503
PURE_MMPD,none,100,subject33,subject33_L3_MO1_E1_S3_GE2_GL2_H2_MA2,0.2596771096553443
PURE_MMPD,none,100,subject33,subject33_L3_MO1_E2_S3_GE2_GL2_H2_MA2,0.2914733019454273
PURE_MMPD,none,100,subject33,subject33_L3_MO2_E2_S3_GE2_GL2_H2_MA2,0.3231055625183782
PURE_MMPD,none,100,subject33,subject33_L3_MO3_E2_S3_GE2_GL2_H2_MA2,0.4913058060604543
PURE_MMPD,none,100,subject33,subject33_L3_MO4_E2_S3_GE2_GL2_H2_MA2,0.1292439977911696
PURE_MMPD,none,100,subject33,subject33_L4_MO1_E1_S3_GE2_GL2_H2_MA2,0.1814096050515072
PURE_MMPD,none,100,subject33,subject33_L4_MO1_E2_S3_GE2_GL2_H2_MA2,0.2212946772169894
PURE_MMPD,none,100,subject33,subject33_L4_MO2_E2_S3_GE2_GL2_H2_MA2,0.252438544877253
PURE_MMPD,none,100,subject33,subject33_L4_MO3_E2_S3_GE2_GL2_H2_MA2,0.2708560975087112
PURE_MMPD,none,100,subject33,subject33_L4_MO4_E2_S3_GE2_GL2_H2_MA2,0.2423381201128477
PURE_MMPD,none,100,subject3,subject3_L1_MO1_E1_S3_GE1_GL2_H1_MA2,0.133312630041251
PURE_MMPD,none,100,subject3,subject3_L1_MO1_E2_S3_GE1_GL2_H1_MA2,0.1423306144334135
PURE_MMPD,none,100,subject3,subject3_L1_MO2_E2_S3_GE1_GL2_H1_MA2,0.1875536463941366
PURE_MMPD,none,100,subject3,subject3_L1_MO3_E2_S3_GE1_GL2_H1_MA2,0.1683240598299614
PURE_MMPD,none,100,subject3,subject3_L1_MO4_E2_S3_GE1_GL2_H1_MA2,0.1295632020502064
PURE_MMPD,none,100,subject3,subject3_L2_MO1_E1_S3_GE1_GL2_H1_MA2,0.2300217105557268
PURE_MMPD,none,100,subject3,subject3_L2_MO1_E2_S3_GE1_GL2_H1_MA2,0.1015184755109638
PURE_MMPD,none,100,subject3,subject3_L2_MO2_E2_S3_GE1_GL2_H1_MA2,0.2771077460619204
PURE_MMPD,none,100,subject3,subject3_L2_MO3_E2_S3_GE1_GL2_H1_MA2,0.1483696380086388
PURE_MMPD,none,100,subject3,subject3_L2_MO4_E2_S3_GE1_GL2_H1_MA2,0.1234288795253161
PURE_MMPD,none,100,subject3,subject3_L3_MO1_E1_S3_GE1_GL2_H1_MA2,0.1523312265985646
PURE_MMPD,none,100,subject3,subject3_L3_MO1_E2_S3_GE1_GL2_H1_MA2,0.1522199855114955
PURE_MMPD,none,100,subject3,subject3_L3_MO2_E2_S3_GE1_GL2_H1_MA2,0.1581091397558272
PURE_MMPD,none,100,subject3,subject3_L3_MO3_E2_S3_GE1_GL2_H1_MA2,0.210353900636281
PURE_MMPD,none,100,subject3,subject3_L3_MO4_E2_S3_GE1_GL2_H1_MA2,0.1073467953625232
PURE_MMPD,none,100,subject3,subject3_L4_MO1_E1_S3_GE1_GL2_H1_MA2,0.1223814076713716
PURE_MMPD,none,100,subject3,subject3_L4_MO1_E2_S3_GE1_GL2_H1_MA2,0.1558592972041067
PURE_MMPD,none,100,subject3,subject3_L4_MO2_E2_S3_GE1_GL2_H1_MA2,0.1187225652060949
PURE_MMPD,none,100,subject3,subject3_L4_MO3_E2_S3_GE1_GL2_H1_MA2,0.1495041578156999
PURE_MMPD,none,100,subject3,subject3_L4_MO4_E2_S3_GE1_GL2_H1_MA2,0.1270633715268075
PURE_MMPD,none,100,subject4,subject4_L1_MO1_E1_S3_GE1_GL2_H1_MA2,0.2136329466741551
PURE_MMPD,none,100,subject4,subject4_L1_MO1_E2_S3_GE1_GL2_H1_MA2,0.1838200767137492
PURE_MMPD,none,100,subject4,subject4_L1_MO2_E2_S3_GE1_GL2_H1_MA2,0.1253350429994801
PURE_MMPD,none,100,subject4,subject4_L1_MO3_E2_S3_GE1_GL2_H1_MA2,0.1905692331779985
PURE_MMPD,none,100,subject4,subject4_L1_MO4_E2_S3_GE1_GL2_H1_MA2,0.1175032813911779
PURE_MMPD,none,100,subject4,subject4_L2_MO1_E1_S3_GE1_GL2_H1_MA2,0.1887393994415256
PURE_MMPD,none,100,subject4,subject4_L2_MO1_E2_S3_GE1_GL2_H1_MA2,0.3360330825360744
PURE_MMPD,none,100,subject4,subject4_L2_MO2_E2_S3_GE1_GL2_H1_MA2,0.1877976655282827
PURE_MMPD,none,100,subject4,subject4_L2_MO3_E2_S3_GE1_GL2_H1_MA2,0.1843310181446451
PURE_MMPD,none,100,subject4,subject4_L2_MO4_E2_S3_GE1_GL2_H1_MA2,0.1681325305248045
PURE_MMPD,none,100,subject4,subject4_L3_MO1_E1_S3_GE1_GL2_H1_MA2,0.3244212073598221
PURE_MMPD,none,100,subject4,subject4_L3_MO1_E2_S3_GE1_GL2_H1_MA2,0.2842082049504257
PURE_MMPD,none,100,subject4,subject4_L3_MO2_E2_S3_GE1_GL2_H1_MA2,0.1385463660630462
PURE_MMPD,none,100,subject4,subject4_L3_MO3_E2_S3_GE1_GL2_H1_MA2,0.2948002361107282
PURE_MMPD,none,100,subject4,subject4_L3_MO4_E2_S3_GE1_GL2_H1_MA2,0.1059651119912733
PURE_MMPD,none,100,subject4,subject4_L4_MO1_E1_S3_GE1_GL2_H1_MA2,0.1432466735301255
PURE_MMPD,none,100,subject4,subject4_L4_MO1_E2_S3_GE1_GL2_H1_MA2,0.269289942874281
PURE_MMPD,none,100,subject4,subject4_L4_MO2_E2_S3_GE1_GL2_H1_MA2,0.0810197404553625
PURE_MMPD,none,100,subject4,subject4_L4_MO3_E2_S3_GE1_GL2_H1_MA2,0.2385409753058391
PURE_MMPD,none,100,subject4,subject4_L4_MO4_E2_S3_GE1_GL2_H1_MA2,0.1415024314180176
PURE_MMPD,none,100,subject5,subject5_L1_MO1_E1_S3_GE2_GL1_H1_MA1,0.1481107907773542
PURE_MMPD,none,100,subject5,subject5_L1_MO1_E2_S3_GE2_GL1_H1_MA1,0.1887796522982388
PURE_MMPD,none,100,subject5,subject5_L1_MO2_E2_S3_GE2_GL1_H1_MA1,0.2453314005470337
PURE_MMPD,none,100,subject5,subject5_L1_MO3_E2_S3_GE2_GL1_H1_MA1,0.336911864236427
PURE_MMPD,none,100,subject5,subject5_L1_MO4_E2_S3_GE2_GL1_H1_MA1,0.1561569496118403
PURE_MMPD,none,100,subject5,subject5_L2_MO1_E1_S3_GE2_GL1_H1_MA1,0.3130218059198701
PURE_MMPD,none,100,subject5,subject5_L2_MO1_E2_S3_GE2_GL1_H1_MA1,0.3047288340571862
PURE_MMPD,none,100,subject5,subject5_L2_MO2_E2_S3_GE2_GL1_H1_MA1,0.3675342346194438
PURE_MMPD,none,100,subject5,subject5_L2_MO3_E2_S3_GE2_GL1_H1_MA1,0.2570037013129772
PURE_MMPD,none,100,subject5,subject5_L2_MO4_E2_S3_GE2_GL1_H1_MA1,0.220172167149757
PURE_MMPD,none,100,subject5,subject5_L3_MO1_E1_S3_GE2_GL1_H1_MA1,0.1616093427426755
PURE_MMPD,none,100,subject5,subject5_L3_MO1_E2_S3_GE2_GL1_H1_MA1,0.1806696862079275
PURE_MMPD,none,100,subject5,subject5_L3_MO2_E2_S3_GE2_GL1_H1_MA1,0.117638721339179
PURE_MMPD,none,100,subject5,subject5_L3_MO3_E2_S3_GE2_GL1_H1_MA1,0.2236866439367453
PURE_MMPD,none,100,subject5,subject5_L3_MO4_E2_S3_GE2_GL1_H1_MA1,0.1502957331304041
PURE_MMPD,none,100,subject5,subject5_L4_MO1_E1_S3_GE2_GL1_H1_MA1,0.2870968780202375
PURE_MMPD,none,100,subject5,subject5_L4_MO1_E2_S3_GE2_GL1_H1_MA1,0.2497211200688227
PURE_MMPD,none,100,subject5,subject5_L4_MO2_E2_S3_GE2_GL1_H1_MA1,0.1883324817274634
PURE_MMPD,none,100,subject5,subject5_L4_MO3_E2_S3_GE2_GL1_H1_MA1,0.3354383288707425
PURE_MMPD,none,100,subject5,subject5_L4_MO4_E2_S3_GE2_GL1_H1_MA1,0.1854181467321052
PURE_MMPD,none,100,subject6,subject6_L1_MO1_E1_S3_GE1_GL2_H2_MA2,0.3591351069739227
PURE_MMPD,none,100,subject6,subject6_L1_MO1_E2_S3_GE1_GL2_H2_MA2,0.4170919819984348
PURE_MMPD,none,100,subject6,subject6_L1_MO2_E2_S3_GE1_GL2_H2_MA2,0.3197183436249118
PURE_MMPD,none,100,subject6,subject6_L1_MO3_E2_S3_GE1_GL2_H2_MA2,0.4105381277394235
PURE_MMPD,none,100,subject6,subject6_L1_MO4_E2_S3_GE1_GL2_H2_MA2,0.1356415235525511
PURE_MMPD,none,100,subject6,subject6_L2_MO1_E1_S3_GE1_GL2_H2_MA2,0.1266304804158109
PURE_MMPD,none,100,subject6,subject6_L2_MO1_E2_S3_GE1_GL2_H2_MA2,0.1850160864174259
PURE_MMPD,none,100,subject6,subject6_L2_MO2_E2_S3_GE1_GL2_H2_MA2,0.3515874757323963
PURE_MMPD,none,100,subject6,subject6_L2_MO3_E2_S3_GE1_GL2_H2_MA2,0.2329903645992925
PURE_MMPD,none,100,subject6,subject6_L2_MO4_E2_S3_GE1_GL2_H2_MA2,0.1674194953073831
PURE_MMPD,none,100,subject6,subject6_L3_MO1_E1_S3_GE1_GL2_H2_MA2,0.101135534125148
PURE_MMPD,none,100,subject6,subject6_L3_MO1_E2_S3_GE1_GL2_H2_MA2,0.5086396010380239
PURE_MMPD,none,100,subject6,subject6_L3_MO2_E2_S3_GE1_GL2_H2_MA2,0.478173056489913
PURE_MMPD,none,100,subject6,subject6_L3_MO3_E2_S3_GE1_GL2_H2_MA2,0.6267996722687252
PURE_MMPD,none,100,subject6,subject6_L3_MO4_E2_S3_GE1_GL2_H2_MA2,0.1321039775179848
PURE_MMPD,none,100,subject6,subject6_L4_MO1_E1_S3_GE1_GL2_H2_MA2,0.2437763443342005
PURE_MMPD,none,100,subject6,subject6_L4_MO1_E2_S3_GE1_GL2_H2_MA2,0.3144091068977191
PURE_MMPD,none,100,subject6,subject6_L4_MO2_E2_S3_GE1_GL2_H2_MA2,0.254615760315182
PURE_MMPD,none,100,subject6,subject6_L4_MO3_E2_S3_GE1_GL2_H2_MA2,0.3240626447947536
PURE_MMPD,none,100,subject6,subject6_L4_MO4_E2_S3_GE1_GL2_H2_MA2,0.1434450162308806
PURE_MMPD,none,100,subject7,subject7_L1_MO1_E1_S5_GE1_GL1_H2_MA2,0.1373966130721548
PURE_MMPD,none,100,subject7,subject7_L1_MO1_E2_S5_GE1_GL1_H2_MA2,0.1309454722206762
PURE_MMPD,none,100,subject7,subject7_L1_MO2_E2_S5_GE1_GL1_H2_MA2,0.1214180263032242
PURE_MMPD,none,100,subject7,subject7_L2_MO1_E1_S5_GE1_GL1_H2_MA2,0.1373907445562789
PURE_MMPD,none,100,subject7,subject7_L3_MO1_E1_S5_GE1_GL1_H2_MA2,0.1780099271013036
PURE_MMPD,none,100,subject7,subject7_L3_MO3_E2_S5_GE1_GL1_H2_MA2,0.1748839480513218
PURE_MMPD,none,100,subject7,subject7_L3_MO4_E2_S5_GE1_GL1_H2_MA2,0.1448120990753031
PURE_MMPD,none,100,subject7,subject7_L4_MO1_E1_S5_GE1_GL1_H2_MA2,0.0873571610812754
PURE_MMPD,none,100,subject7,subject7_L4_MO1_E2_S5_GE1_GL1_H2_MA2,0.299984508564532
PURE_MMPD,none,100,subject7,subject7_L4_MO2_E2_S5_GE1_GL1_H2_MA2,0.0844867345300641
PURE_MMPD,none,100,subject7,subject7_L4_MO3_E2_S5_GE1_GL1_H2_MA2,0.1466491045113392
PURE_MMPD,none,100,subject7,subject7_L4_MO4_E2_S5_GE1_GL1_H2_MA2,0.1650885413213506
PURE_MMPD,none,202,subject10,subject10_L1_MO1_E1_S4_GE2_GL2_H2_MA2,0.171143318934579
PURE_MMPD,none,202,subject10,subject10_L1_MO1_E2_S4_GE2_GL2_H2_MA2,0.2434111249245341
PURE_MMPD,none,202,subject10,subject10_L1_MO2_E2_S4_GE2_GL2_H2_MA2,0.131222497410771
PURE_MMPD,none,202,subject10,subject10_L1_MO3_E2_S4_GE2_GL2_H2_MA2,0.1543254121444524
PURE_MMPD,none,202,subject10,subject10_L1_MO4_E2_S4_GE2_GL2_H2_MA2,0.1692027995180046
PURE_MMPD,none,202,subject10,subject10_L2_MO1_E1_S4_GE2_GL2_H2_MA2,0.1198741776734763
PURE_MMPD,none,202,subject10,subject10_L2_MO1_E2_S4_GE2_GL2_H2_MA2,0.2813635135987016
PURE_MMPD,none,202,subject10,subject10_L2_MO2_E2_S4_GE2_GL2_H2_MA2,0.1362732763272154
PURE_MMPD,none,202,subject10,subject10_L2_MO3_E2_S4_GE2_GL2_H2_MA2,0.1563530742260987
PURE_MMPD,none,202,subject10,subject10_L2_MO4_E2_S4_GE2_GL2_H2_MA2,0.149013332929235
PURE_MMPD,none,202,subject10,subject10_L3_MO1_E1_S4_GE2_GL2_H2_MA2,0.1429312702416737
PURE_MMPD,none,202,subject10,subject10_L3_MO1_E2_S4_GE2_GL2_H2_MA2,0.2897157316673502
PURE_MMPD,none,202,subject10,subject10_L3_MO2_E2_S4_GE2_GL2_H2_MA2,0.1679500001233962
PURE_MMPD,none,202,subject10,subject10_L3_MO3_E2_S4_GE2_GL2_H2_MA2,0.1752478373613194
PURE_MMPD,none,202,subject10,subject10_L3_MO4_E2_S4_GE2_GL2_H2_MA2,0.1475565374958052
PURE_MMPD,none,202,subject10,subject10_L4_MO1_E1_S4_GE2_GL2_H2_MA2,0.1462417532829143
PURE_MMPD,none,202,subject10,subject10_L4_MO1_E2_S4_GE2_GL2_H2_MA2,0.0613361505000443
PURE_MMPD,none,202,subject10,subject10_L4_MO2_E2_S4_GE2_GL2_H2_MA2,0.1512022776408049
PURE_MMPD,none,202,subject10,subject10_L4_MO3_E2_S4_GE2_GL2_H2_MA2,0.1525470445950036
PURE_MMPD,none,202,subject10,subject10_L4_MO4_E2_S4_GE2_GL2_H2_MA2,0.1633483977403736
PURE_MMPD,none,202,subject11,subject11_L1_MO1_E1_S5_GE1_GL2_H2_MA2,0.1673817633193962
PURE_MMPD,none,202,subject11,subject11_L1_MO1_E2_S5_GE1_GL2_H2_MA2,0.1723806827827287
PURE_MMPD,none,202,subject11,subject11_L1_MO2_E2_S5_GE1_GL2_H2_MA2,0.1654033625103093
PURE_MMPD,none,202,subject11,subject11_L1_MO3_E2_S5_GE1_GL2_H2_MA2,0.1801103397689077
PURE_MMPD,none,202,subject11,subject11_L1_MO4_E2_S5_GE1_GL2_H2_MA2,0.1148460267067371
PURE_MMPD,none,202,subject11,subject11_L2_MO1_E1_S5_GE1_GL2_H2_MA2,0.185811577761091
PURE_MMPD,none,202,subject11,subject11_L2_MO1_E2_S5_GE1_GL2_H2_MA2,0.2193833087606555
PURE_MMPD,none,202,subject11,subject11_L2_MO2_E2_S5_GE1_GL2_H2_MA2,0.1431784125726402
PURE_MMPD,none,202,subject11,subject11_L2_MO3_E2_S5_GE1_GL2_H2_MA2,0.1598703812589033
PURE_MMPD,none,202,subject11,subject11_L2_MO4_E2_S5_GE1_GL2_H2_MA2,0.1208738078231537
PURE_MMPD,none,202,subject11,subject11_L3_MO1_E1_S5_GE1_GL2_H2_MA2,0.2563821557161101
PURE_MMPD,none,202,subject11,subject11_L3_MO1_E2_S5_GE1_GL2_H2_MA2,0.2814383320054513
PURE_MMPD,none,202,subject11,subject11_L3_MO2_E2_S5_GE1_GL2_H2_MA2,0.2080673765797197
PURE_MMPD,none,202,subject11,subject11_L3_MO3_E2_S5_GE1_GL2_H2_MA2,0.1284650543080275
PURE_MMPD,none,202,subject11,subject11_L3_MO4_E2_S5_GE1_GL2_H2_MA2,0.1304587686784917
PURE_MMPD,none,202,subject11,subject11_L4_MO1_E1_S5_GE1_GL2_H2_MA2,0.0815334978493568
PURE_MMPD,none,202,subject11,subject11_L4_MO1_E2_S5_GE1_GL2_H2_MA2,0.1758214438044656
PURE_MMPD,none,202,subject11,subject11_L4_MO2_E2_S5_GE1_GL2_H2_MA2,0.1816898549865744
PURE_MMPD,none,202,subject11,subject11_L4_MO3_E2_S5_GE1_GL2_H2_MA2,0.1373423446061759
PURE_MMPD,none,202,subject11,subject11_L4_MO4_E2_S5_GE1_GL2_H2_MA2,0.1188718813853308
PURE_MMPD,none,202,subject12,subject12_L1_MO1_E1_S3_GE2_GL1_H2_MA2,0.1411025959261636
PURE_MMPD,none,202,subject12,subject12_L1_MO1_E2_S3_GE2_GL1_H2_MA2,0.1839769795650366
PURE_MMPD,none,202,subject12,subject12_L1_MO2_E2_S3_GE2_GL1_H2_MA2,0.1737714899631438
PURE_MMPD,none,202,subject12,subject12_L1_MO3_E2_S3_GE2_GL1_H2_MA2,0.1296916338369839
PURE_MMPD,none,202,subject12,subject12_L1_MO4_E2_S3_GE2_GL1_H2_MA2,0.119059377185423
PURE_MMPD,none,202,subject12,subject12_L2_MO1_E1_S3_GE2_GL1_H2_MA2,0.2009449949732774
PURE_MMPD,none,202,subject12,subject12_L2_MO1_E2_S3_GE2_GL1_H2_MA2,0.2596057871699524
PURE_MMPD,none,202,subject12,subject12_L2_MO2_E2_S3_GE2_GL1_H2_MA2,0.2127816928224758
PURE_MMPD,none,202,subject12,subject12_L2_MO3_E2_S3_GE2_GL1_H2_MA2,0.1956740549321065
PURE_MMPD,none,202,subject12,subject12_L2_MO4_E2_S3_GE2_GL1_H2_MA2,0.1503453796690432
PURE_MMPD,none,202,subject12,subject12_L3_MO1_E1_S3_GE2_GL1_H2_MA2,0.3815068844812567
PURE_MMPD,none,202,subject12,subject12_L3_MO1_E2_S3_GE2_GL1_H2_MA2,0.3450745725354237
PURE_MMPD,none,202,subject12,subject12_L3_MO2_E2_S3_GE2_GL1_H2_MA2,0.2725306916864465
PURE_MMPD,none,202,subject12,subject12_L3_MO3_E2_S3_GE2_GL1_H2_MA2,0.3882593590676605
PURE_MMPD,none,202,subject12,subject12_L3_MO4_E2_S3_GE2_GL1_H2_MA2,0.1800701877617516
PURE_MMPD,none,202,subject12,subject12_L4_MO1_E1_S3_GE2_GL1_H2_MA2,0.1948439677867809
PURE_MMPD,none,202,subject12,subject12_L4_MO1_E2_S3_GE2_GL1_H2_MA2,0.3325024354678885
PURE_MMPD,none,202,subject12,subject12_L4_MO2_E2_S3_GE2_GL1_H2_MA2,0.1864554162777444
PURE_MMPD,none,202,subject12,subject12_L4_MO3_E2_S3_GE2_GL1_H2_MA2,0.2555533520705595
PURE_MMPD,none,202,subject12,subject12_L4_MO4_E2_S3_GE2_GL1_H2_MA2,0.1966915207663031
PURE_MMPD,none,202,subject13,subject13_L1_MO1_E1_S5_GE1_GL2_H2_MA2,0.058345124421412
PURE_MMPD,none,202,subject13,subject13_L1_MO1_E2_S5_GE1_GL2_H2_MA2,0.1632229648300019
PURE_MMPD,none,202,subject13,subject13_L1_MO2_E2_S5_GE1_GL2_H2_MA2,0.1069753012955772
PURE_MMPD,none,202,subject13,subject13_L1_MO3_E2_S5_GE1_GL2_H2_MA2,0.1507170312930627
PURE_MMPD,none,202,subject13,subject13_L1_MO4_E2_S5_GE1_GL2_H2_MA2,0.1327324182041606
PURE_MMPD,none,202,subject13,subject13_L2_MO1_E1_S5_GE1_GL2_H2_MA2,0.0633242749618463
PURE_MMPD,none,202,subject13,subject13_L2_MO1_E2_S5_GE1_GL2_H2_MA2,0.402169462573956
PURE_MMPD,none,202,subject13,subject13_L2_MO2_E2_S5_GE1_GL2_H2_MA2,0.1441220522477738
PURE_MMPD,none,202,subject13,subject13_L2_MO3_E2_S5_GE1_GL2_H2_MA2,0.2683178819708422
PURE_MMPD,none,202,subject13,subject13_L2_MO4_E2_S5_GE1_GL2_H2_MA2,0.1759674672660388
PURE_MMPD,none,202,subject13,subject13_L3_MO1_E1_S5_GE1_GL2_H2_MA2,0.120177384018343
PURE_MMPD,none,202,subject13,subject13_L3_MO1_E2_S5_GE1_GL2_H2_MA2,0.2718350025242378
PURE_MMPD,none,202,subject13,subject13_L3_MO2_E2_S5_GE1_GL2_H2_MA2,0.1691821362207009
PURE_MMPD,none,202,subject13,subject13_L3_MO3_E2_S5_GE1_GL2_H2_MA2,0.331314598655966
PURE_MMPD,none,202,subject13,subject13_L3_MO4_E2_S5_GE1_GL2_H2_MA2,0.1037969059749861
PURE_MMPD,none,202,subject13,subject13_L4_MO1_E1_S5_GE1_GL2_H2_MA2,0.1225007367418357
PURE_MMPD,none,202,subject13,subject13_L4_MO1_E2_S5_GE1_GL2_H2_MA2,0.3785889540699705
PURE_MMPD,none,202,subject13,subject13_L4_MO2_E2_S5_GE1_GL2_H2_MA2,0.1041820017587053
PURE_MMPD,none,202,subject13,subject13_L4_MO3_E2_S5_GE1_GL2_H2_MA2,0.2305595666179569
PURE_MMPD,none,202,subject13,subject13_L4_MO4_E2_S5_GE1_GL2_H2_MA2,0.1012619444270833
PURE_MMPD,none,202,subject14,subject14_L1_MO1_E1_S6_GE1_GL2_H2_MA2,0.0782068429710744
PURE_MMPD,none,202,subject14,subject14_L1_MO1_E2_S6_GE1_GL2_H2_MA2,0.1124287330718952
PURE_MMPD,none,202,subject14,subject14_L1_MO2_E2_S6_GE1_GL2_H2_MA2,0.0836977770466157
PURE_MMPD,none,202,subject14,subject14_L1_MO3_E2_S6_GE1_GL2_H2_MA2,0.2209612361320848
PURE_MMPD,none,202,subject14,subject14_L1_MO4_E2_S6_GE1_GL2_H2_MA2,0.1714414010701306
PURE_MMPD,none,202,subject14,subject14_L2_MO1_E1_S6_GE1_GL2_H2_MA2,0.094473006421366
PURE_MMPD,none,202,subject14,subject14_L2_MO1_E2_S6_GE1_GL2_H2_MA2,0.155443065765515
PURE_MMPD,none,202,subject14,subject14_L2_MO2_E2_S6_GE1_GL2_H2_MA2,0.1453083060920887
PURE_MMPD,none,202,subject14,subject14_L2_MO3_E2_S6_GE1_GL2_H2_MA2,0.1164365148870843
PURE_MMPD,none,202,subject14,subject14_L2_MO4_E2_S6_GE1_GL2_H2_MA2,0.2174526625654273
PURE_MMPD,none,202,subject14,subject14_L3_MO1_E1_S6_GE1_GL2_H2_MA2,0.0721547723663484
PURE_MMPD,none,202,subject14,subject14_L3_MO1_E2_S6_GE1_GL2_H2_MA2,0.2213392595155242
PURE_MMPD,none,202,subject14,subject14_L3_MO2_E2_S6_GE1_GL2_H2_MA2,0.1032696986761865
PURE_MMPD,none,202,subject14,subject14_L3_MO3_E2_S6_GE1_GL2_H2_MA2,0.1291041951494538
PURE_MMPD,none,202,subject14,subject14_L3_MO4_E2_S6_GE1_GL2_H2_MA2,0.1474644431770322
PURE_MMPD,none,202,subject14,subject14_L4_MO1_E1_S6_GE1_GL2_H2_MA2,0.0719507862644167
PURE_MMPD,none,202,subject14,subject14_L4_MO1_E2_S6_GE1_GL2_H2_MA2,0.0926093441097294
PURE_MMPD,none,202,subject14,subject14_L4_MO2_E2_S6_GE1_GL2_H2_MA2,0.0719919928434764
PURE_MMPD,none,202,subject14,subject14_L4_MO3_E2_S6_GE1_GL2_H2_MA2,0.1427090754071238
PURE_MMPD,none,202,subject14,subject14_L4_MO4_E2_S6_GE1_GL2_H2_MA2,0.3529450682475356
PURE_MMPD,none,202,subject15,subject15_L1_MO1_E1_S6_GE2_GL2_H2_MA2,0.0849027302155882
PURE_MMPD,none,202,subject15,subject15_L1_MO1_E2_S6_GE2_GL2_H2_MA2,0.1280184961937107
PURE_MMPD,none,202,subject15,subject15_L1_MO2_E2_S6_GE2_GL2_H2_MA2,0.1174473800772276
PURE_MMPD,none,202,subject15,subject15_L1_MO3_E2_S6_GE2_GL2_H2_MA2,0.134084934908936
PURE_MMPD,none,202,subject15,subject15_L1_MO4_E2_S6_GE2_GL2_H2_MA2,0.1200932797329915
PURE_MMPD,none,202,subject15,subject15_L2_MO1_E1_S6_GE2_GL2_H2_MA2,0.1058088116887961
PURE_MMPD,none,202,subject15,subject15_L2_MO1_E2_S6_GE2_GL2_H2_MA2,0.0930631230152392
PURE_MMPD,none,202,subject15,subject15_L2_MO2_E2_S6_GE2_GL2_H2_MA2,0.1618637704236779
PURE_MMPD,none,202,subject15,subject15_L2_MO3_E2_S6_GE2_GL2_H2_MA2,0.1763233479588067
PURE_MMPD,none,202,subject15,subject15_L2_MO4_E2_S6_GE2_GL2_H2_MA2,0.1745830062610877
PURE_MMPD,none,202,subject15,subject15_L3_MO1_E1_S6_GE2_GL2_H2_MA2,0.1168319667357536
PURE_MMPD,none,202,subject15,subject15_L3_MO1_E2_S6_GE2_GL2_H2_MA2,0.147739586043421
PURE_MMPD,none,202,subject15,subject15_L3_MO2_E2_S6_GE2_GL2_H2_MA2,0.1453712963607314
PURE_MMPD,none,202,subject15,subject15_L3_MO3_E2_S6_GE2_GL2_H2_MA2,0.1800332579411404
PURE_MMPD,none,202,subject15,subject15_L3_MO4_E2_S6_GE2_GL2_H2_MA2,0.1404414948935266
PURE_MMPD,none,202,subject15,subject15_L4_MO1_E1_S6_GE2_GL2_H2_MA2,0.1856279449985349
PURE_MMPD,none,202,subject15,subject15_L4_MO1_E2_S6_GE2_GL2_H2_MA2,0.1126417420810684
PURE_MMPD,none,202,subject15,subject15_L4_MO2_E2_S6_GE2_GL2_H2_MA2,0.1052444141417981
PURE_MMPD,none,202,subject15,subject15_L4_MO3_E2_S6_GE2_GL2_H2_MA2,0.1104159305348554
PURE_MMPD,none,202,subject15,subject15_L4_MO4_E2_S6_GE2_GL2_H2_MA2,0.1297570245171842
PURE_MMPD,none,202,subject16,subject16_L1_MO1_E1_S6_GE1_GL2_H2_MA2,0.0766392917968751
PURE_MMPD,none,202,subject16,subject16_L1_MO1_E2_S6_GE1_GL2_H2_MA2,0.1021880354626276
PURE_MMPD,none,202,subject16,subject16_L1_MO2_E2_S6_GE1_GL2_H2_MA2,0.1036372006963356
PURE_MMPD,none,202,subject16,subject16_L1_MO3_E2_S6_GE1_GL2_H2_MA2,0.0878065288297913
PURE_MMPD,none,202,subject16,subject16_L1_MO4_E2_S6_GE1_GL2_H2_MA2,0.1221836016563589
PURE_MMPD,none,202,subject16,subject16_L2_MO1_E1_S6_GE1_GL2_H2_MA2,0.204360949133268
PURE_MMPD,none,202,subject16,subject16_L2_MO1_E2_S6_GE1_GL2_H2_MA2,0.1442761092860859
PURE_MMPD,none,202,subject16,subject16_L2_MO2_E2_S6_GE1_GL2_H2_MA2,0.1821392477201073
PURE_MMPD,none,202,subject16,subject16_L2_MO3_E2_S6_GE1_GL2_H2_MA2,0.1556176127745736
PURE_MMPD,none,202,subject16,subject16_L2_MO4_E2_S6_GE1_GL2_H2_MA2,0.1216775802742379
PURE_MMPD,none,202,subject16,subject16_L3_MO1_E1_S6_GE1_GL2_H2_MA2,0.090326663268957
PURE_MMPD,none,202,subject16,subject16_L3_MO1_E2_S6_GE1_GL2_H2_MA2,0.1796656753779685
PURE_MMPD,none,202,subject16,subject16_L3_MO2_E2_S6_GE1_GL2_H2_MA2,0.1318980710280492
PURE_MMPD,none,202,subject16,subject16_L3_MO3_E2_S6_GE1_GL2_H2_MA2,0.0997826670713825
PURE_MMPD,none,202,subject16,subject16_L3_MO4_E2_S6_GE1_GL2_H2_MA2,0.0990685501766221
PURE_MMPD,none,202,subject16,subject16_L4_MO1_E1_S6_GE1_GL2_H2_MA2,0.0829601063619712
PURE_MMPD,none,202,subject16,subject16_L4_MO1_E2_S6_GE1_GL2_H2_MA2,0.2251685357835867
PURE_MMPD,none,202,subject16,subject16_L4_MO2_E2_S6_GE1_GL2_H2_MA2,0.1603149474386276
PURE_MMPD,none,202,subject16,subject16_L4_MO3_E2_S6_GE1_GL2_H2_MA2,0.2497441086220297
PURE_MMPD,none,202,subject16,subject16_L4_MO4_E2_S6_GE1_GL2_H2_MA2,0.0923152839700846
PURE_MMPD,none,202,subject17,subject17_L1_MO1_E1_S4_GE1_GL2_H2_MA2,0.0759213300418421
PURE_MMPD,none,202,subject17,subject17_L1_MO1_E2_S4_GE1_GL2_H2_MA2,0.1327060387541753
PURE_MMPD,none,202,subject17,subject17_L1_MO2_E2_S4_GE1_GL2_H2_MA2,0.1245188210798817
PURE_MMPD,none,202,subject17,subject17_L1_MO3_E2_S4_GE1_GL2_H2_MA2,0.1337739276134013
PURE_MMPD,none,202,subject17,subject17_L1_MO4_E2_S4_GE1_GL2_H2_MA2,0.1797688358745913
PURE_MMPD,none,202,subject17,subject17_L2_MO1_E1_S4_GE1_GL2_H2_MA2,0.0767358261506842
PURE_MMPD,none,202,subject17,subject17_L2_MO1_E2_S4_GE1_GL2_H2_MA2,0.1440912014572484
PURE_MMPD,none,202,subject17,subject17_L2_MO2_E2_S4_GE1_GL2_H2_MA2,0.175380377117979
PURE_MMPD,none,202,subject17,subject17_L2_MO3_E2_S4_GE1_GL2_H2_MA2,0.156523347114647
PURE_MMPD,none,202,subject17,subject17_L2_MO4_E2_S4_GE1_GL2_H2_MA2,0.1477585535352702
PURE_MMPD,none,202,subject17,subject17_L3_MO1_E1_S4_GE1_GL2_H2_MA2,0.1112513247304491
PURE_MMPD,none,202,subject17,subject17_L3_MO1_E2_S4_GE1_GL2_H2_MA2,0.1887396804010454
PURE_MMPD,none,202,subject17,subject17_L3_MO2_E2_S4_GE1_GL2_H2_MA2,0.1492714451424939
PURE_MMPD,none,202,subject17,subject17_L3_MO3_E2_S4_GE1_GL2_H2_MA2,0.1956148790045385
PURE_MMPD,none,202,subject17,subject17_L3_MO4_E2_S4_GE1_GL2_H2_MA2,0.1034770506071437
PURE_MMPD,none,202,subject17,subject17_L4_MO1_E1_S4_GE1_GL2_H2_MA2,0.0736190702449365
PURE_MMPD,none,202,subject17,subject17_L4_MO1_E2_S4_GE1_GL2_H2_MA2,0.1272458980170439
PURE_MMPD,none,202,subject17,subject17_L4_MO2_E2_S4_GE1_GL2_H2_MA2,0.1532284960653596
PURE_MMPD,none,202,subject17,subject17_L4_MO3_E2_S4_GE1_GL2_H2_MA2,0.1756818270450861
PURE_MMPD,none,202,subject17,subject17_L4_MO4_E2_S4_GE1_GL2_H2_MA2,0.1706190347122763
PURE_MMPD,none,202,subject18,subject18_L1_MO1_E1_S3_GE2_GL1_H1_MA2,0.2004754986950143
PURE_MMPD,none,202,subject18,subject18_L1_MO1_E2_S3_GE2_GL1_H1_MA2,0.1242687859756465
PURE_MMPD,none,202,subject18,subject18_L1_MO2_E2_S3_GE2_GL1_H1_MA2,0.1979558548870085
PURE_MMPD,none,202,subject18,subject18_L1_MO3_E2_S3_GE2_GL1_H1_MA2,0.1063777094082659
PURE_MMPD,none,202,subject18,subject18_L1_MO4_E2_S3_GE2_GL1_H1_MA2,0.08312686476438
PURE_MMPD,none,202,subject18,subject18_L2_MO1_E1_S3_GE2_GL1_H1_MA2,0.2700661927927254
PURE_MMPD,none,202,subject18,subject18_L2_MO1_E2_S3_GE2_GL1_H1_MA2,0.3859361576240661
PURE_MMPD,none,202,subject18,subject18_L2_MO2_E2_S3_GE2_GL1_H1_MA2,0.2529276215012644
PURE_MMPD,none,202,subject18,subject18_L2_MO3_E2_S3_GE2_GL1_H1_MA2,0.279795773968834
PURE_MMPD,none,202,subject18,subject18_L2_MO4_E2_S3_GE2_GL1_H1_MA2,0.1105121377718678
PURE_MMPD,none,202,subject18,subject18_L3_MO1_E1_S3_GE2_GL1_H1_MA2,0.1876822195255149
PURE_MMPD,none,202,subject18,subject18_L3_MO1_E2_S3_GE2_GL1_H1_MA2,0.2753981811526419
PURE_MMPD,none,202,subject18,subject18_L3_MO2_E2_S3_GE2_GL1_H1_MA2,0.1533504781280269
PURE_MMPD,none,202,subject18,subject18_L3_MO3_E2_S3_GE2_GL1_H1_MA2,0.2584723685911422
PURE_MMPD,none,202,subject18,subject18_L3_MO4_E2_S3_GE2_GL1_H1_MA2,0.1199237563543968
PURE_MMPD,none,202,subject18,subject18_L4_MO1_E1_S3_GE2_GL1_H1_MA2,0.10744628132495
PURE_MMPD,none,202,subject18,subject18_L4_MO1_E2_S3_GE2_GL1_H1_MA2,0.1757969320764558
PURE_MMPD,none,202,subject18,subject18_L4_MO2_E2_S3_GE2_GL1_H1_MA2,0.1038993061312985
PURE_MMPD,none,202,subject18,subject18_L4_MO3_E2_S3_GE2_GL1_H1_MA2,0.2348400360860153
PURE_MMPD,none,202,subject18,subject18_L4_MO4_E2_S3_GE2_GL1_H1_MA2,0.1379148841526751
PURE_MMPD,none,202,subject19,subject19_L1_MO1_E1_S3_GE2_GL2_H1_MA2,0.1722656055329819
PURE_MMPD,none,202,subject19,subject19_L1_MO1_E2_S3_GE2_GL2_H1_MA2,0.292197268920146
PURE_MMPD,none,202,subject19,subject19_L1_MO2_E2_S3_GE2_GL2_H1_MA2,0.2741987473356897
PURE_MMPD,none,202,subject19,subject19_L1_MO3_E2_S3_GE2_GL2_H1_MA2,0.1839194040782512
PURE_MMPD,none,202,subject19,subject19_L1_MO4_E2_S3_GE2_GL2_H1_MA2,0.1519910919342481
PURE_MMPD,none,202,subject19,subject19_L2_MO1_E1_S3_GE2_GL2_H1_MA2,0.334557162827916
PURE_MMPD,none,202,subject19,subject19_L2_MO1_E2_S3_GE2_GL2_H1_MA2,0.2247807930147908
PURE_MMPD,none,202,subject19,subject19_L2_MO2_E2_S3_GE2_GL2_H1_MA2,0.2630216820920833
PURE_MMPD,none,202,subject19,subject19_L2_MO3_E2_S3_GE2_GL2_H1_MA2,0.3453170140439489
PURE_MMPD,none,202,subject19,subject19_L2_MO4_E2_S3_GE2_GL2_H1_MA2,0.139475150876169
PURE_MMPD,none,202,subject19,subject19_L3_MO1_E1_S3_GE2_GL2_H1_MA2,0.443793798407078
PURE_MMPD,none,202,subject19,subject19_L3_MO1_E2_S3_GE2_GL2_H1_MA2,0.5021557521275969
PURE_MMPD,none,202,subject19,subject19_L3_MO2_E2_S3_GE2_GL2_H1_MA2,0.1671225054784463
PURE_MMPD,none,202,subject19,subject19_L3_MO3_E2_S3_GE2_GL2_H1_MA2,0.1756424643840629
PURE_MMPD,none,202,subject19,subject19_L3_MO4_E2_S3_GE2_GL2_H1_MA2,0.1031577477886062
PURE_MMPD,none,202,subject19,subject19_L4_MO1_E1_S3_GE2_GL2_H1_MA2,0.44190193642437
PURE_MMPD,none,202,subject19,subject19_L4_MO1_E2_S3_GE2_GL2_H1_MA2,0.3150583713943062
PURE_MMPD,none,202,subject19,subject19_L4_MO2_E2_S3_GE2_GL2_H1_MA2,0.2553707233504385
PURE_MMPD,none,202,subject19,subject19_L4_MO3_E2_S3_GE2_GL2_H1_MA2,0.2000085969405583
PURE_MMPD,none,202,subject19,subject19_L4_MO4_E2_S3_GE2_GL2_H1_MA2,0.153863240785339
PURE_MMPD,none,202,subject1,subject1_L1_MO1_E1_S4_GE1_GL1_H2_MA2,0.1097893462716215
PURE_MMPD,none,202,subject1,subject1_L1_MO1_E2_S4_GE1_GL1_H2_MA2,0.1132916162655821
PURE_MMPD,none,202,subject1,subject1_L1_MO2_E2_S4_GE1_GL1_H2_MA2,0.0861624553300438
PURE_MMPD,none,202,subject1,subject1_L1_MO3_E2_S4_GE1_GL1_H2_MA2,0.0896565972752218
PURE_MMPD,none,202,subject1,subject1_L1_MO4_E2_S4_GE1_GL1_H2_MA2,0.0784233626424094
PURE_MMPD,none,202,subject1,subject1_L2_MO1_E1_S4_GE1_GL1_H2_MA2,0.1103022904773897
PURE_MMPD,none,202,subject1,subject1_L2_MO1_E2_S4_GE1_GL1_H2_MA2,0.1431872699372333
PURE_MMPD,none,202,subject1,subject1_L2_MO2_E2_S4_GE1_GL1_H2_MA2,0.1104293422722694
PURE_MMPD,none,202,subject1,subject1_L2_MO3_E2_S4_GE1_GL1_H2_MA2,0.1316974700780493
PURE_MMPD,none,202,subject1,subject1_L2_MO4_E2_S4_GE1_GL1_H2_MA2,0.0941759571696712
PURE_MMPD,none,202,subject1,subject1_L3_MO1_E1_S4_GE1_GL1_H2_MA2,0.1431096167762753
PURE_MMPD,none,202,subject1,subject1_L3_MO1_E2_S4_GE1_GL1_H2_MA2,0.1085214751108008
PURE_MMPD,none,202,subject1,subject1_L3_MO2_E2_S4_GE1_GL1_H2_MA2,0.0903687766044272
PURE_MMPD,none,202,subject1,subject1_L3_MO3_E2_S4_GE1_GL1_H2_MA2,0.1497478394208626
PURE_MMPD,none,202,subject1,subject1_L3_MO4_E2_S4_GE1_GL1_H2_MA2,0.0783425267177091
PURE_MMPD,none,202,subject1,subject1_L4_MO1_E1_S4_GE1_GL1_H2_MA2,0.1282767657740607
PURE_MMPD,none,202,subject1,subject1_L4_MO1_E2_S4_GE1_GL1_H2_MA2,0.1502380100681412
PURE_MMPD,none,202,subject1,subject1_L4_MO2_E2_S4_GE1_GL1_H2_MA2,0.0896607336706604
PURE_MMPD,none,202,subject1,subject1_L4_MO3_E2_S4_GE1_GL1_H2_MA2,0.1126588252036944
PURE_MMPD,none,202,subject1,subject1_L4_MO4_E2_S4_GE1_GL1_H2_MA2,0.1479122176410471
PURE_MMPD,none,202,subject20,subject20_L1_MO1_E1_S3_GE1_GL2_H2_MA2,0.1151598187229121
PURE_MMPD,none,202,subject20,subject20_L1_MO1_E2_S3_GE1_GL2_H2_MA2,0.1744849904753644
PURE_MMPD,none,202,subject20,subject20_L1_MO2_E2_S3_GE1_GL2_H2_MA2,0.2414044214027598
PURE_MMPD,none,202,subject20,subject20_L1_MO3_E2_S3_GE1_GL2_H2_MA2,0.2595750211731051
PURE_MMPD,none,202,subject20,subject20_L1_MO4_E2_S3_GE1_GL2_H2_MA2,0.2190776079358276
PURE_MMPD,none,202,subject20,subject20_L2_MO1_E1_S3_GE1_GL2_H2_MA2,0.4160578835587689
PURE_MMPD,none,202,subject20,subject20_L2_MO1_E2_S3_GE1_GL2_H2_MA2,0.3669994951249846
PURE_MMPD,none,202,subject20,subject20_L2_MO2_E2_S3_GE1_GL2_H2_MA2,0.2027236258225401
PURE_MMPD,none,202,subject20,subject20_L2_MO3_E2_S3_GE1_GL2_H2_MA2,0.4019712625275747
PURE_MMPD,none,202,subject20,subject20_L2_MO4_E2_S3_GE1_GL2_H2_MA2,0.1354719582587358
PURE_MMPD,none,202,subject20,subject20_L3_MO1_E1_S3_GE1_GL2_H2_MA2,0.2147816041785934
PURE_MMPD,none,202,subject20,subject20_L3_MO1_E2_S3_GE1_GL2_H2_MA2,0.409383791040638
PURE_MMPD,none,202,subject20,subject20_L3_MO2_E2_S3_GE1_GL2_H2_MA2,0.2815890523949847
PURE_MMPD,none,202,subject20,subject20_L3_MO3_E2_S3_GE1_GL2_H2_MA2,0.4262239526772328
PURE_MMPD,none,202,subject20,subject20_L3_MO4_E2_S3_GE1_GL2_H2_MA2,0.1799264893528824
PURE_MMPD,none,202,subject20,subject20_L4_MO1_E1_S3_GE1_GL2_H2_MA2,0.0740771164201432
PURE_MMPD,none,202,subject20,subject20_L4_MO1_E2_S3_GE1_GL2_H2_MA2,0.2531866705337285
PURE_MMPD,none,202,subject20,subject20_L4_MO2_E2_S3_GE1_GL2_H2_MA2,0.1373349425080985
PURE_MMPD,none,202,subject20,subject20_L4_MO3_E2_S3_GE1_GL2_H2_MA2,0.2546536327468361
PURE_MMPD,none,202,subject20,subject20_L4_MO4_E2_S3_GE1_GL2_H2_MA2,0.1137008095531655
PURE_MMPD,none,202,subject21,subject21_L1_MO1_E1_S3_GE2_GL1_H2_MA1,0.1915753249870357
PURE_MMPD,none,202,subject21,subject21_L1_MO1_E2_S3_GE2_GL1_H2_MA1,0.1967289673809703
PURE_MMPD,none,202,subject21,subject21_L1_MO2_E2_S3_GE2_GL1_H2_MA1,0.2150685070572655
PURE_MMPD,none,202,subject21,subject21_L1_MO3_E2_S3_GE2_GL1_H2_MA1,0.1884218540601606
PURE_MMPD,none,202,subject21,subject21_L1_MO4_E2_S3_GE2_GL1_H2_MA1,0.1260839115029871
PURE_MMPD,none,202,subject21,subject21_L2_MO1_E1_S3_GE2_GL1_H2_MA1,0.1196936582869699
PURE_MMPD,none,202,subject21,subject21_L2_MO1_E2_S3_GE2_GL1_H2_MA1,0.2967267321971897
PURE_MMPD,none,202,subject21,subject21_L2_MO2_E2_S3_GE2_GL1_H2_MA1,0.2210529429519371
PURE_MMPD,none,202,subject21,subject21_L2_MO3_E2_S3_GE2_GL1_H2_MA1,0.2051111234714537
PURE_MMPD,none,202,subject21,subject21_L2_MO4_E2_S3_GE2_GL1_H2_MA1,0.1441789025550256
PURE_MMPD,none,202,subject21,subject21_L3_MO1_E1_S3_GE2_GL1_H2_MA1,0.2377312251467844
PURE_MMPD,none,202,subject21,subject21_L3_MO1_E2_S3_GE2_GL1_H2_MA1,0.200846162698504
PURE_MMPD,none,202,subject21,subject21_L3_MO2_E2_S3_GE2_GL1_H2_MA1,0.2892081944022807
PURE_MMPD,none,202,subject21,subject21_L3_MO3_E2_S3_GE2_GL1_H2_MA1,0.2287605215325074
PURE_MMPD,none,202,subject21,subject21_L3_MO4_E2_S3_GE2_GL1_H2_MA1,0.1483159931070591
PURE_MMPD,none,202,subject21,subject21_L4_MO1_E1_S3_GE2_GL1_H2_MA1,0.0980577312414567
PURE_MMPD,none,202,subject21,subject21_L4_MO1_E2_S3_GE2_GL1_H2_MA1,0.1886846233638358
PURE_MMPD,none,202,subject21,subject21_L4_MO2_E2_S3_GE2_GL1_H2_MA1,0.1813604675991519
PURE_MMPD,none,202,subject21,subject21_L4_MO3_E2_S3_GE2_GL1_H2_MA1,0.1395791306178134
PURE_MMPD,none,202,subject21,subject21_L4_MO4_E2_S3_GE2_GL1_H2_MA1,0.1778108743189504
PURE_MMPD,none,202,subject22,subject22_L1_MO1_E1_S3_GE2_GL2_H2_MA2,0.1817944996059863
PURE_MMPD,none,202,subject22,subject22_L1_MO1_E2_S3_GE2_GL2_H2_MA2,0.1375267610700591
PURE_MMPD,none,202,subject22,subject22_L1_MO2_E2_S3_GE2_GL2_H2_MA2,0.1309988236867048
PURE_MMPD,none,202,subject22,subject22_L1_MO3_E2_S3_GE2_GL2_H2_MA2,0.0967579273099644
PURE_MMPD,none,202,subject22,subject22_L1_MO4_E2_S3_GE2_GL2_H2_MA2,0.1290562003750184
PURE_MMPD,none,202,subject22,subject22_L2_MO1_E1_S3_GE2_GL2_H2_MA2,0.3809259687995266
PURE_MMPD,none,202,subject22,subject22_L2_MO1_E2_S3_GE2_GL2_H2_MA2,0.2745001947665787
PURE_MMPD,none,202,subject22,subject22_L2_MO2_E2_S3_GE2_GL2_H2_MA2,0.2664330566414194
PURE_MMPD,none,202,subject22,subject22_L2_MO3_E2_S3_GE2_GL2_H2_MA2,0.2634758362897961
PURE_MMPD,none,202,subject22,subject22_L2_MO4_E2_S3_GE2_GL2_H2_MA2,0.1005781010953085
PURE_MMPD,none,202,subject22,subject22_L3_MO1_E1_S3_GE2_GL2_H2_MA2,0.4333259055191699
PURE_MMPD,none,202,subject22,subject22_L3_MO1_E2_S3_GE2_GL2_H2_MA2,0.3242850031063516
PURE_MMPD,none,202,subject22,subject22_L3_MO2_E2_S3_GE2_GL2_H2_MA2,0.3211543545716241
PURE_MMPD,none,202,subject22,subject22_L3_MO3_E2_S3_GE2_GL2_H2_MA2,0.1869211084645755
PURE_MMPD,none,202,subject22,subject22_L3_MO4_E2_S3_GE2_GL2_H2_MA2,0.125345399539253
PURE_MMPD,none,202,subject22,subject22_L4_MO1_E1_S3_GE2_GL2_H2_MA2,0.1193977695350497
PURE_MMPD,none,202,subject22,subject22_L4_MO1_E2_S3_GE2_GL2_H2_MA2,0.224647556598845
PURE_MMPD,none,202,subject22,subject22_L4_MO2_E2_S3_GE2_GL2_H2_MA2,0.3688577457614709
PURE_MMPD,none,202,subject22,subject22_L4_MO3_E2_S3_GE2_GL2_H2_MA2,0.3346818207176504
PURE_MMPD,none,202,subject22,subject22_L4_MO4_E2_S3_GE2_GL2_H2_MA2,0.1031739864390452
PURE_MMPD,none,202,subject23,subject23_L1_MO1_E1_S5_GE2_GL2_H2_MA2,0.120098995354777
PURE_MMPD,none,202,subject23,subject23_L1_MO1_E2_S5_GE2_GL2_H2_MA2,0.1400696033231825
PURE_MMPD,none,202,subject23,subject23_L1_MO2_E2_S5_GE2_GL2_H2_MA2,0.1509599446345264
PURE_MMPD,none,202,subject23,subject23_L1_MO3_E2_S5_GE2_GL2_H2_MA2,0.1278972605344676
PURE_MMPD,none,202,subject23,subject23_L1_MO4_E2_S5_GE2_GL2_H2_MA2,0.1270719611521348
PURE_MMPD,none,202,subject23,subject23_L2_MO1_E1_S5_GE2_GL2_H2_MA2,0.1229267036317436
PURE_MMPD,none,202,subject23,subject23_L2_MO1_E2_S5_GE2_GL2_H2_MA2,0.1660366632194125
PURE_MMPD,none,202,subject23,subject23_L2_MO2_E2_S5_GE2_GL2_H2_MA2,0.154888066867411
PURE_MMPD,none,202,subject23,subject23_L2_MO3_E2_S5_GE2_GL2_H2_MA2,0.1853440486353367
PURE_MMPD,none,202,subject23,subject23_L2_MO4_E2_S5_GE2_GL2_H2_MA2,0.1330632459860333
PURE_MMPD,none,202,subject23,subject23_L3_MO1_E1_S5_GE2_GL2_H2_MA2,0.1356850292188358
PURE_MMPD,none,202,subject23,subject23_L3_MO1_E2_S5_GE2_GL2_H2_MA2,0.1456857622192263
PURE_MMPD,none,202,subject23,subject23_L3_MO2_E2_S5_GE2_GL2_H2_MA2,0.1479197518159066
PURE_MMPD,none,202,subject23,subject23_L3_MO3_E2_S5_GE2_GL2_H2_MA2,0.187887892015948
PURE_MMPD,none,202,subject23,subject23_L3_MO4_E2_S5_GE2_GL2_H2_MA2,0.1065981804362346
PURE_MMPD,none,202,subject23,subject23_L4_MO1_E1_S5_GE2_GL2_H2_MA2,0.1191949980280871
PURE_MMPD,none,202,subject23,subject23_L4_MO1_E2_S5_GE2_GL2_H2_MA2,0.1213130540336672
PURE_MMPD,none,202,subject23,subject23_L4_MO2_E2_S5_GE2_GL2_H2_MA2,0.1033673873178269
PURE_MMPD,none,202,subject23,subject23_L4_MO3_E2_S5_GE2_GL2_H2_MA2,0.1813746799464251
PURE_MMPD,none,202,subject23,subject23_L4_MO4_E2_S5_GE2_GL2_H2_MA2,0.1801316466035069
PURE_MMPD,none,202,subject24,subject24_L1_MO1_E1_S3_GE2_GL2_H2_MA1,0.4546373130472106
PURE_MMPD,none,202,subject24,subject24_L1_MO1_E2_S3_GE2_GL2_H2_MA1,0.3060711332847501
PURE_MMPD,none,202,subject24,subject24_L1_MO2_E2_S3_GE2_GL2_H2_MA1,0.4345225290357864
PURE_MMPD,none,202,subject24,subject24_L1_MO3_E2_S3_GE2_GL2_H2_MA1,0.3611231831551218
PURE_MMPD,none,202,subject24,subject24_L1_MO4_E2_S3_GE2_GL2_H2_MA1,0.1522478185620835
PURE_MMPD,none,202,subject24,subject24_L2_MO1_E1_S3_GE2_GL2_H2_MA1,0.421463722723917
PURE_MMPD,none,202,subject24,subject24_L2_MO1_E2_S3_GE2_GL2_H2_MA1,0.2277103730032345
PURE_MMPD,none,202,subject24,subject24_L2_MO2_E2_S3_GE2_GL2_H2_MA1,0.3119137599337043
PURE_MMPD,none,202,subject24,subject24_L2_MO3_E2_S3_GE2_GL2_H2_MA1,0.2867992445895746
PURE_MMPD,none,202,subject24,subject24_L2_MO4_E2_S3_GE2_GL2_H2_MA1,0.0998053742721014
PURE_MMPD,none,202,subject24,subject24_L3_MO1_E1_S3_GE2_GL2_H2_MA1,0.5224873809783867
PURE_MMPD,none,202,subject24,subject24_L3_MO1_E2_S3_GE2_GL2_H2_MA1,0.2542306395653882
PURE_MMPD,none,202,subject24,subject24_L3_MO2_E2_S3_GE2_GL2_H2_MA1,0.3230551294879659
PURE_MMPD,none,202,subject24,subject24_L3_MO3_E2_S3_GE2_GL2_H2_MA1,0.3077405075034623
PURE_MMPD,none,202,subject24,subject24_L3_MO4_E2_S3_GE2_GL2_H2_MA1,0.1042464561067755
PURE_MMPD,none,202,subject24,subject24_L4_MO1_E1_S3_GE2_GL2_H2_MA1,0.2213871133870112
PURE_MMPD,none,202,subject24,subject24_L4_MO1_E2_S3_GE2_GL2_H2_MA1,0.1626995238089994
PURE_MMPD,none,202,subject24,subject24_L4_MO2_E2_S3_GE2_GL2_H2_MA1,0.2348258392051966
PURE_MMPD,none,202,subject24,subject24_L4_MO3_E2_S3_GE2_GL2_H2_MA1,0.2030697110298877
PURE_MMPD,none,202,subject24,subject24_L4_MO4_E2_S3_GE2_GL2_H2_MA1,0.1264146339887108
PURE_MMPD,none,202,subject25,subject25_L1_MO1_E1_S3_GE2_GL2_H1_MA2,0.1022462495253923
PURE_MMPD,none,202,subject25,subject25_L1_MO1_E2_S3_GE2_GL2_H1_MA2,0.1589644062520323
PURE_MMPD,none,202,subject25,subject25_L1_MO2_E2_S3_GE2_GL2_H1_MA2,0.1295173205871073
PURE_MMPD,none,202,subject25,subject25_L1_MO3_E2_S3_GE2_GL2_H1_MA2,0.151187414884705
PURE_MMPD,none,202,subject25,subject25_L1_MO4_E2_S3_GE2_GL2_H1_MA2,0.1426946109071306
PURE_MMPD,none,202,subject25,subject25_L2_MO1_E1_S3_GE2_GL2_H1_MA2,0.2013494084214486
PURE_MMPD,none,202,subject25,subject25_L2_MO1_E2_S3_GE2_GL2_H1_MA2,0.3283943755263097
PURE_MMPD,none,202,subject25,subject25_L2_MO2_E2_S3_GE2_GL2_H1_MA2,0.3547514771179763
PURE_MMPD,none,202,subject25,subject25_L2_MO3_E2_S3_GE2_GL2_H1_MA2,0.2762579872019751
PURE_MMPD,none,202,subject25,subject25_L2_MO4_E2_S3_GE2_GL2_H1_MA2,0.1673520200073223
PURE_MMPD,none,202,subject25,subject25_L3_MO1_E1_S3_GE2_GL2_H1_MA2,0.1956308586363307
PURE_MMPD,none,202,subject25,subject25_L3_MO1_E2_S3_GE2_GL2_H1_MA2,0.4318586922778887
PURE_MMPD,none,202,subject25,subject25_L3_MO2_E2_S3_GE2_GL2_H1_MA2,0.2272496310307353
PURE_MMPD,none,202,subject25,subject25_L3_MO3_E2_S3_GE2_GL2_H1_MA2,0.2000464347465856
PURE_MMPD,none,202,subject25,subject25_L3_MO4_E2_S3_GE2_GL2_H1_MA2,0.1271210484493032
PURE_MMPD,none,202,subject25,subject25_L4_MO1_E1_S3_GE2_GL2_H1_MA2,0.269587433608772
PURE_MMPD,none,202,subject25,subject25_L4_MO1_E2_S3_GE2_GL2_H1_MA2,0.2024190706589207
PURE_MMPD,none,202,subject25,subject25_L4_MO2_E2_S3_GE2_GL2_H1_MA2,0.1505414986461909
PURE_MMPD,none,202,subject25,subject25_L4_MO3_E2_S3_GE2_GL2_H1_MA2,0.1820805320475524
PURE_MMPD,none,202,subject25,subject25_L4_MO4_E2_S3_GE2_GL2_H1_MA2,0.1881382471330845
PURE_MMPD,none,202,subject26,subject26_L1_MO1_E1_S6_GE1_GL2_H2_MA2,0.1423723083465523
PURE_MMPD,none,202,subject26,subject26_L1_MO1_E2_S6_GE1_GL2_H2_MA2,0.1368598987839622
PURE_MMPD,none,202,subject26,subject26_L1_MO2_E2_S6_GE1_GL2_H2_MA2,0.2089564844152819
PURE_MMPD,none,202,subject26,subject26_L1_MO3_E2_S6_GE1_GL2_H2_MA2,0.1463739398021963
PURE_MMPD,none,202,subject26,subject26_L1_MO4_E2_S6_GE1_GL2_H2_MA2,0.1521058556312996
PURE_MMPD,none,202,subject26,subject26_L2_MO1_E1_S6_GE1_GL2_H2_MA2,0.1667698784248847
PURE_MMPD,none,202,subject26,subject26_L2_MO1_E2_S6_GE1_GL2_H2_MA2,0.1540340855126009
PURE_MMPD,none,202,subject26,subject26_L2_MO2_E2_S6_GE1_GL2_H2_MA2,0.1425208859702874
PURE_MMPD,none,202,subject26,subject26_L2_MO3_E2_S6_GE1_GL2_H2_MA2,0.1363579560273226
PURE_MMPD,none,202,subject26,subject26_L2_MO4_E2_S6_GE1_GL2_H2_MA2,0.1180300647491416
PURE_MMPD,none,202,subject26,subject26_L3_MO1_E1_S6_GE1_GL2_H2_MA2,0.117099405628884
PURE_MMPD,none,202,subject26,subject26_L3_MO1_E2_S6_GE1_GL2_H2_MA2,0.1971614387451195
PURE_MMPD,none,202,subject26,subject26_L3_MO2_E2_S6_GE1_GL2_H2_MA2,0.1496635341148072
PURE_MMPD,none,202,subject26,subject26_L3_MO3_E2_S6_GE1_GL2_H2_MA2,0.1521342821521757
PURE_MMPD,none,202,subject26,subject26_L3_MO4_E2_S6_GE1_GL2_H2_MA2,0.1347594368505824
PURE_MMPD,none,202,subject26,subject26_L4_MO1_E1_S6_GE1_GL2_H2_MA2,0.158502186789239
PURE_MMPD,none,202,subject26,subject26_L4_MO1_E2_S6_GE1_GL2_H2_MA2,0.2112985050404813
PURE_MMPD,none,202,subject26,subject26_L4_MO2_E2_S6_GE1_GL2_H2_MA2,0.1806857804245958
PURE_MMPD,none,202,subject26,subject26_L4_MO3_E2_S6_GE1_GL2_H2_MA2,0.1753675620877062
PURE_MMPD,none,202,subject26,subject26_L4_MO4_E2_S6_GE1_GL2_H2_MA2,0.1683753994074056
PURE_MMPD,none,202,subject27,subject27_L1_MO1_E1_S3_GE2_GL2_H2_MA1,0.2576866275079516
PURE_MMPD,none,202,subject27,subject27_L1_MO1_E2_S3_GE2_GL2_H2_MA1,0.3120874259405587
PURE_MMPD,none,202,subject27,subject27_L1_MO2_E2_S3_GE2_GL2_H2_MA1,0.3296549252368864
PURE_MMPD,none,202,subject27,subject27_L1_MO3_E2_S3_GE2_GL2_H2_MA1,0.2585737534585368
PURE_MMPD,none,202,subject27,subject27_L1_MO4_E2_S3_GE2_GL2_H2_MA1,0.1151435611920674
PURE_MMPD,none,202,subject27,subject27_L2_MO1_E1_S3_GE2_GL2_H2_MA1,0.2349376992180318
PURE_MMPD,none,202,subject27,subject27_L2_MO1_E2_S3_GE2_GL2_H2_MA1,0.2318216920377463
PURE_MMPD,none,202,subject27,subject27_L2_MO2_E2_S3_GE2_GL2_H2_MA1,0.3292219302692251
PURE_MMPD,none,202,subject27,subject27_L2_MO3_E2_S3_GE2_GL2_H2_MA1,0.2246229119346095
PURE_MMPD,none,202,subject27,subject27_L2_MO4_E2_S3_GE2_GL2_H2_MA1,0.1345268641327648
PURE_MMPD,none,202,subject27,subject27_L3_MO1_E1_S3_GE2_GL2_H2_MA1,0.280495831258147
PURE_MMPD,none,202,subject27,subject27_L3_MO1_E2_S3_GE2_GL2_H2_MA1,0.3181857205925895
PURE_MMPD,none,202,subject27,subject27_L3_MO2_E2_S3_GE2_GL2_H2_MA1,0.2634270704907737
PURE_MMPD,none,202,subject27,subject27_L3_MO3_E2_S3_GE2_GL2_H2_MA1,0.2998392980221864
PURE_MMPD,none,202,subject27,subject27_L3_MO4_E2_S3_GE2_GL2_H2_MA1,0.1483004225693813
PURE_MMPD,none,202,subject27,subject27_L4_MO1_E1_S3_GE2_GL2_H2_MA1,0.4080937447602498
PURE_MMPD,none,202,subject27,subject27_L4_MO1_E2_S3_GE2_GL2_H2_MA1,0.2637160874384236
PURE_MMPD,none,202,subject27,subject27_L4_MO2_E2_S3_GE2_GL2_H2_MA1,0.3675542376019534
PURE_MMPD,none,202,subject27,subject27_L4_MO3_E2_S3_GE2_GL2_H2_MA1,0.4724037213458824
PURE_MMPD,none,202,subject27,subject27_L4_MO4_E2_S3_GE2_GL2_H2_MA1,0.1175914454940864
PURE_MMPD,none,202,subject28,subject28_L1_MO1_E1_S5_GE2_GL2_H2_MA2,0.1266336685633417
PURE_MMPD,none,202,subject28,subject28_L1_MO1_E2_S5_GE2_GL2_H2_MA2,0.1221734156828125
PURE_MMPD,none,202,subject28,subject28_L1_MO2_E2_S5_GE2_GL2_H2_MA2,0.1381890293629166
PURE_MMPD,none,202,subject28,subject28_L1_MO3_E2_S5_GE2_GL2_H2_MA2,0.111513931740439
PURE_MMPD,none,202,subject28,subject28_L1_MO4_E2_S5_GE2_GL2_H2_MA2,0.1331667746785647
PURE_MMPD,none,202,subject28,subject28_L2_MO1_E1_S5_GE2_GL2_H2_MA2,0.1209015795995352
PURE_MMPD,none,202,subject28,subject28_L2_MO1_E2_S5_GE2_GL2_H2_MA2,0.1156755984753628
PURE_MMPD,none,202,subject28,subject28_L2_MO2_E2_S5_GE2_GL2_H2_MA2,0.0686663509238725
PURE_MMPD,none,202,subject28,subject28_L2_MO3_E2_S5_GE2_GL2_H2_MA2,0.1035132286366134
PURE_MMPD,none,202,subject28,subject28_L2_MO4_E2_S5_GE2_GL2_H2_MA2,0.1708067679473799
PURE_MMPD,none,202,subject28,subject28_L3_MO1_E1_S5_GE2_GL2_H2_MA2,0.1794411798202004
PURE_MMPD,none,202,subject28,subject28_L3_MO1_E2_S5_GE2_GL2_H2_MA2,0.1384184153196812
PURE_MMPD,none,202,subject28,subject28_L3_MO2_E2_S5_GE2_GL2_H2_MA2,0.0974716470532991
PURE_MMPD,none,202,subject28,subject28_L3_MO3_E2_S5_GE2_GL2_H2_MA2,0.1110689583270761
PURE_MMPD,none,202,subject28,subject28_L3_MO4_E2_S5_GE2_GL2_H2_MA2,0.1729313418261148
PURE_MMPD,none,202,subject28,subject28_L4_MO1_E1_S5_GE2_GL2_H2_MA2,0.1235748305281912
PURE_MMPD,none,202,subject28,subject28_L4_MO1_E2_S5_GE2_GL2_H2_MA2,0.1374549968543776
PURE_MMPD,none,202,subject28,subject28_L4_MO2_E2_S5_GE2_GL2_H2_MA2,0.1570899239110441
PURE_MMPD,none,202,subject28,subject28_L4_MO3_E2_S5_GE2_GL2_H2_MA2,0.1450215215237487
PURE_MMPD,none,202,subject28,subject28_L4_MO4_E2_S5_GE2_GL2_H2_MA2,0.1240205505496533
PURE_MMPD,none,202,subject29,subject29_L1_MO1_E1_S3_GE2_GL1_H1_MA2,0.1368243604470169
PURE_MMPD,none,202,subject29,subject29_L1_MO1_E2_S3_GE2_GL1_H1_MA2,0.2213474658359168
PURE_MMPD,none,202,subject29,subject29_L1_MO2_E2_S3_GE2_GL1_H1_MA2,0.2861323660620201
PURE_MMPD,none,202,subject29,subject29_L1_MO3_E2_S3_GE2_GL1_H1_MA2,0.3782943167327094
PURE_MMPD,none,202,subject29,subject29_L1_MO4_E2_S3_GE2_GL1_H1_MA2,0.1796009613615804
PURE_MMPD,none,202,subject29,subject29_L2_MO1_E1_S3_GE2_GL1_H1_MA2,0.2272179082186276
PURE_MMPD,none,202,subject29,subject29_L2_MO1_E2_S3_GE2_GL1_H1_MA2,0.3352869100306206
PURE_MMPD,none,202,subject29,subject29_L2_MO2_E2_S3_GE2_GL1_H1_MA2,0.3409663090391693
PURE_MMPD,none,202,subject29,subject29_L2_MO3_E2_S3_GE2_GL1_H1_MA2,0.3251744271749865
PURE_MMPD,none,202,subject29,subject29_L2_MO4_E2_S3_GE2_GL1_H1_MA2,0.1676427341424287
PURE_MMPD,none,202,subject29,subject29_L3_MO1_E1_S3_GE2_GL1_H1_MA2,0.2773620614283429
PURE_MMPD,none,202,subject29,subject29_L3_MO1_E2_S3_GE2_GL1_H1_MA2,0.5462545489294924
PURE_MMPD,none,202,subject29,subject29_L3_MO2_E2_S3_GE2_GL1_H1_MA2,0.4471720586714036
PURE_MMPD,none,202,subject29,subject29_L3_MO3_E2_S3_GE2_GL1_H1_MA2,0.5261354000548061
PURE_MMPD,none,202,subject29,subject29_L3_MO4_E2_S3_GE2_GL1_H1_MA2,0.1292804683343967
PURE_MMPD,none,202,subject29,subject29_L4_MO1_E1_S3_GE2_GL1_H1_MA2,0.3236682830752104
PURE_MMPD,none,202,subject29,subject29_L4_MO1_E2_S3_GE2_GL1_H1_MA2,0.4028572655911794
PURE_MMPD,none,202,subject29,subject29_L4_MO2_E2_S3_GE2_GL1_H1_MA2,0.1856793511464711
PURE_MMPD,none,202,subject29,subject29_L4_MO3_E2_S3_GE2_GL1_H1_MA2,0.1634920781779727
PURE_MMPD,none,202,subject29,subject29_L4_MO4_E2_S3_GE2_GL1_H1_MA2,0.1416708287920355
PURE_MMPD,none,202,subject2,subject2_L1_MO1_E1_S4_GE1_GL1_H1_MA2,0.1301950582113376
PURE_MMPD,none,202,subject2,subject2_L1_MO1_E2_S4_GE1_GL1_H1_MA2,0.2659046386514241
PURE_MMPD,none,202,subject2,subject2_L1_MO2_E2_S4_GE1_GL1_H1_MA2,0.2869074940851075
PURE_MMPD,none,202,subject2,subject2_L1_MO3_E2_S4_GE1_GL1_H1_MA2,0.2637021864950836
PURE_MMPD,none,202,subject2,subject2_L1_MO4_E2_S4_GE1_GL1_H1_MA2,0.1573855609594713
PURE_MMPD,none,202,subject2,subject2_L2_MO1_E1_S4_GE1_GL1_H1_MA2,0.0737642389745981
PURE_MMPD,none,202,subject2,subject2_L2_MO1_E2_S4_GE1_GL1_H1_MA2,0.3347100079789931
PURE_MMPD,none,202,subject2,subject2_L2_MO2_E2_S4_GE1_GL1_H1_MA2,0.1874020103984183
PURE_MMPD,none,202,subject2,subject2_L2_MO3_E2_S4_GE1_GL1_H1_MA2,0.2277241704759268
PURE_MMPD,none,202,subject2,subject2_L2_MO4_E2_S4_GE1_GL1_H1_MA2,0.1165571460705357
PURE_MMPD,none,202,subject2,subject2_L3_MO1_E1_S4_GE1_GL1_H1_MA2,0.2320884364951125
PURE_MMPD,none,202,subject2,subject2_L3_MO1_E2_S4_GE1_GL1_H1_MA2,0.3947761407802149
PURE_MMPD,none,202,subject2,subject2_L3_MO2_E2_S4_GE1_GL1_H1_MA2,0.2743695890211557
PURE_MMPD,none,202,subject2,subject2_L3_MO3_E2_S4_GE1_GL1_H1_MA2,0.3504576905530535
PURE_MMPD,none,202,subject2,subject2_L3_MO4_E2_S4_GE1_GL1_H1_MA2,0.1692710032220973
PURE_MMPD,none,202,subject2,subject2_L4_MO1_E1_S4_GE1_GL1_H1_MA2,0.0947762252125744
PURE_MMPD,none,202,subject2,subject2_L4_MO1_E2_S4_GE1_GL1_H1_MA2,0.2430519011179416
PURE_MMPD,none,202,subject2,subject2_L4_MO2_E2_S4_GE1_GL1_H1_MA2,0.1115886462694278
PURE_MMPD,none,202,subject2,subject2_L4_MO3_E2_S4_GE1_GL1_H1_MA2,0.1295438476663314
PURE_MMPD,none,202,subject2,subject2_L4_MO4_E2_S4_GE1_GL1_H1_MA2,0.123508425181937
PURE_MMPD,none,202,subject30,subject30_L1_MO1_E1_S6_GE1_GL2_H2_MA2,0.0876384472155266
PURE_MMPD,none,202,subject30,subject30_L1_MO1_E2_S6_GE1_GL2_H2_MA2,0.1397052772747058
PURE_MMPD,none,202,subject30,subject30_L1_MO2_E2_S6_GE1_GL2_H2_MA2,0.1037253693464568
PURE_MMPD,none,202,subject30,subject30_L1_MO3_E2_S6_GE1_GL2_H2_MA2,0.1108188273837959
PURE_MMPD,none,202,subject30,subject30_L1_MO4_E2_S6_GE1_GL2_H2_MA2,0.1437731655031128
PURE_MMPD,none,202,subject30,subject30_L2_MO1_E1_S6_GE1_GL2_H2_MA2,0.1143532944259009
PURE_MMPD,none,202,subject30,subject30_L2_MO1_E2_S6_GE1_GL2_H2_MA2,0.185209321735208
PURE_MMPD,none,202,subject30,subject30_L2_MO2_E2_S6_GE1_GL2_H2_MA2,0.1072962808850568
PURE_MMPD,none,202,subject30,subject30_L2_MO3_E2_S6_GE1_GL2_H2_MA2,0.1731003352047243
PURE_MMPD,none,202,subject30,subject30_L2_MO4_E2_S6_GE1_GL2_H2_MA2,0.0977239373375176
PURE_MMPD,none,202,subject30,subject30_L3_MO1_E1_S6_GE1_GL2_H2_MA2,0.1634690697901358
PURE_MMPD,none,202,subject30,subject30_L3_MO1_E2_S6_GE1_GL2_H2_MA2,0.3901181415730711
PURE_MMPD,none,202,subject30,subject30_L3_MO2_E2_S6_GE1_GL2_H2_MA2,0.1094771205291658
PURE_MMPD,none,202,subject30,subject30_L3_MO3_E2_S6_GE1_GL2_H2_MA2,0.3228958401944902
PURE_MMPD,none,202,subject30,subject30_L3_MO4_E2_S6_GE1_GL2_H2_MA2,0.1273873769947805
PURE_MMPD,none,202,subject30,subject30_L4_MO1_E1_S6_GE1_GL2_H2_MA2,0.0982181032017858
PURE_MMPD,none,202,subject30,subject30_L4_MO1_E2_S6_GE1_GL2_H2_MA2,0.1808254726955446
PURE_MMPD,none,202,subject30,subject30_L4_MO2_E2_S6_GE1_GL2_H2_MA2,0.0886156547490338
PURE_MMPD,none,202,subject30,subject30_L4_MO3_E2_S6_GE1_GL2_H2_MA2,0.2893238530171798
PURE_MMPD,none,202,subject30,subject30_L4_MO4_E2_S6_GE1_GL2_H2_MA2,0.1531201633788524
PURE_MMPD,none,202,subject31,subject31_L1_MO1_E1_S5_GE1_GL2_H2_MA2,0.0723713680504912
PURE_MMPD,none,202,subject31,subject31_L1_MO1_E2_S5_GE1_GL2_H2_MA2,0.0972476240621796
PURE_MMPD,none,202,subject31,subject31_L1_MO2_E2_S5_GE1_GL2_H2_MA2,0.1063276238812153
PURE_MMPD,none,202,subject31,subject31_L1_MO3_E2_S5_GE1_GL2_H2_MA2,0.1066490403957457
PURE_MMPD,none,202,subject31,subject31_L1_MO4_E2_S5_GE1_GL2_H2_MA2,0.1335820615053017
PURE_MMPD,none,202,subject31,subject31_L2_MO1_E1_S5_GE1_GL2_H2_MA2,0.126251243434835
PURE_MMPD,none,202,subject31,subject31_L2_MO1_E2_S5_GE1_GL2_H2_MA2,0.1195734415182087
PURE_MMPD,none,202,subject31,subject31_L2_MO2_E2_S5_GE1_GL2_H2_MA2,0.0906261111051845
PURE_MMPD,none,202,subject31,subject31_L2_MO3_E2_S5_GE1_GL2_H2_MA2,0.1909651241424307
PURE_MMPD,none,202,subject31,subject31_L2_MO4_E2_S5_GE1_GL2_H2_MA2,0.1353708022854813
PURE_MMPD,none,202,subject31,subject31_L3_MO1_E1_S5_GE1_GL2_H2_MA2,0.0905690719809765
PURE_MMPD,none,202,subject31,subject31_L3_MO1_E2_S5_GE1_GL2_H2_MA2,0.0869524244582382
PURE_MMPD,none,202,subject31,subject31_L3_MO2_E2_S5_GE1_GL2_H2_MA2,0.1333382559484946
PURE_MMPD,none,202,subject31,subject31_L3_MO3_E2_S5_GE1_GL2_H2_MA2,0.156747450585993
PURE_MMPD,none,202,subject31,subject31_L3_MO4_E2_S5_GE1_GL2_H2_MA2,0.1264996610453912
PURE_MMPD,none,202,subject31,subject31_L4_MO1_E1_S5_GE1_GL2_H2_MA2,0.0774493889835278
PURE_MMPD,none,202,subject31,subject31_L4_MO1_E2_S5_GE1_GL2_H2_MA2,0.156009278508611
PURE_MMPD,none,202,subject31,subject31_L4_MO2_E2_S5_GE1_GL2_H2_MA2,0.1234087059794688
PURE_MMPD,none,202,subject31,subject31_L4_MO3_E2_S5_GE1_GL2_H2_MA2,0.1066100789998332
PURE_MMPD,none,202,subject31,subject31_L4_MO4_E2_S5_GE1_GL2_H2_MA2,0.1398432562807945
PURE_MMPD,none,202,subject32,subject32_L1_MO1_E1_S3_GE2_GL2_H2_MA2,0.5221050012688517
PURE_MMPD,none,202,subject32,subject32_L1_MO1_E2_S3_GE2_GL2_H2_MA2,0.3139344194865465
PURE_MMPD,none,202,subject32,subject32_L1_MO2_E2_S3_GE2_GL2_H2_MA2,0.5412975421811725
PURE_MMPD,none,202,subject32,subject32_L1_MO3_E2_S3_GE2_GL2_H2_MA2,0.4046529597018111
PURE_MMPD,none,202,subject32,subject32_L1_MO4_E2_S3_GE2_GL2_H2_MA2,0.2372730020240651
PURE_MMPD,none,202,subject32,subject32_L2_MO1_E1_S3_GE2_GL2_H2_MA2,0.6882992120668199
PURE_MMPD,none,202,subject32,subject32_L2_MO1_E2_S3_GE2_GL2_H2_MA2,0.7566014657233839
PURE_MMPD,none,202,subject32,subject32_L2_MO2_E2_S3_GE2_GL2_H2_MA2,0.6379256682723152
PURE_MMPD,none,202,subject32,subject32_L2_MO3_E2_S3_GE2_GL2_H2_MA2,0.5957245834576883
PURE_MMPD,none,202,subject32,subject32_L2_MO4_E2_S3_GE2_GL2_H2_MA2,0.1916406633950111
PURE_MMPD,none,202,subject32,subject32_L3_MO1_E1_S3_GE2_GL2_H2_MA2,0.5599555449714243
PURE_MMPD,none,202,subject32,subject32_L3_MO1_E2_S3_GE2_GL2_H2_MA2,0.6798113268497066
PURE_MMPD,none,202,subject32,subject32_L3_MO2_E2_S3_GE2_GL2_H2_MA2,0.7422750941458084
PURE_MMPD,none,202,subject32,subject32_L3_MO3_E2_S3_GE2_GL2_H2_MA2,0.5001359709213193
PURE_MMPD,none,202,subject32,subject32_L3_MO4_E2_S3_GE2_GL2_H2_MA2,0.1510019562391282
PURE_MMPD,none,202,subject32,subject32_L4_MO1_E1_S3_GE2_GL2_H2_MA2,0.3931256355529419
PURE_MMPD,none,202,subject32,subject32_L4_MO1_E2_S3_GE2_GL2_H2_MA2,0.2243387146457174
PURE_MMPD,none,202,subject32,subject32_L4_MO2_E2_S3_GE2_GL2_H2_MA2,0.186389417458553
PURE_MMPD,none,202,subject32,subject32_L4_MO3_E2_S3_GE2_GL2_H2_MA2,0.2461983474101823
PURE_MMPD,none,202,subject32,subject32_L4_MO4_E2_S3_GE2_GL2_H2_MA2,0.1364647019723404
PURE_MMPD,none,202,subject33,subject33_L1_MO1_E1_S3_GE2_GL2_H2_MA2,0.0876702989920891
PURE_MMPD,none,202,subject33,subject33_L1_MO1_E2_S3_GE2_GL2_H2_MA2,0.1814824416743028
PURE_MMPD,none,202,subject33,subject33_L1_MO2_E2_S3_GE2_GL2_H2_MA2,0.1383112645730732
PURE_MMPD,none,202,subject33,subject33_L1_MO3_E2_S3_GE2_GL2_H2_MA2,0.3558386067019589
PURE_MMPD,none,202,subject33,subject33_L1_MO4_E2_S3_GE2_GL2_H2_MA2,0.145257383701195
PURE_MMPD,none,202,subject33,subject33_L2_MO1_E1_S3_GE2_GL2_H2_MA2,0.3609870840620451
PURE_MMPD,none,202,subject33,subject33_L2_MO1_E2_S3_GE2_GL2_H2_MA2,0.2688675532797505
PURE_MMPD,none,202,subject33,subject33_L2_MO2_E2_S3_GE2_GL2_H2_MA2,0.3117160480211587
PURE_MMPD,none,202,subject33,subject33_L2_MO3_E2_S3_GE2_GL2_H2_MA2,0.4541576981630145
PURE_MMPD,none,202,subject33,subject33_L2_MO4_E2_S3_GE2_GL2_H2_MA2,0.1894173324379215
PURE_MMPD,none,202,subject33,subject33_L3_MO1_E1_S3_GE2_GL2_H2_MA2,0.1937417123008884
PURE_MMPD,none,202,subject33,subject33_L3_MO1_E2_S3_GE2_GL2_H2_MA2,0.3390395995876321
PURE_MMPD,none,202,subject33,subject33_L3_MO2_E2_S3_GE2_GL2_H2_MA2,0.3175207690273741
PURE_MMPD,none,202,subject33,subject33_L3_MO3_E2_S3_GE2_GL2_H2_MA2,0.4869751530840253
PURE_MMPD,none,202,subject33,subject33_L3_MO4_E2_S3_GE2_GL2_H2_MA2,0.1518736800375986
PURE_MMPD,none,202,subject33,subject33_L4_MO1_E1_S3_GE2_GL2_H2_MA2,0.1735111745968877
PURE_MMPD,none,202,subject33,subject33_L4_MO1_E2_S3_GE2_GL2_H2_MA2,0.2237654898060704
PURE_MMPD,none,202,subject33,subject33_L4_MO2_E2_S3_GE2_GL2_H2_MA2,0.2825412502362382
PURE_MMPD,none,202,subject33,subject33_L4_MO3_E2_S3_GE2_GL2_H2_MA2,0.2520588013447861
PURE_MMPD,none,202,subject33,subject33_L4_MO4_E2_S3_GE2_GL2_H2_MA2,0.2192161954592164
PURE_MMPD,none,202,subject3,subject3_L1_MO1_E1_S3_GE1_GL2_H1_MA2,0.13858088675781
PURE_MMPD,none,202,subject3,subject3_L1_MO1_E2_S3_GE1_GL2_H1_MA2,0.1448653367473201
PURE_MMPD,none,202,subject3,subject3_L1_MO2_E2_S3_GE1_GL2_H1_MA2,0.2284765371772182
PURE_MMPD,none,202,subject3,subject3_L1_MO3_E2_S3_GE1_GL2_H1_MA2,0.1947962012602508
PURE_MMPD,none,202,subject3,subject3_L1_MO4_E2_S3_GE1_GL2_H1_MA2,0.1398571025634205
PURE_MMPD,none,202,subject3,subject3_L2_MO1_E1_S3_GE1_GL2_H1_MA2,0.1751229070932689
PURE_MMPD,none,202,subject3,subject3_L2_MO1_E2_S3_GE1_GL2_H1_MA2,0.1280905166332325
PURE_MMPD,none,202,subject3,subject3_L2_MO2_E2_S3_GE1_GL2_H1_MA2,0.2095221891667662
PURE_MMPD,none,202,subject3,subject3_L2_MO3_E2_S3_GE1_GL2_H1_MA2,0.1645437215029985
PURE_MMPD,none,202,subject3,subject3_L2_MO4_E2_S3_GE1_GL2_H1_MA2,0.1359286716369208
PURE_MMPD,none,202,subject3,subject3_L3_MO1_E1_S3_GE1_GL2_H1_MA2,0.1493264525149367
PURE_MMPD,none,202,subject3,subject3_L3_MO1_E2_S3_GE1_GL2_H1_MA2,0.1310579207623362
PURE_MMPD,none,202,subject3,subject3_L3_MO2_E2_S3_GE1_GL2_H1_MA2,0.1361171260102738
PURE_MMPD,none,202,subject3,subject3_L3_MO3_E2_S3_GE1_GL2_H1_MA2,0.1606664995081453
PURE_MMPD,none,202,subject3,subject3_L3_MO4_E2_S3_GE1_GL2_H1_MA2,0.1159055324902449
PURE_MMPD,none,202,subject3,subject3_L4_MO1_E1_S3_GE1_GL2_H1_MA2,0.1114090719143215
PURE_MMPD,none,202,subject3,subject3_L4_MO1_E2_S3_GE1_GL2_H1_MA2,0.1552984638689357
PURE_MMPD,none,202,subject3,subject3_L4_MO2_E2_S3_GE1_GL2_H1_MA2,0.1272899047081676
PURE_MMPD,none,202,subject3,subject3_L4_MO3_E2_S3_GE1_GL2_H1_MA2,0.1536922823746679
PURE_MMPD,none,202,subject3,subject3_L4_MO4_E2_S3_GE1_GL2_H1_MA2,0.1489742617967657
PURE_MMPD,none,202,subject4,subject4_L1_MO1_E1_S3_GE1_GL2_H1_MA2,0.2466053217700688
PURE_MMPD,none,202,subject4,subject4_L1_MO1_E2_S3_GE1_GL2_H1_MA2,0.2551713610596953
PURE_MMPD,none,202,subject4,subject4_L1_MO2_E2_S3_GE1_GL2_H1_MA2,0.1133122743366895
PURE_MMPD,none,202,subject4,subject4_L1_MO3_E2_S3_GE1_GL2_H1_MA2,0.2031374609498695
PURE_MMPD,none,202,subject4,subject4_L1_MO4_E2_S3_GE1_GL2_H1_MA2,0.0953579809081992
PURE_MMPD,none,202,subject4,subject4_L2_MO1_E1_S3_GE1_GL2_H1_MA2,0.1760388087104974
PURE_MMPD,none,202,subject4,subject4_L2_MO1_E2_S3_GE1_GL2_H1_MA2,0.3548048590653646
PURE_MMPD,none,202,subject4,subject4_L2_MO2_E2_S3_GE1_GL2_H1_MA2,0.2185374275090956
PURE_MMPD,none,202,subject4,subject4_L2_MO3_E2_S3_GE1_GL2_H1_MA2,0.2302504711534677
PURE_MMPD,none,202,subject4,subject4_L2_MO4_E2_S3_GE1_GL2_H1_MA2,0.1669643158731539
PURE_MMPD,none,202,subject4,subject4_L3_MO1_E1_S3_GE1_GL2_H1_MA2,0.3740508505221495
PURE_MMPD,none,202,subject4,subject4_L3_MO1_E2_S3_GE1_GL2_H1_MA2,0.2818120629742249
PURE_MMPD,none,202,subject4,subject4_L3_MO2_E2_S3_GE1_GL2_H1_MA2,0.1768868809461139
PURE_MMPD,none,202,subject4,subject4_L3_MO3_E2_S3_GE1_GL2_H1_MA2,0.3097881232415722
PURE_MMPD,none,202,subject4,subject4_L3_MO4_E2_S3_GE1_GL2_H1_MA2,0.0827004869546039
PURE_MMPD,none,202,subject4,subject4_L4_MO1_E1_S3_GE1_GL2_H1_MA2,0.1634549162746551
PURE_MMPD,none,202,subject4,subject4_L4_MO1_E2_S3_GE1_GL2_H1_MA2,0.2494630984467838
PURE_MMPD,none,202,subject4,subject4_L4_MO2_E2_S3_GE1_GL2_H1_MA2,0.1168340345373111
PURE_MMPD,none,202,subject4,subject4_L4_MO3_E2_S3_GE1_GL2_H1_MA2,0.2083711408799951
PURE_MMPD,none,202,subject4,subject4_L4_MO4_E2_S3_GE1_GL2_H1_MA2,0.1412834259813334
PURE_MMPD,none,202,subject5,subject5_L1_MO1_E1_S3_GE2_GL1_H1_MA1,0.151023023424815
PURE_MMPD,none,202,subject5,subject5_L1_MO1_E2_S3_GE2_GL1_H1_MA1,0.1893111211902275
PURE_MMPD,none,202,subject5,subject5_L1_MO2_E2_S3_GE2_GL1_H1_MA1,0.3183649196295323
PURE_MMPD,none,202,subject5,subject5_L1_MO3_E2_S3_GE2_GL1_H1_MA1,0.3278317932636034
PURE_MMPD,none,202,subject5,subject5_L1_MO4_E2_S3_GE2_GL1_H1_MA1,0.2126584319115833
PURE_MMPD,none,202,subject5,subject5_L2_MO1_E1_S3_GE2_GL1_H1_MA1,0.294571423861001
PURE_MMPD,none,202,subject5,subject5_L2_MO1_E2_S3_GE2_GL1_H1_MA1,0.3061239640256017
PURE_MMPD,none,202,subject5,subject5_L2_MO2_E2_S3_GE2_GL1_H1_MA1,0.3512367297064762
PURE_MMPD,none,202,subject5,subject5_L2_MO3_E2_S3_GE2_GL1_H1_MA1,0.2288275441767929
PURE_MMPD,none,202,subject5,subject5_L2_MO4_E2_S3_GE2_GL1_H1_MA1,0.140573607166061
PURE_MMPD,none,202,subject5,subject5_L3_MO1_E1_S3_GE2_GL1_H1_MA1,0.1877906810372775
PURE_MMPD,none,202,subject5,subject5_L3_MO1_E2_S3_GE2_GL1_H1_MA1,0.2464949283309949
PURE_MMPD,none,202,subject5,subject5_L3_MO2_E2_S3_GE2_GL1_H1_MA1,0.1264611385755216
PURE_MMPD,none,202,subject5,subject5_L3_MO3_E2_S3_GE2_GL1_H1_MA1,0.1757053095344903
PURE_MMPD,none,202,subject5,subject5_L3_MO4_E2_S3_GE2_GL1_H1_MA1,0.1411775028364628
PURE_MMPD,none,202,subject5,subject5_L4_MO1_E1_S3_GE2_GL1_H1_MA1,0.2752773253019412
PURE_MMPD,none,202,subject5,subject5_L4_MO1_E2_S3_GE2_GL1_H1_MA1,0.2382896300708049
PURE_MMPD,none,202,subject5,subject5_L4_MO2_E2_S3_GE2_GL1_H1_MA1,0.2859505923428599
PURE_MMPD,none,202,subject5,subject5_L4_MO3_E2_S3_GE2_GL1_H1_MA1,0.3764858289317497
PURE_MMPD,none,202,subject5,subject5_L4_MO4_E2_S3_GE2_GL1_H1_MA1,0.2614645723283469
PURE_MMPD,none,202,subject6,subject6_L1_MO1_E1_S3_GE1_GL2_H2_MA2,0.3585398728324679
PURE_MMPD,none,202,subject6,subject6_L1_MO1_E2_S3_GE1_GL2_H2_MA2,0.4475518381500817
PURE_MMPD,none,202,subject6,subject6_L1_MO2_E2_S3_GE1_GL2_H2_MA2,0.3747656338036306
PURE_MMPD,none,202,subject6,subject6_L1_MO3_E2_S3_GE1_GL2_H2_MA2,0.3225934491940588
PURE_MMPD,none,202,subject6,subject6_L1_MO4_E2_S3_GE1_GL2_H2_MA2,0.1280587888961712
PURE_MMPD,none,202,subject6,subject6_L2_MO1_E1_S3_GE1_GL2_H2_MA2,0.1268410300232189
PURE_MMPD,none,202,subject6,subject6_L2_MO1_E2_S3_GE1_GL2_H2_MA2,0.1860377743435695
PURE_MMPD,none,202,subject6,subject6_L2_MO2_E2_S3_GE1_GL2_H2_MA2,0.3532414616509451
PURE_MMPD,none,202,subject6,subject6_L2_MO3_E2_S3_GE1_GL2_H2_MA2,0.2083032697888914
PURE_MMPD,none,202,subject6,subject6_L2_MO4_E2_S3_GE1_GL2_H2_MA2,0.1498275323966153
PURE_MMPD,none,202,subject6,subject6_L3_MO1_E1_S3_GE1_GL2_H2_MA2,0.0702604761101642
PURE_MMPD,none,202,subject6,subject6_L3_MO1_E2_S3_GE1_GL2_H2_MA2,0.5142744141284203
PURE_MMPD,none,202,subject6,subject6_L3_MO2_E2_S3_GE1_GL2_H2_MA2,0.4746436881858029
PURE_MMPD,none,202,subject6,subject6_L3_MO3_E2_S3_GE1_GL2_H2_MA2,0.7063146714239023
PURE_MMPD,none,202,subject6,subject6_L3_MO4_E2_S3_GE1_GL2_H2_MA2,0.1316548771420992
PURE_MMPD,none,202,subject6,subject6_L4_MO1_E1_S3_GE1_GL2_H2_MA2,0.2177753586849473
PURE_MMPD,none,202,subject6,subject6_L4_MO1_E2_S3_GE1_GL2_H2_MA2,0.3194317625817949
PURE_MMPD,none,202,subject6,subject6_L4_MO2_E2_S3_GE1_GL2_H2_MA2,0.2691055426139673
PURE_MMPD,none,202,subject6,subject6_L4_MO3_E2_S3_GE1_GL2_H2_MA2,0.3637332027830048
PURE_MMPD,none,202,subject6,subject6_L4_MO4_E2_S3_GE1_GL2_H2_MA2,0.1468458859120452
PURE_MMPD,none,202,subject7,subject7_L1_MO1_E1_S5_GE1_GL1_H2_MA2,0.1155566116319464
PURE_MMPD,none,202,subject7,subject7_L1_MO1_E2_S5_GE1_GL1_H2_MA2,0.1176776923030017
PURE_MMPD,none,202,subject7,subject7_L1_MO2_E2_S5_GE1_GL1_H2_MA2,0.111836169410192
PURE_MMPD,none,202,subject7,subject7_L2_MO1_E1_S5_GE1_GL1_H2_MA2,0.0981413511636717
PURE_MMPD,none,202,subject7,subject7_L3_MO1_E1_S5_GE1_GL1_H2_MA2,0.1787971897424493
PURE_MMPD,none,202,subject7,subject7_L3_MO3_E2_S5_GE1_GL1_H2_MA2,0.1243411590509001
PURE_MMPD,none,202,subject7,subject7_L3_MO4_E2_S5_GE1_GL1_H2_MA2,0.113472142639793
PURE_MMPD,none,202,subject7,subject7_L4_MO1_E1_S5_GE1_GL1_H2_MA2,0.0850930493840666
PURE_MMPD,none,202,subject7,subject7_L4_MO1_E2_S5_GE1_GL1_H2_MA2,0.2873294461735835
PURE_MMPD,none,202,subject7,subject7_L4_MO2_E2_S5_GE1_GL1_H2_MA2,0.1090326451119062
PURE_MMPD,none,202,subject7,subject7_L4_MO3_E2_S5_GE1_GL1_H2_MA2,0.1187769808040108
PURE_MMPD,none,202,subject7,subject7_L4_MO4_E2_S5_GE1_GL1_H2_MA2,0.1421989973801667
PURE_MMPD,osc_real,42,subject10,subject10_L1_MO1_E1_S4_GE2_GL2_H2_MA2,0.2153878788475823
PURE_MMPD,osc_real,42,subject10,subject10_L1_MO1_E2_S4_GE2_GL2_H2_MA2,0.2465241459190486
PURE_MMPD,osc_real,42,subject10,subject10_L1_MO2_E2_S4_GE2_GL2_H2_MA2,0.1444585797799491
PURE_MMPD,osc_real,42,subject10,subject10_L1_MO3_E2_S4_GE2_GL2_H2_MA2,0.1540949542191738
PURE_MMPD,osc_real,42,subject10,subject10_L1_MO4_E2_S4_GE2_GL2_H2_MA2,0.175938931445985
PURE_MMPD,osc_real,42,subject10,subject10_L2_MO1_E1_S4_GE2_GL2_H2_MA2,0.1213690672234887
PURE_MMPD,osc_real,42,subject10,subject10_L2_MO1_E2_S4_GE2_GL2_H2_MA2,0.2884677601123421
PURE_MMPD,osc_real,42,subject10,subject10_L2_MO2_E2_S4_GE2_GL2_H2_MA2,0.1311905401062074
PURE_MMPD,osc_real,42,subject10,subject10_L2_MO3_E2_S4_GE2_GL2_H2_MA2,0.203920316922874
PURE_MMPD,osc_real,42,subject10,subject10_L2_MO4_E2_S4_GE2_GL2_H2_MA2,0.1597764000032391
PURE_MMPD,osc_real,42,subject10,subject10_L3_MO1_E1_S4_GE2_GL2_H2_MA2,0.1386113464894271
PURE_MMPD,osc_real,42,subject10,subject10_L3_MO1_E2_S4_GE2_GL2_H2_MA2,0.292166846002143
PURE_MMPD,osc_real,42,subject10,subject10_L3_MO2_E2_S4_GE2_GL2_H2_MA2,0.1061832614732866
PURE_MMPD,osc_real,42,subject10,subject10_L3_MO3_E2_S4_GE2_GL2_H2_MA2,0.1724731457171909
PURE_MMPD,osc_real,42,subject10,subject10_L3_MO4_E2_S4_GE2_GL2_H2_MA2,0.1430093508430238
PURE_MMPD,osc_real,42,subject10,subject10_L4_MO1_E1_S4_GE2_GL2_H2_MA2,0.1504586274244706
PURE_MMPD,osc_real,42,subject10,subject10_L4_MO1_E2_S4_GE2_GL2_H2_MA2,0.0653252670172514
PURE_MMPD,osc_real,42,subject10,subject10_L4_MO2_E2_S4_GE2_GL2_H2_MA2,0.1515342074466879
PURE_MMPD,osc_real,42,subject10,subject10_L4_MO3_E2_S4_GE2_GL2_H2_MA2,0.1481149300412194
PURE_MMPD,osc_real,42,subject10,subject10_L4_MO4_E2_S4_GE2_GL2_H2_MA2,0.1140431382548262
PURE_MMPD,osc_real,42,subject11,subject11_L1_MO1_E1_S5_GE1_GL2_H2_MA2,0.1311093098423377
PURE_MMPD,osc_real,42,subject11,subject11_L1_MO1_E2_S5_GE1_GL2_H2_MA2,0.1475208518379167
PURE_MMPD,osc_real,42,subject11,subject11_L1_MO2_E2_S5_GE1_GL2_H2_MA2,0.1584543535885278
PURE_MMPD,osc_real,42,subject11,subject11_L1_MO3_E2_S5_GE1_GL2_H2_MA2,0.1482769167523987
PURE_MMPD,osc_real,42,subject11,subject11_L1_MO4_E2_S5_GE1_GL2_H2_MA2,0.1513256858557726
PURE_MMPD,osc_real,42,subject11,subject11_L2_MO1_E1_S5_GE1_GL2_H2_MA2,0.1303493283634744
PURE_MMPD,osc_real,42,subject11,subject11_L2_MO1_E2_S5_GE1_GL2_H2_MA2,0.1884363835595212
PURE_MMPD,osc_real,42,subject11,subject11_L2_MO2_E2_S5_GE1_GL2_H2_MA2,0.139714793871442
PURE_MMPD,osc_real,42,subject11,subject11_L2_MO3_E2_S5_GE1_GL2_H2_MA2,0.1545840015245941
PURE_MMPD,osc_real,42,subject11,subject11_L2_MO4_E2_S5_GE1_GL2_H2_MA2,0.141292466375384
PURE_MMPD,osc_real,42,subject11,subject11_L3_MO1_E1_S5_GE1_GL2_H2_MA2,0.2004093370187969
PURE_MMPD,osc_real,42,subject11,subject11_L3_MO1_E2_S5_GE1_GL2_H2_MA2,0.2456726152590694
PURE_MMPD,osc_real,42,subject11,subject11_L3_MO2_E2_S5_GE1_GL2_H2_MA2,0.1417025587610871
PURE_MMPD,osc_real,42,subject11,subject11_L3_MO3_E2_S5_GE1_GL2_H2_MA2,0.1351240507676096
PURE_MMPD,osc_real,42,subject11,subject11_L3_MO4_E2_S5_GE1_GL2_H2_MA2,0.1396366679167017
PURE_MMPD,osc_real,42,subject11,subject11_L4_MO1_E1_S5_GE1_GL2_H2_MA2,0.1028507932359825
PURE_MMPD,osc_real,42,subject11,subject11_L4_MO1_E2_S5_GE1_GL2_H2_MA2,0.2369840788138995
PURE_MMPD,osc_real,42,subject11,subject11_L4_MO2_E2_S5_GE1_GL2_H2_MA2,0.226665551910989
PURE_MMPD,osc_real,42,subject11,subject11_L4_MO3_E2_S5_GE1_GL2_H2_MA2,0.1355510183627075
PURE_MMPD,osc_real,42,subject11,subject11_L4_MO4_E2_S5_GE1_GL2_H2_MA2,0.1506630079363762
PURE_MMPD,osc_real,42,subject12,subject12_L1_MO1_E1_S3_GE2_GL1_H2_MA2,0.1307789465980793
PURE_MMPD,osc_real,42,subject12,subject12_L1_MO1_E2_S3_GE2_GL1_H2_MA2,0.1719885012042097
PURE_MMPD,osc_real,42,subject12,subject12_L1_MO2_E2_S3_GE2_GL1_H2_MA2,0.1418021655078177
PURE_MMPD,osc_real,42,subject12,subject12_L1_MO3_E2_S3_GE2_GL1_H2_MA2,0.1180461445143553
PURE_MMPD,osc_real,42,subject12,subject12_L1_MO4_E2_S3_GE2_GL1_H2_MA2,0.1608060745281687
PURE_MMPD,osc_real,42,subject12,subject12_L2_MO1_E1_S3_GE2_GL1_H2_MA2,0.1408853549914574
PURE_MMPD,osc_real,42,subject12,subject12_L2_MO1_E2_S3_GE2_GL1_H2_MA2,0.2755541004906232
PURE_MMPD,osc_real,42,subject12,subject12_L2_MO2_E2_S3_GE2_GL1_H2_MA2,0.2613479472786874
PURE_MMPD,osc_real,42,subject12,subject12_L2_MO3_E2_S3_GE2_GL1_H2_MA2,0.2295598883996998
PURE_MMPD,osc_real,42,subject12,subject12_L2_MO4_E2_S3_GE2_GL1_H2_MA2,0.1750116889405055
PURE_MMPD,osc_real,42,subject12,subject12_L3_MO1_E1_S3_GE2_GL1_H2_MA2,0.3389866261094458
PURE_MMPD,osc_real,42,subject12,subject12_L3_MO1_E2_S3_GE2_GL1_H2_MA2,0.2775827636036058
PURE_MMPD,osc_real,42,subject12,subject12_L3_MO2_E2_S3_GE2_GL1_H2_MA2,0.2269456410711583
PURE_MMPD,osc_real,42,subject12,subject12_L3_MO3_E2_S3_GE2_GL1_H2_MA2,0.376191855452902
PURE_MMPD,osc_real,42,subject12,subject12_L3_MO4_E2_S3_GE2_GL1_H2_MA2,0.1501512052506017
PURE_MMPD,osc_real,42,subject12,subject12_L4_MO1_E1_S3_GE2_GL1_H2_MA2,0.165533886118475
PURE_MMPD,osc_real,42,subject12,subject12_L4_MO1_E2_S3_GE2_GL1_H2_MA2,0.2816650087415306
PURE_MMPD,osc_real,42,subject12,subject12_L4_MO2_E2_S3_GE2_GL1_H2_MA2,0.2137047087612835
PURE_MMPD,osc_real,42,subject12,subject12_L4_MO3_E2_S3_GE2_GL1_H2_MA2,0.2487796196242103
PURE_MMPD,osc_real,42,subject12,subject12_L4_MO4_E2_S3_GE2_GL1_H2_MA2,0.2775354981785936
PURE_MMPD,osc_real,42,subject13,subject13_L1_MO1_E1_S5_GE1_GL2_H2_MA2,0.0665961284758503
PURE_MMPD,osc_real,42,subject13,subject13_L1_MO1_E2_S5_GE1_GL2_H2_MA2,0.1453043255487507
PURE_MMPD,osc_real,42,subject13,subject13_L1_MO2_E2_S5_GE1_GL2_H2_MA2,0.1309640572713877
PURE_MMPD,osc_real,42,subject13,subject13_L1_MO3_E2_S5_GE1_GL2_H2_MA2,0.1290207395333924
PURE_MMPD,osc_real,42,subject13,subject13_L1_MO4_E2_S5_GE1_GL2_H2_MA2,0.1337828148580492
PURE_MMPD,osc_real,42,subject13,subject13_L2_MO1_E1_S5_GE1_GL2_H2_MA2,0.0496792996035032
PURE_MMPD,osc_real,42,subject13,subject13_L2_MO1_E2_S5_GE1_GL2_H2_MA2,0.391890051141139
PURE_MMPD,osc_real,42,subject13,subject13_L2_MO2_E2_S5_GE1_GL2_H2_MA2,0.1891550035437594
PURE_MMPD,osc_real,42,subject13,subject13_L2_MO3_E2_S5_GE1_GL2_H2_MA2,0.2854488196805483
PURE_MMPD,osc_real,42,subject13,subject13_L2_MO4_E2_S5_GE1_GL2_H2_MA2,0.1581120216211748
PURE_MMPD,osc_real,42,subject13,subject13_L3_MO1_E1_S5_GE1_GL2_H2_MA2,0.1303824036422466
PURE_MMPD,osc_real,42,subject13,subject13_L3_MO1_E2_S5_GE1_GL2_H2_MA2,0.2618494243028257
PURE_MMPD,osc_real,42,subject13,subject13_L3_MO2_E2_S5_GE1_GL2_H2_MA2,0.1213952069509163
PURE_MMPD,osc_real,42,subject13,subject13_L3_MO3_E2_S5_GE1_GL2_H2_MA2,0.3261437271414172
PURE_MMPD,osc_real,42,subject13,subject13_L3_MO4_E2_S5_GE1_GL2_H2_MA2,0.0953415809636246
PURE_MMPD,osc_real,42,subject13,subject13_L4_MO1_E1_S5_GE1_GL2_H2_MA2,0.1876935908586393
PURE_MMPD,osc_real,42,subject13,subject13_L4_MO1_E2_S5_GE1_GL2_H2_MA2,0.3651959905733916
PURE_MMPD,osc_real,42,subject13,subject13_L4_MO2_E2_S5_GE1_GL2_H2_MA2,0.108213835021016
PURE_MMPD,osc_real,42,subject13,subject13_L4_MO3_E2_S5_GE1_GL2_H2_MA2,0.2407290758589956
PURE_MMPD,osc_real,42,subject13,subject13_L4_MO4_E2_S5_GE1_GL2_H2_MA2,0.1198189375410649
PURE_MMPD,osc_real,42,subject14,subject14_L1_MO1_E1_S6_GE1_GL2_H2_MA2,0.0850712053851393
PURE_MMPD,osc_real,42,subject14,subject14_L1_MO1_E2_S6_GE1_GL2_H2_MA2,0.1210083688068108
PURE_MMPD,osc_real,42,subject14,subject14_L1_MO2_E2_S6_GE1_GL2_H2_MA2,0.0879634765332185
PURE_MMPD,osc_real,42,subject14,subject14_L1_MO3_E2_S6_GE1_GL2_H2_MA2,0.2098122535325446
PURE_MMPD,osc_real,42,subject14,subject14_L1_MO4_E2_S6_GE1_GL2_H2_MA2,0.155609191947138
PURE_MMPD,osc_real,42,subject14,subject14_L2_MO1_E1_S6_GE1_GL2_H2_MA2,0.0685138672090703
PURE_MMPD,osc_real,42,subject14,subject14_L2_MO1_E2_S6_GE1_GL2_H2_MA2,0.1416912853229149
PURE_MMPD,osc_real,42,subject14,subject14_L2_MO2_E2_S6_GE1_GL2_H2_MA2,0.1270745232996095
PURE_MMPD,osc_real,42,subject14,subject14_L2_MO3_E2_S6_GE1_GL2_H2_MA2,0.13194038272921
PURE_MMPD,osc_real,42,subject14,subject14_L2_MO4_E2_S6_GE1_GL2_H2_MA2,0.1713694859887236
PURE_MMPD,osc_real,42,subject14,subject14_L3_MO1_E1_S6_GE1_GL2_H2_MA2,0.0639496371947147
PURE_MMPD,osc_real,42,subject14,subject14_L3_MO1_E2_S6_GE1_GL2_H2_MA2,0.2211234448653344
PURE_MMPD,osc_real,42,subject14,subject14_L3_MO2_E2_S6_GE1_GL2_H2_MA2,0.1390667950272938
PURE_MMPD,osc_real,42,subject14,subject14_L3_MO3_E2_S6_GE1_GL2_H2_MA2,0.1230535475950805
PURE_MMPD,osc_real,42,subject14,subject14_L3_MO4_E2_S6_GE1_GL2_H2_MA2,0.2356101906268518
PURE_MMPD,osc_real,42,subject14,subject14_L4_MO1_E1_S6_GE1_GL2_H2_MA2,0.0861819940311291
PURE_MMPD,osc_real,42,subject14,subject14_L4_MO1_E2_S6_GE1_GL2_H2_MA2,0.0962450085846848
PURE_MMPD,osc_real,42,subject14,subject14_L4_MO2_E2_S6_GE1_GL2_H2_MA2,0.1366270398504235
PURE_MMPD,osc_real,42,subject14,subject14_L4_MO3_E2_S6_GE1_GL2_H2_MA2,0.1401635164631179
PURE_MMPD,osc_real,42,subject14,subject14_L4_MO4_E2_S6_GE1_GL2_H2_MA2,0.4289714918034926
PURE_MMPD,osc_real,42,subject15,subject15_L1_MO1_E1_S6_GE2_GL2_H2_MA2,0.0961158362616028
PURE_MMPD,osc_real,42,subject15,subject15_L1_MO1_E2_S6_GE2_GL2_H2_MA2,0.1418586247447876
PURE_MMPD,osc_real,42,subject15,subject15_L1_MO2_E2_S6_GE2_GL2_H2_MA2,0.1091704919815793
PURE_MMPD,osc_real,42,subject15,subject15_L1_MO3_E2_S6_GE2_GL2_H2_MA2,0.1155225838734991
PURE_MMPD,osc_real,42,subject15,subject15_L1_MO4_E2_S6_GE2_GL2_H2_MA2,0.1044404529368916
PURE_MMPD,osc_real,42,subject15,subject15_L2_MO1_E1_S6_GE2_GL2_H2_MA2,0.1201060856711639
PURE_MMPD,osc_real,42,subject15,subject15_L2_MO1_E2_S6_GE2_GL2_H2_MA2,0.1069731656298311
PURE_MMPD,osc_real,42,subject15,subject15_L2_MO2_E2_S6_GE2_GL2_H2_MA2,0.1600334787842125
PURE_MMPD,osc_real,42,subject15,subject15_L2_MO3_E2_S6_GE2_GL2_H2_MA2,0.1703713892724004
PURE_MMPD,osc_real,42,subject15,subject15_L2_MO4_E2_S6_GE2_GL2_H2_MA2,0.1051971153085943
PURE_MMPD,osc_real,42,subject15,subject15_L3_MO1_E1_S6_GE2_GL2_H2_MA2,0.0995223519731677
PURE_MMPD,osc_real,42,subject15,subject15_L3_MO1_E2_S6_GE2_GL2_H2_MA2,0.1551354914232472
PURE_MMPD,osc_real,42,subject15,subject15_L3_MO2_E2_S6_GE2_GL2_H2_MA2,0.1305188453285399
PURE_MMPD,osc_real,42,subject15,subject15_L3_MO3_E2_S6_GE2_GL2_H2_MA2,0.135139927385764
PURE_MMPD,osc_real,42,subject15,subject15_L3_MO4_E2_S6_GE2_GL2_H2_MA2,0.1626257384749407
PURE_MMPD,osc_real,42,subject15,subject15_L4_MO1_E1_S6_GE2_GL2_H2_MA2,0.1504761896177339
PURE_MMPD,osc_real,42,subject15,subject15_L4_MO1_E2_S6_GE2_GL2_H2_MA2,0.1325242859206329
PURE_MMPD,osc_real,42,subject15,subject15_L4_MO2_E2_S6_GE2_GL2_H2_MA2,0.1164101373493704
PURE_MMPD,osc_real,42,subject15,subject15_L4_MO3_E2_S6_GE2_GL2_H2_MA2,0.1820480529286392
PURE_MMPD,osc_real,42,subject15,subject15_L4_MO4_E2_S6_GE2_GL2_H2_MA2,0.1799517848509999
PURE_MMPD,osc_real,42,subject16,subject16_L1_MO1_E1_S6_GE1_GL2_H2_MA2,0.0703012163641665
PURE_MMPD,osc_real,42,subject16,subject16_L1_MO1_E2_S6_GE1_GL2_H2_MA2,0.1593014256068878
PURE_MMPD,osc_real,42,subject16,subject16_L1_MO2_E2_S6_GE1_GL2_H2_MA2,0.0777467266377665
PURE_MMPD,osc_real,42,subject16,subject16_L1_MO3_E2_S6_GE1_GL2_H2_MA2,0.082558207132122
PURE_MMPD,osc_real,42,subject16,subject16_L1_MO4_E2_S6_GE1_GL2_H2_MA2,0.1132067557516662
PURE_MMPD,osc_real,42,subject16,subject16_L2_MO1_E1_S6_GE1_GL2_H2_MA2,0.1988526563382205
PURE_MMPD,osc_real,42,subject16,subject16_L2_MO1_E2_S6_GE1_GL2_H2_MA2,0.1466959507968175
PURE_MMPD,osc_real,42,subject16,subject16_L2_MO2_E2_S6_GE1_GL2_H2_MA2,0.1621075392065464
PURE_MMPD,osc_real,42,subject16,subject16_L2_MO3_E2_S6_GE1_GL2_H2_MA2,0.1414380518055691
PURE_MMPD,osc_real,42,subject16,subject16_L2_MO4_E2_S6_GE1_GL2_H2_MA2,0.1365484400378034
PURE_MMPD,osc_real,42,subject16,subject16_L3_MO1_E1_S6_GE1_GL2_H2_MA2,0.0796899112034529
PURE_MMPD,osc_real,42,subject16,subject16_L3_MO1_E2_S6_GE1_GL2_H2_MA2,0.1499558395228612
PURE_MMPD,osc_real,42,subject16,subject16_L3_MO2_E2_S6_GE1_GL2_H2_MA2,0.1673469088334515
PURE_MMPD,osc_real,42,subject16,subject16_L3_MO3_E2_S6_GE1_GL2_H2_MA2,0.1036408856547887
PURE_MMPD,osc_real,42,subject16,subject16_L3_MO4_E2_S6_GE1_GL2_H2_MA2,0.1275327594710157
PURE_MMPD,osc_real,42,subject16,subject16_L4_MO1_E1_S6_GE1_GL2_H2_MA2,0.101323326831317
PURE_MMPD,osc_real,42,subject16,subject16_L4_MO1_E2_S6_GE1_GL2_H2_MA2,0.4333307898754174
PURE_MMPD,osc_real,42,subject16,subject16_L4_MO2_E2_S6_GE1_GL2_H2_MA2,0.1710511869504512
PURE_MMPD,osc_real,42,subject16,subject16_L4_MO3_E2_S6_GE1_GL2_H2_MA2,0.327577820827002
PURE_MMPD,osc_real,42,subject16,subject16_L4_MO4_E2_S6_GE1_GL2_H2_MA2,0.092547816294839
PURE_MMPD,osc_real,42,subject17,subject17_L1_MO1_E1_S4_GE1_GL2_H2_MA2,0.0877115709891788
PURE_MMPD,osc_real,42,subject17,subject17_L1_MO1_E2_S4_GE1_GL2_H2_MA2,0.15306376125645
PURE_MMPD,osc_real,42,subject17,subject17_L1_MO2_E2_S4_GE1_GL2_H2_MA2,0.1650286070719327
PURE_MMPD,osc_real,42,subject17,subject17_L1_MO3_E2_S4_GE1_GL2_H2_MA2,0.1217557372373401
PURE_MMPD,osc_real,42,subject17,subject17_L1_MO4_E2_S4_GE1_GL2_H2_MA2,0.1480114269699501
PURE_MMPD,osc_real,42,subject17,subject17_L2_MO1_E1_S4_GE1_GL2_H2_MA2,0.0824068737195836
PURE_MMPD,osc_real,42,subject17,subject17_L2_MO1_E2_S4_GE1_GL2_H2_MA2,0.1651234664184491
PURE_MMPD,osc_real,42,subject17,subject17_L2_MO2_E2_S4_GE1_GL2_H2_MA2,0.1708886616899258
PURE_MMPD,osc_real,42,subject17,subject17_L2_MO3_E2_S4_GE1_GL2_H2_MA2,0.1837481897130999
PURE_MMPD,osc_real,42,subject17,subject17_L2_MO4_E2_S4_GE1_GL2_H2_MA2,0.1332552171492877
PURE_MMPD,osc_real,42,subject17,subject17_L3_MO1_E1_S4_GE1_GL2_H2_MA2,0.0976628566439277
PURE_MMPD,osc_real,42,subject17,subject17_L3_MO1_E2_S4_GE1_GL2_H2_MA2,0.2022553592192176
PURE_MMPD,osc_real,42,subject17,subject17_L3_MO2_E2_S4_GE1_GL2_H2_MA2,0.1103597390252506
PURE_MMPD,osc_real,42,subject17,subject17_L3_MO3_E2_S4_GE1_GL2_H2_MA2,0.1527180841342404
PURE_MMPD,osc_real,42,subject17,subject17_L3_MO4_E2_S4_GE1_GL2_H2_MA2,0.126136253168387
PURE_MMPD,osc_real,42,subject17,subject17_L4_MO1_E1_S4_GE1_GL2_H2_MA2,0.0615220818459761
PURE_MMPD,osc_real,42,subject17,subject17_L4_MO1_E2_S4_GE1_GL2_H2_MA2,0.1172855024359386
PURE_MMPD,osc_real,42,subject17,subject17_L4_MO2_E2_S4_GE1_GL2_H2_MA2,0.1217894108088462
PURE_MMPD,osc_real,42,subject17,subject17_L4_MO3_E2_S4_GE1_GL2_H2_MA2,0.1842958693962906
PURE_MMPD,osc_real,42,subject17,subject17_L4_MO4_E2_S4_GE1_GL2_H2_MA2,0.1986713736262844
PURE_MMPD,osc_real,42,subject18,subject18_L1_MO1_E1_S3_GE2_GL1_H1_MA2,0.1795047550336606
PURE_MMPD,osc_real,42,subject18,subject18_L1_MO1_E2_S3_GE2_GL1_H1_MA2,0.1211044757737569
PURE_MMPD,osc_real,42,subject18,subject18_L1_MO2_E2_S3_GE2_GL1_H1_MA2,0.1955290576728973
PURE_MMPD,osc_real,42,subject18,subject18_L1_MO3_E2_S3_GE2_GL1_H1_MA2,0.1317983275500238
PURE_MMPD,osc_real,42,subject18,subject18_L1_MO4_E2_S3_GE2_GL1_H1_MA2,0.1233789881602149
PURE_MMPD,osc_real,42,subject18,subject18_L2_MO1_E1_S3_GE2_GL1_H1_MA2,0.1659907851064886
PURE_MMPD,osc_real,42,subject18,subject18_L2_MO1_E2_S3_GE2_GL1_H1_MA2,0.3095235533364023
PURE_MMPD,osc_real,42,subject18,subject18_L2_MO2_E2_S3_GE2_GL1_H1_MA2,0.2317838474633333
PURE_MMPD,osc_real,42,subject18,subject18_L2_MO3_E2_S3_GE2_GL1_H1_MA2,0.2488203298577979
PURE_MMPD,osc_real,42,subject18,subject18_L2_MO4_E2_S3_GE2_GL1_H1_MA2,0.1378049926196198
PURE_MMPD,osc_real,42,subject18,subject18_L3_MO1_E1_S3_GE2_GL1_H1_MA2,0.1503401063917761
PURE_MMPD,osc_real,42,subject18,subject18_L3_MO1_E2_S3_GE2_GL1_H1_MA2,0.2234396043407341
PURE_MMPD,osc_real,42,subject18,subject18_L3_MO2_E2_S3_GE2_GL1_H1_MA2,0.1532322885693043
PURE_MMPD,osc_real,42,subject18,subject18_L3_MO3_E2_S3_GE2_GL1_H1_MA2,0.2016381689274197
PURE_MMPD,osc_real,42,subject18,subject18_L3_MO4_E2_S3_GE2_GL1_H1_MA2,0.153844642850321
PURE_MMPD,osc_real,42,subject18,subject18_L4_MO1_E1_S3_GE2_GL1_H1_MA2,0.1251889839834875
PURE_MMPD,osc_real,42,subject18,subject18_L4_MO1_E2_S3_GE2_GL1_H1_MA2,0.1917719276800396
PURE_MMPD,osc_real,42,subject18,subject18_L4_MO2_E2_S3_GE2_GL1_H1_MA2,0.1866629224481558
PURE_MMPD,osc_real,42,subject18,subject18_L4_MO3_E2_S3_GE2_GL1_H1_MA2,0.2170012117287233
PURE_MMPD,osc_real,42,subject18,subject18_L4_MO4_E2_S3_GE2_GL1_H1_MA2,0.1433758755859883
PURE_MMPD,osc_real,42,subject19,subject19_L1_MO1_E1_S3_GE2_GL2_H1_MA2,0.1801246680265162
PURE_MMPD,osc_real,42,subject19,subject19_L1_MO1_E2_S3_GE2_GL2_H1_MA2,0.2839390547432306
PURE_MMPD,osc_real,42,subject19,subject19_L1_MO2_E2_S3_GE2_GL2_H1_MA2,0.211269141412205
PURE_MMPD,osc_real,42,subject19,subject19_L1_MO3_E2_S3_GE2_GL2_H1_MA2,0.1657631650350375
PURE_MMPD,osc_real,42,subject19,subject19_L1_MO4_E2_S3_GE2_GL2_H1_MA2,0.207627714499477
PURE_MMPD,osc_real,42,subject19,subject19_L2_MO1_E1_S3_GE2_GL2_H1_MA2,0.3089430246838842
PURE_MMPD,osc_real,42,subject19,subject19_L2_MO1_E2_S3_GE2_GL2_H1_MA2,0.265857461592568
PURE_MMPD,osc_real,42,subject19,subject19_L2_MO2_E2_S3_GE2_GL2_H1_MA2,0.2337977784176871
PURE_MMPD,osc_real,42,subject19,subject19_L2_MO3_E2_S3_GE2_GL2_H1_MA2,0.3002965645160648
PURE_MMPD,osc_real,42,subject19,subject19_L2_MO4_E2_S3_GE2_GL2_H1_MA2,0.1754235550828955
PURE_MMPD,osc_real,42,subject19,subject19_L3_MO1_E1_S3_GE2_GL2_H1_MA2,0.3819175275051678
PURE_MMPD,osc_real,42,subject19,subject19_L3_MO1_E2_S3_GE2_GL2_H1_MA2,0.4950884554610608
PURE_MMPD,osc_real,42,subject19,subject19_L3_MO2_E2_S3_GE2_GL2_H1_MA2,0.0993016000933811
PURE_MMPD,osc_real,42,subject19,subject19_L3_MO3_E2_S3_GE2_GL2_H1_MA2,0.1238681409381368
PURE_MMPD,osc_real,42,subject19,subject19_L3_MO4_E2_S3_GE2_GL2_H1_MA2,0.1330049040767017
PURE_MMPD,osc_real,42,subject19,subject19_L4_MO1_E1_S3_GE2_GL2_H1_MA2,0.4536023779179498
PURE_MMPD,osc_real,42,subject19,subject19_L4_MO1_E2_S3_GE2_GL2_H1_MA2,0.2603288152103285
PURE_MMPD,osc_real,42,subject19,subject19_L4_MO2_E2_S3_GE2_GL2_H1_MA2,0.2387391627287235
PURE_MMPD,osc_real,42,subject19,subject19_L4_MO3_E2_S3_GE2_GL2_H1_MA2,0.1548729425877323
PURE_MMPD,osc_real,42,subject19,subject19_L4_MO4_E2_S3_GE2_GL2_H1_MA2,0.1691505945228926
PURE_MMPD,osc_real,42,subject1,subject1_L1_MO1_E1_S4_GE1_GL1_H2_MA2,0.1302764907728646
PURE_MMPD,osc_real,42,subject1,subject1_L1_MO1_E2_S4_GE1_GL1_H2_MA2,0.0988483091518333
PURE_MMPD,osc_real,42,subject1,subject1_L1_MO2_E2_S4_GE1_GL1_H2_MA2,0.1358483554651386
PURE_MMPD,osc_real,42,subject1,subject1_L1_MO3_E2_S4_GE1_GL1_H2_MA2,0.1020094566462311
PURE_MMPD,osc_real,42,subject1,subject1_L1_MO4_E2_S4_GE1_GL1_H2_MA2,0.1250690380328165
PURE_MMPD,osc_real,42,subject1,subject1_L2_MO1_E1_S4_GE1_GL1_H2_MA2,0.1125421269922418
PURE_MMPD,osc_real,42,subject1,subject1_L2_MO1_E2_S4_GE1_GL1_H2_MA2,0.1462192576161843
PURE_MMPD,osc_real,42,subject1,subject1_L2_MO2_E2_S4_GE1_GL1_H2_MA2,0.1409007992097367
PURE_MMPD,osc_real,42,subject1,subject1_L2_MO3_E2_S4_GE1_GL1_H2_MA2,0.1119168747213973
PURE_MMPD,osc_real,42,subject1,subject1_L2_MO4_E2_S4_GE1_GL1_H2_MA2,0.0968171001527675
PURE_MMPD,osc_real,42,subject1,subject1_L3_MO1_E1_S4_GE1_GL1_H2_MA2,0.1208913096960287
PURE_MMPD,osc_real,42,subject1,subject1_L3_MO1_E2_S4_GE1_GL1_H2_MA2,0.1206029281194426
PURE_MMPD,osc_real,42,subject1,subject1_L3_MO2_E2_S4_GE1_GL1_H2_MA2,0.1117206146596331
PURE_MMPD,osc_real,42,subject1,subject1_L3_MO3_E2_S4_GE1_GL1_H2_MA2,0.1406373538587188
PURE_MMPD,osc_real,42,subject1,subject1_L3_MO4_E2_S4_GE1_GL1_H2_MA2,0.1123544660070413
PURE_MMPD,osc_real,42,subject1,subject1_L4_MO1_E1_S4_GE1_GL1_H2_MA2,0.128774137730654
PURE_MMPD,osc_real,42,subject1,subject1_L4_MO1_E2_S4_GE1_GL1_H2_MA2,0.1333455031942755
PURE_MMPD,osc_real,42,subject1,subject1_L4_MO2_E2_S4_GE1_GL1_H2_MA2,0.0817363690036936
PURE_MMPD,osc_real,42,subject1,subject1_L4_MO3_E2_S4_GE1_GL1_H2_MA2,0.1473421902263012
PURE_MMPD,osc_real,42,subject1,subject1_L4_MO4_E2_S4_GE1_GL1_H2_MA2,0.1268443139976166
PURE_MMPD,osc_real,42,subject20,subject20_L1_MO1_E1_S3_GE1_GL2_H2_MA2,0.1218735528562288
PURE_MMPD,osc_real,42,subject20,subject20_L1_MO1_E2_S3_GE1_GL2_H2_MA2,0.1564636451915143
PURE_MMPD,osc_real,42,subject20,subject20_L1_MO2_E2_S3_GE1_GL2_H2_MA2,0.2171591400346812
PURE_MMPD,osc_real,42,subject20,subject20_L1_MO3_E2_S3_GE1_GL2_H2_MA2,0.3192021012257481
PURE_MMPD,osc_real,42,subject20,subject20_L1_MO4_E2_S3_GE1_GL2_H2_MA2,0.1519331979840339
PURE_MMPD,osc_real,42,subject20,subject20_L2_MO1_E1_S3_GE1_GL2_H2_MA2,0.3749325861814853
PURE_MMPD,osc_real,42,subject20,subject20_L2_MO1_E2_S3_GE1_GL2_H2_MA2,0.2850030771085435
PURE_MMPD,osc_real,42,subject20,subject20_L2_MO2_E2_S3_GE1_GL2_H2_MA2,0.2564627202773203
PURE_MMPD,osc_real,42,subject20,subject20_L2_MO3_E2_S3_GE1_GL2_H2_MA2,0.4111596353541899
PURE_MMPD,osc_real,42,subject20,subject20_L2_MO4_E2_S3_GE1_GL2_H2_MA2,0.1780062453742157
PURE_MMPD,osc_real,42,subject20,subject20_L3_MO1_E1_S3_GE1_GL2_H2_MA2,0.1884508964043849
PURE_MMPD,osc_real,42,subject20,subject20_L3_MO1_E2_S3_GE1_GL2_H2_MA2,0.3399750617271883
PURE_MMPD,osc_real,42,subject20,subject20_L3_MO2_E2_S3_GE1_GL2_H2_MA2,0.2272567072516594
PURE_MMPD,osc_real,42,subject20,subject20_L3_MO3_E2_S3_GE1_GL2_H2_MA2,0.3669903225988664
PURE_MMPD,osc_real,42,subject20,subject20_L3_MO4_E2_S3_GE1_GL2_H2_MA2,0.2160167944907003
PURE_MMPD,osc_real,42,subject20,subject20_L4_MO1_E1_S3_GE1_GL2_H2_MA2,0.0810406326174636
PURE_MMPD,osc_real,42,subject20,subject20_L4_MO1_E2_S3_GE1_GL2_H2_MA2,0.1580927762113138
PURE_MMPD,osc_real,42,subject20,subject20_L4_MO2_E2_S3_GE1_GL2_H2_MA2,0.1872675349710629
PURE_MMPD,osc_real,42,subject20,subject20_L4_MO3_E2_S3_GE1_GL2_H2_MA2,0.2910475507597131
PURE_MMPD,osc_real,42,subject20,subject20_L4_MO4_E2_S3_GE1_GL2_H2_MA2,0.2005457219435278
PURE_MMPD,osc_real,42,subject21,subject21_L1_MO1_E1_S3_GE2_GL1_H2_MA1,0.1375020806511868
PURE_MMPD,osc_real,42,subject21,subject21_L1_MO1_E2_S3_GE2_GL1_H2_MA1,0.2171077148801772
PURE_MMPD,osc_real,42,subject21,subject21_L1_MO2_E2_S3_GE2_GL1_H2_MA1,0.2128692441809442
PURE_MMPD,osc_real,42,subject21,subject21_L1_MO3_E2_S3_GE2_GL1_H2_MA1,0.1793802584472156
PURE_MMPD,osc_real,42,subject21,subject21_L1_MO4_E2_S3_GE2_GL1_H2_MA1,0.1324470742763253
PURE_MMPD,osc_real,42,subject21,subject21_L2_MO1_E1_S3_GE2_GL1_H2_MA1,0.1434680489585433
PURE_MMPD,osc_real,42,subject21,subject21_L2_MO1_E2_S3_GE2_GL1_H2_MA1,0.2575430569626132
PURE_MMPD,osc_real,42,subject21,subject21_L2_MO2_E2_S3_GE2_GL1_H2_MA1,0.2035284948860363
PURE_MMPD,osc_real,42,subject21,subject21_L2_MO3_E2_S3_GE2_GL1_H2_MA1,0.2047215120105007
PURE_MMPD,osc_real,42,subject21,subject21_L2_MO4_E2_S3_GE2_GL1_H2_MA1,0.1308249946250195
PURE_MMPD,osc_real,42,subject21,subject21_L3_MO1_E1_S3_GE2_GL1_H2_MA1,0.2187404544376
PURE_MMPD,osc_real,42,subject21,subject21_L3_MO1_E2_S3_GE2_GL1_H2_MA1,0.2094358047073747
PURE_MMPD,osc_real,42,subject21,subject21_L3_MO2_E2_S3_GE2_GL1_H2_MA1,0.3019741421545975
PURE_MMPD,osc_real,42,subject21,subject21_L3_MO3_E2_S3_GE2_GL1_H2_MA1,0.203159644399669
PURE_MMPD,osc_real,42,subject21,subject21_L3_MO4_E2_S3_GE2_GL1_H2_MA1,0.137396607650727
PURE_MMPD,osc_real,42,subject21,subject21_L4_MO1_E1_S3_GE2_GL1_H2_MA1,0.1030098525509665
PURE_MMPD,osc_real,42,subject21,subject21_L4_MO1_E2_S3_GE2_GL1_H2_MA1,0.1798175078313369
PURE_MMPD,osc_real,42,subject21,subject21_L4_MO2_E2_S3_GE2_GL1_H2_MA1,0.2057108443860674
PURE_MMPD,osc_real,42,subject21,subject21_L4_MO3_E2_S3_GE2_GL1_H2_MA1,0.1463523504756311
PURE_MMPD,osc_real,42,subject21,subject21_L4_MO4_E2_S3_GE2_GL1_H2_MA1,0.1713242446378357
PURE_MMPD,osc_real,42,subject22,subject22_L1_MO1_E1_S3_GE2_GL2_H2_MA2,0.1734030709675813
PURE_MMPD,osc_real,42,subject22,subject22_L1_MO1_E2_S3_GE2_GL2_H2_MA2,0.1419425379346489
PURE_MMPD,osc_real,42,subject22,subject22_L1_MO2_E2_S3_GE2_GL2_H2_MA2,0.1549086439927506
PURE_MMPD,osc_real,42,subject22,subject22_L1_MO3_E2_S3_GE2_GL2_H2_MA2,0.1056912998625623
PURE_MMPD,osc_real,42,subject22,subject22_L1_MO4_E2_S3_GE2_GL2_H2_MA2,0.1718377710203174
PURE_MMPD,osc_real,42,subject22,subject22_L2_MO1_E1_S3_GE2_GL2_H2_MA2,0.3295247226851183
PURE_MMPD,osc_real,42,subject22,subject22_L2_MO1_E2_S3_GE2_GL2_H2_MA2,0.2540632927702144
PURE_MMPD,osc_real,42,subject22,subject22_L2_MO2_E2_S3_GE2_GL2_H2_MA2,0.2909899828704319
PURE_MMPD,osc_real,42,subject22,subject22_L2_MO3_E2_S3_GE2_GL2_H2_MA2,0.266555027677326
PURE_MMPD,osc_real,42,subject22,subject22_L2_MO4_E2_S3_GE2_GL2_H2_MA2,0.1172901613716404
PURE_MMPD,osc_real,42,subject22,subject22_L3_MO1_E1_S3_GE2_GL2_H2_MA2,0.2902101873931328
PURE_MMPD,osc_real,42,subject22,subject22_L3_MO1_E2_S3_GE2_GL2_H2_MA2,0.3482284549297649
PURE_MMPD,osc_real,42,subject22,subject22_L3_MO2_E2_S3_GE2_GL2_H2_MA2,0.305895056311889
PURE_MMPD,osc_real,42,subject22,subject22_L3_MO3_E2_S3_GE2_GL2_H2_MA2,0.1793042291788001
PURE_MMPD,osc_real,42,subject22,subject22_L3_MO4_E2_S3_GE2_GL2_H2_MA2,0.1319862046975106
PURE_MMPD,osc_real,42,subject22,subject22_L4_MO1_E1_S3_GE2_GL2_H2_MA2,0.1255802339711114
PURE_MMPD,osc_real,42,subject22,subject22_L4_MO1_E2_S3_GE2_GL2_H2_MA2,0.190106762763367
PURE_MMPD,osc_real,42,subject22,subject22_L4_MO2_E2_S3_GE2_GL2_H2_MA2,0.3610505647380302
PURE_MMPD,osc_real,42,subject22,subject22_L4_MO3_E2_S3_GE2_GL2_H2_MA2,0.2772570592500268
PURE_MMPD,osc_real,42,subject22,subject22_L4_MO4_E2_S3_GE2_GL2_H2_MA2,0.1222289711081032
PURE_MMPD,osc_real,42,subject23,subject23_L1_MO1_E1_S5_GE2_GL2_H2_MA2,0.1186841813650583
PURE_MMPD,osc_real,42,subject23,subject23_L1_MO1_E2_S5_GE2_GL2_H2_MA2,0.1412485570636662
PURE_MMPD,osc_real,42,subject23,subject23_L1_MO2_E2_S5_GE2_GL2_H2_MA2,0.1331774176809207
PURE_MMPD,osc_real,42,subject23,subject23_L1_MO3_E2_S5_GE2_GL2_H2_MA2,0.1327195372547638
PURE_MMPD,osc_real,42,subject23,subject23_L1_MO4_E2_S5_GE2_GL2_H2_MA2,0.1533679989722341
PURE_MMPD,osc_real,42,subject23,subject23_L2_MO1_E1_S5_GE2_GL2_H2_MA2,0.1434551801979935
PURE_MMPD,osc_real,42,subject23,subject23_L2_MO1_E2_S5_GE2_GL2_H2_MA2,0.1433512169195445
PURE_MMPD,osc_real,42,subject23,subject23_L2_MO2_E2_S5_GE2_GL2_H2_MA2,0.1530867225447827
PURE_MMPD,osc_real,42,subject23,subject23_L2_MO3_E2_S5_GE2_GL2_H2_MA2,0.2077329279498564
PURE_MMPD,osc_real,42,subject23,subject23_L2_MO4_E2_S5_GE2_GL2_H2_MA2,0.1195635793136132
PURE_MMPD,osc_real,42,subject23,subject23_L3_MO1_E1_S5_GE2_GL2_H2_MA2,0.1382414547060989
PURE_MMPD,osc_real,42,subject23,subject23_L3_MO1_E2_S5_GE2_GL2_H2_MA2,0.1861504916268831
PURE_MMPD,osc_real,42,subject23,subject23_L3_MO2_E2_S5_GE2_GL2_H2_MA2,0.1303162822769095
PURE_MMPD,osc_real,42,subject23,subject23_L3_MO3_E2_S5_GE2_GL2_H2_MA2,0.1674416106242435
PURE_MMPD,osc_real,42,subject23,subject23_L3_MO4_E2_S5_GE2_GL2_H2_MA2,0.1120597504440077
PURE_MMPD,osc_real,42,subject23,subject23_L4_MO1_E1_S5_GE2_GL2_H2_MA2,0.1099584195115503
PURE_MMPD,osc_real,42,subject23,subject23_L4_MO1_E2_S5_GE2_GL2_H2_MA2,0.1311241784535248
PURE_MMPD,osc_real,42,subject23,subject23_L4_MO2_E2_S5_GE2_GL2_H2_MA2,0.1050199550327657
PURE_MMPD,osc_real,42,subject23,subject23_L4_MO3_E2_S5_GE2_GL2_H2_MA2,0.2173132347492883
PURE_MMPD,osc_real,42,subject23,subject23_L4_MO4_E2_S5_GE2_GL2_H2_MA2,0.1662806468846444
PURE_MMPD,osc_real,42,subject24,subject24_L1_MO1_E1_S3_GE2_GL2_H2_MA1,0.364458863284043
PURE_MMPD,osc_real,42,subject24,subject24_L1_MO1_E2_S3_GE2_GL2_H2_MA1,0.2677477953070993
PURE_MMPD,osc_real,42,subject24,subject24_L1_MO2_E2_S3_GE2_GL2_H2_MA1,0.2794061825171297
PURE_MMPD,osc_real,42,subject24,subject24_L1_MO3_E2_S3_GE2_GL2_H2_MA1,0.3356708164095075
PURE_MMPD,osc_real,42,subject24,subject24_L1_MO4_E2_S3_GE2_GL2_H2_MA1,0.1673492421245988
PURE_MMPD,osc_real,42,subject24,subject24_L2_MO1_E1_S3_GE2_GL2_H2_MA1,0.4136019757340808
PURE_MMPD,osc_real,42,subject24,subject24_L2_MO1_E2_S3_GE2_GL2_H2_MA1,0.2307750871452191
PURE_MMPD,osc_real,42,subject24,subject24_L2_MO2_E2_S3_GE2_GL2_H2_MA1,0.2760970353630247
PURE_MMPD,osc_real,42,subject24,subject24_L2_MO3_E2_S3_GE2_GL2_H2_MA1,0.291118822044359
PURE_MMPD,osc_real,42,subject24,subject24_L2_MO4_E2_S3_GE2_GL2_H2_MA1,0.0974175497398421
PURE_MMPD,osc_real,42,subject24,subject24_L3_MO1_E1_S3_GE2_GL2_H2_MA1,0.414739303583491
PURE_MMPD,osc_real,42,subject24,subject24_L3_MO1_E2_S3_GE2_GL2_H2_MA1,0.2488321176531479
PURE_MMPD,osc_real,42,subject24,subject24_L3_MO2_E2_S3_GE2_GL2_H2_MA1,0.3414263631388205
PURE_MMPD,osc_real,42,subject24,subject24_L3_MO3_E2_S3_GE2_GL2_H2_MA1,0.2377279061704832
PURE_MMPD,osc_real,42,subject24,subject24_L3_MO4_E2_S3_GE2_GL2_H2_MA1,0.1124576026750286
PURE_MMPD,osc_real,42,subject24,subject24_L4_MO1_E1_S3_GE2_GL2_H2_MA1,0.2331847026123626
PURE_MMPD,osc_real,42,subject24,subject24_L4_MO1_E2_S3_GE2_GL2_H2_MA1,0.1273822205154333
PURE_MMPD,osc_real,42,subject24,subject24_L4_MO2_E2_S3_GE2_GL2_H2_MA1,0.177422051366522
PURE_MMPD,osc_real,42,subject24,subject24_L4_MO3_E2_S3_GE2_GL2_H2_MA1,0.2335558444604014
PURE_MMPD,osc_real,42,subject24,subject24_L4_MO4_E2_S3_GE2_GL2_H2_MA1,0.1554827969111538
PURE_MMPD,osc_real,42,subject25,subject25_L1_MO1_E1_S3_GE2_GL2_H1_MA2,0.0986747100679639
PURE_MMPD,osc_real,42,subject25,subject25_L1_MO1_E2_S3_GE2_GL2_H1_MA2,0.172450706219529
PURE_MMPD,osc_real,42,subject25,subject25_L1_MO2_E2_S3_GE2_GL2_H1_MA2,0.1099231582401686
PURE_MMPD,osc_real,42,subject25,subject25_L1_MO3_E2_S3_GE2_GL2_H1_MA2,0.1490602656911981
PURE_MMPD,osc_real,42,subject25,subject25_L1_MO4_E2_S3_GE2_GL2_H1_MA2,0.1633512736192198
PURE_MMPD,osc_real,42,subject25,subject25_L2_MO1_E1_S3_GE2_GL2_H1_MA2,0.2154120059767247
PURE_MMPD,osc_real,42,subject25,subject25_L2_MO1_E2_S3_GE2_GL2_H1_MA2,0.3291374075946447
PURE_MMPD,osc_real,42,subject25,subject25_L2_MO2_E2_S3_GE2_GL2_H1_MA2,0.2831396636462532
PURE_MMPD,osc_real,42,subject25,subject25_L2_MO3_E2_S3_GE2_GL2_H1_MA2,0.2896317420387439
PURE_MMPD,osc_real,42,subject25,subject25_L2_MO4_E2_S3_GE2_GL2_H1_MA2,0.1535357660503479
PURE_MMPD,osc_real,42,subject25,subject25_L3_MO1_E1_S3_GE2_GL2_H1_MA2,0.2103733076714564
PURE_MMPD,osc_real,42,subject25,subject25_L3_MO1_E2_S3_GE2_GL2_H1_MA2,0.4011323577286428
PURE_MMPD,osc_real,42,subject25,subject25_L3_MO2_E2_S3_GE2_GL2_H1_MA2,0.2151914839096154
PURE_MMPD,osc_real,42,subject25,subject25_L3_MO3_E2_S3_GE2_GL2_H1_MA2,0.2158976669763429
PURE_MMPD,osc_real,42,subject25,subject25_L3_MO4_E2_S3_GE2_GL2_H1_MA2,0.1603198593510725
PURE_MMPD,osc_real,42,subject25,subject25_L4_MO1_E1_S3_GE2_GL2_H1_MA2,0.2828117843632812
PURE_MMPD,osc_real,42,subject25,subject25_L4_MO1_E2_S3_GE2_GL2_H1_MA2,0.1848828475574829
PURE_MMPD,osc_real,42,subject25,subject25_L4_MO2_E2_S3_GE2_GL2_H1_MA2,0.1526495708311472
PURE_MMPD,osc_real,42,subject25,subject25_L4_MO3_E2_S3_GE2_GL2_H1_MA2,0.1817958990550646
PURE_MMPD,osc_real,42,subject25,subject25_L4_MO4_E2_S3_GE2_GL2_H1_MA2,0.1252460161796079
PURE_MMPD,osc_real,42,subject26,subject26_L1_MO1_E1_S6_GE1_GL2_H2_MA2,0.1920546859095457
PURE_MMPD,osc_real,42,subject26,subject26_L1_MO1_E2_S6_GE1_GL2_H2_MA2,0.1128381370600129
PURE_MMPD,osc_real,42,subject26,subject26_L1_MO2_E2_S6_GE1_GL2_H2_MA2,0.1771884956301838
PURE_MMPD,osc_real,42,subject26,subject26_L1_MO3_E2_S6_GE1_GL2_H2_MA2,0.1269315053155681
PURE_MMPD,osc_real,42,subject26,subject26_L1_MO4_E2_S6_GE1_GL2_H2_MA2,0.1198506524642862
PURE_MMPD,osc_real,42,subject26,subject26_L2_MO1_E1_S6_GE1_GL2_H2_MA2,0.1380720386988205
PURE_MMPD,osc_real,42,subject26,subject26_L2_MO1_E2_S6_GE1_GL2_H2_MA2,0.1594523960292187
PURE_MMPD,osc_real,42,subject26,subject26_L2_MO2_E2_S6_GE1_GL2_H2_MA2,0.1262600041424098
PURE_MMPD,osc_real,42,subject26,subject26_L2_MO3_E2_S6_GE1_GL2_H2_MA2,0.1254974050243804
PURE_MMPD,osc_real,42,subject26,subject26_L2_MO4_E2_S6_GE1_GL2_H2_MA2,0.1159008272565337
PURE_MMPD,osc_real,42,subject26,subject26_L3_MO1_E1_S6_GE1_GL2_H2_MA2,0.1535532142460728
PURE_MMPD,osc_real,42,subject26,subject26_L3_MO1_E2_S6_GE1_GL2_H2_MA2,0.1879804374973207
PURE_MMPD,osc_real,42,subject26,subject26_L3_MO2_E2_S6_GE1_GL2_H2_MA2,0.1571957643754124
PURE_MMPD,osc_real,42,subject26,subject26_L3_MO3_E2_S6_GE1_GL2_H2_MA2,0.1396934051546227
PURE_MMPD,osc_real,42,subject26,subject26_L3_MO4_E2_S6_GE1_GL2_H2_MA2,0.1259384834843137
PURE_MMPD,osc_real,42,subject26,subject26_L4_MO1_E1_S6_GE1_GL2_H2_MA2,0.1658544786403028
PURE_MMPD,osc_real,42,subject26,subject26_L4_MO1_E2_S6_GE1_GL2_H2_MA2,0.2298672747010028
PURE_MMPD,osc_real,42,subject26,subject26_L4_MO2_E2_S6_GE1_GL2_H2_MA2,0.1288812715754148
PURE_MMPD,osc_real,42,subject26,subject26_L4_MO3_E2_S6_GE1_GL2_H2_MA2,0.1506885277633025
PURE_MMPD,osc_real,42,subject26,subject26_L4_MO4_E2_S6_GE1_GL2_H2_MA2,0.1166133359898305
PURE_MMPD,osc_real,42,subject27,subject27_L1_MO1_E1_S3_GE2_GL2_H2_MA1,0.2913539261412375
PURE_MMPD,osc_real,42,subject27,subject27_L1_MO1_E2_S3_GE2_GL2_H2_MA1,0.2960716772263593
PURE_MMPD,osc_real,42,subject27,subject27_L1_MO2_E2_S3_GE2_GL2_H2_MA1,0.3646319168589357
PURE_MMPD,osc_real,42,subject27,subject27_L1_MO3_E2_S3_GE2_GL2_H2_MA1,0.2675241865884493
PURE_MMPD,osc_real,42,subject27,subject27_L1_MO4_E2_S3_GE2_GL2_H2_MA1,0.1250873883085508
PURE_MMPD,osc_real,42,subject27,subject27_L2_MO1_E1_S3_GE2_GL2_H2_MA1,0.2040242922634164
PURE_MMPD,osc_real,42,subject27,subject27_L2_MO1_E2_S3_GE2_GL2_H2_MA1,0.2293832361781691
PURE_MMPD,osc_real,42,subject27,subject27_L2_MO2_E2_S3_GE2_GL2_H2_MA1,0.2541461199465613
PURE_MMPD,osc_real,42,subject27,subject27_L2_MO3_E2_S3_GE2_GL2_H2_MA1,0.1909237591817783
PURE_MMPD,osc_real,42,subject27,subject27_L2_MO4_E2_S3_GE2_GL2_H2_MA1,0.2016875996322596
PURE_MMPD,osc_real,42,subject27,subject27_L3_MO1_E1_S3_GE2_GL2_H2_MA1,0.2839915427283677
PURE_MMPD,osc_real,42,subject27,subject27_L3_MO1_E2_S3_GE2_GL2_H2_MA1,0.353631590730089
PURE_MMPD,osc_real,42,subject27,subject27_L3_MO2_E2_S3_GE2_GL2_H2_MA1,0.2315884016638508
PURE_MMPD,osc_real,42,subject27,subject27_L3_MO3_E2_S3_GE2_GL2_H2_MA1,0.2832011351551928
PURE_MMPD,osc_real,42,subject27,subject27_L3_MO4_E2_S3_GE2_GL2_H2_MA1,0.1640618285311506
PURE_MMPD,osc_real,42,subject27,subject27_L4_MO1_E1_S3_GE2_GL2_H2_MA1,0.3613619838511149
PURE_MMPD,osc_real,42,subject27,subject27_L4_MO1_E2_S3_GE2_GL2_H2_MA1,0.203447043930514
PURE_MMPD,osc_real,42,subject27,subject27_L4_MO2_E2_S3_GE2_GL2_H2_MA1,0.3814237210637267
PURE_MMPD,osc_real,42,subject27,subject27_L4_MO3_E2_S3_GE2_GL2_H2_MA1,0.3868874630290141
PURE_MMPD,osc_real,42,subject27,subject27_L4_MO4_E2_S3_GE2_GL2_H2_MA1,0.1683586028121709
PURE_MMPD,osc_real,42,subject28,subject28_L1_MO1_E1_S5_GE2_GL2_H2_MA2,0.1028315713585264
PURE_MMPD,osc_real,42,subject28,subject28_L1_MO1_E2_S5_GE2_GL2_H2_MA2,0.131971314568234
PURE_MMPD,osc_real,42,subject28,subject28_L1_MO2_E2_S5_GE2_GL2_H2_MA2,0.1028133042987273
PURE_MMPD,osc_real,42,subject28,subject28_L1_MO3_E2_S5_GE2_GL2_H2_MA2,0.1136309447316012
PURE_MMPD,osc_real,42,subject28,subject28_L1_MO4_E2_S5_GE2_GL2_H2_MA2,0.1123366697903232
PURE_MMPD,osc_real,42,subject28,subject28_L2_MO1_E1_S5_GE2_GL2_H2_MA2,0.1002521661149029
PURE_MMPD,osc_real,42,subject28,subject28_L2_MO1_E2_S5_GE2_GL2_H2_MA2,0.1093393268912343
PURE_MMPD,osc_real,42,subject28,subject28_L2_MO2_E2_S5_GE2_GL2_H2_MA2,0.1047149578236345
PURE_MMPD,osc_real,42,subject28,subject28_L2_MO3_E2_S5_GE2_GL2_H2_MA2,0.0967992185787568
PURE_MMPD,osc_real,42,subject28,subject28_L2_MO4_E2_S5_GE2_GL2_H2_MA2,0.1187762410941722
PURE_MMPD,osc_real,42,subject28,subject28_L3_MO1_E1_S5_GE2_GL2_H2_MA2,0.1594709925281886
PURE_MMPD,osc_real,42,subject28,subject28_L3_MO1_E2_S5_GE2_GL2_H2_MA2,0.1567851282940592
PURE_MMPD,osc_real,42,subject28,subject28_L3_MO2_E2_S5_GE2_GL2_H2_MA2,0.128765282783755
PURE_MMPD,osc_real,42,subject28,subject28_L3_MO3_E2_S5_GE2_GL2_H2_MA2,0.1323153752894469
PURE_MMPD,osc_real,42,subject28,subject28_L3_MO4_E2_S5_GE2_GL2_H2_MA2,0.187080795429071
PURE_MMPD,osc_real,42,subject28,subject28_L4_MO1_E1_S5_GE2_GL2_H2_MA2,0.1352348865372085
PURE_MMPD,osc_real,42,subject28,subject28_L4_MO1_E2_S5_GE2_GL2_H2_MA2,0.1035587386872489
PURE_MMPD,osc_real,42,subject28,subject28_L4_MO2_E2_S5_GE2_GL2_H2_MA2,0.1210112975400867
PURE_MMPD,osc_real,42,subject28,subject28_L4_MO3_E2_S5_GE2_GL2_H2_MA2,0.1493224648789136
PURE_MMPD,osc_real,42,subject28,subject28_L4_MO4_E2_S5_GE2_GL2_H2_MA2,0.1282397166187153
PURE_MMPD,osc_real,42,subject29,subject29_L1_MO1_E1_S3_GE2_GL1_H1_MA2,0.1379516768450108
PURE_MMPD,osc_real,42,subject29,subject29_L1_MO1_E2_S3_GE2_GL1_H1_MA2,0.1981096956641828
PURE_MMPD,osc_real,42,subject29,subject29_L1_MO2_E2_S3_GE2_GL1_H1_MA2,0.2523926158438806
PURE_MMPD,osc_real,42,subject29,subject29_L1_MO3_E2_S3_GE2_GL1_H1_MA2,0.3514818742724595
PURE_MMPD,osc_real,42,subject29,subject29_L1_MO4_E2_S3_GE2_GL1_H1_MA2,0.163983060509202
PURE_MMPD,osc_real,42,subject29,subject29_L2_MO1_E1_S3_GE2_GL1_H1_MA2,0.2013424039728071
PURE_MMPD,osc_real,42,subject29,subject29_L2_MO1_E2_S3_GE2_GL1_H1_MA2,0.3449973832849227
PURE_MMPD,osc_real,42,subject29,subject29_L2_MO2_E2_S3_GE2_GL1_H1_MA2,0.2993912227161949
PURE_MMPD,osc_real,42,subject29,subject29_L2_MO3_E2_S3_GE2_GL1_H1_MA2,0.3570142494550539
PURE_MMPD,osc_real,42,subject29,subject29_L2_MO4_E2_S3_GE2_GL1_H1_MA2,0.2178395905497045
PURE_MMPD,osc_real,42,subject29,subject29_L3_MO1_E1_S3_GE2_GL1_H1_MA2,0.2162746238631276
PURE_MMPD,osc_real,42,subject29,subject29_L3_MO1_E2_S3_GE2_GL1_H1_MA2,0.495827303171821
PURE_MMPD,osc_real,42,subject29,subject29_L3_MO2_E2_S3_GE2_GL1_H1_MA2,0.3993855907091588
PURE_MMPD,osc_real,42,subject29,subject29_L3_MO3_E2_S3_GE2_GL1_H1_MA2,0.484662692307541
PURE_MMPD,osc_real,42,subject29,subject29_L3_MO4_E2_S3_GE2_GL1_H1_MA2,0.1751629084411037
PURE_MMPD,osc_real,42,subject29,subject29_L4_MO1_E1_S3_GE2_GL1_H1_MA2,0.3002699601311381
PURE_MMPD,osc_real,42,subject29,subject29_L4_MO1_E2_S3_GE2_GL1_H1_MA2,0.3023458851888457
PURE_MMPD,osc_real,42,subject29,subject29_L4_MO2_E2_S3_GE2_GL1_H1_MA2,0.2249568949303333
PURE_MMPD,osc_real,42,subject29,subject29_L4_MO3_E2_S3_GE2_GL1_H1_MA2,0.1892451489432234
PURE_MMPD,osc_real,42,subject29,subject29_L4_MO4_E2_S3_GE2_GL1_H1_MA2,0.1257472169953018
PURE_MMPD,osc_real,42,subject2,subject2_L1_MO1_E1_S4_GE1_GL1_H1_MA2,0.1440652470161208
PURE_MMPD,osc_real,42,subject2,subject2_L1_MO1_E2_S4_GE1_GL1_H1_MA2,0.2653741977121456
PURE_MMPD,osc_real,42,subject2,subject2_L1_MO2_E2_S4_GE1_GL1_H1_MA2,0.3050087313553701
PURE_MMPD,osc_real,42,subject2,subject2_L1_MO3_E2_S4_GE1_GL1_H1_MA2,0.3016721966406125
PURE_MMPD,osc_real,42,subject2,subject2_L1_MO4_E2_S4_GE1_GL1_H1_MA2,0.1040515354056142
PURE_MMPD,osc_real,42,subject2,subject2_L2_MO1_E1_S4_GE1_GL1_H1_MA2,0.0797323927636578
PURE_MMPD,osc_real,42,subject2,subject2_L2_MO1_E2_S4_GE1_GL1_H1_MA2,0.342099880453321
PURE_MMPD,osc_real,42,subject2,subject2_L2_MO2_E2_S4_GE1_GL1_H1_MA2,0.2359347433686584
PURE_MMPD,osc_real,42,subject2,subject2_L2_MO3_E2_S4_GE1_GL1_H1_MA2,0.3411288655727478
PURE_MMPD,osc_real,42,subject2,subject2_L2_MO4_E2_S4_GE1_GL1_H1_MA2,0.1111178043071114
PURE_MMPD,osc_real,42,subject2,subject2_L3_MO1_E1_S4_GE1_GL1_H1_MA2,0.2432012054858769
PURE_MMPD,osc_real,42,subject2,subject2_L3_MO1_E2_S4_GE1_GL1_H1_MA2,0.4378215381858084
PURE_MMPD,osc_real,42,subject2,subject2_L3_MO2_E2_S4_GE1_GL1_H1_MA2,0.2676332770537157
PURE_MMPD,osc_real,42,subject2,subject2_L3_MO3_E2_S4_GE1_GL1_H1_MA2,0.2955769340521908
PURE_MMPD,osc_real,42,subject2,subject2_L3_MO4_E2_S4_GE1_GL1_H1_MA2,0.1509361533517793
PURE_MMPD,osc_real,42,subject2,subject2_L4_MO1_E1_S4_GE1_GL1_H1_MA2,0.0902997882286636
PURE_MMPD,osc_real,42,subject2,subject2_L4_MO1_E2_S4_GE1_GL1_H1_MA2,0.2491304989236522
PURE_MMPD,osc_real,42,subject2,subject2_L4_MO2_E2_S4_GE1_GL1_H1_MA2,0.123630592145906
PURE_MMPD,osc_real,42,subject2,subject2_L4_MO3_E2_S4_GE1_GL1_H1_MA2,0.1416655999435309
PURE_MMPD,osc_real,42,subject2,subject2_L4_MO4_E2_S4_GE1_GL1_H1_MA2,0.1104127511438283
PURE_MMPD,osc_real,42,subject30,subject30_L1_MO1_E1_S6_GE1_GL2_H2_MA2,0.0911470088504602
PURE_MMPD,osc_real,42,subject30,subject30_L1_MO1_E2_S6_GE1_GL2_H2_MA2,0.1227909179907912
PURE_MMPD,osc_real,42,subject30,subject30_L1_MO2_E2_S6_GE1_GL2_H2_MA2,0.1050360300565104
PURE_MMPD,osc_real,42,subject30,subject30_L1_MO3_E2_S6_GE1_GL2_H2_MA2,0.1093116354100802
PURE_MMPD,osc_real,42,subject30,subject30_L1_MO4_E2_S6_GE1_GL2_H2_MA2,0.1503300266772735
PURE_MMPD,osc_real,42,subject30,subject30_L2_MO1_E1_S6_GE1_GL2_H2_MA2,0.0686615632166073
PURE_MMPD,osc_real,42,subject30,subject30_L2_MO1_E2_S6_GE1_GL2_H2_MA2,0.182676243541619
PURE_MMPD,osc_real,42,subject30,subject30_L2_MO2_E2_S6_GE1_GL2_H2_MA2,0.0987540864775609
PURE_MMPD,osc_real,42,subject30,subject30_L2_MO3_E2_S6_GE1_GL2_H2_MA2,0.1628213033101339
PURE_MMPD,osc_real,42,subject30,subject30_L2_MO4_E2_S6_GE1_GL2_H2_MA2,0.1378213516555914
PURE_MMPD,osc_real,42,subject30,subject30_L3_MO1_E1_S6_GE1_GL2_H2_MA2,0.1597656448449031
PURE_MMPD,osc_real,42,subject30,subject30_L3_MO1_E2_S6_GE1_GL2_H2_MA2,0.2787962469483012
PURE_MMPD,osc_real,42,subject30,subject30_L3_MO2_E2_S6_GE1_GL2_H2_MA2,0.1413719590996825
PURE_MMPD,osc_real,42,subject30,subject30_L3_MO3_E2_S6_GE1_GL2_H2_MA2,0.2786222299275627
PURE_MMPD,osc_real,42,subject30,subject30_L3_MO4_E2_S6_GE1_GL2_H2_MA2,0.1575817351074843
PURE_MMPD,osc_real,42,subject30,subject30_L4_MO1_E1_S6_GE1_GL2_H2_MA2,0.1234373256630948
PURE_MMPD,osc_real,42,subject30,subject30_L4_MO1_E2_S6_GE1_GL2_H2_MA2,0.1705205043290691
PURE_MMPD,osc_real,42,subject30,subject30_L4_MO2_E2_S6_GE1_GL2_H2_MA2,0.0806443555946529
PURE_MMPD,osc_real,42,subject30,subject30_L4_MO3_E2_S6_GE1_GL2_H2_MA2,0.2690248770045283
PURE_MMPD,osc_real,42,subject30,subject30_L4_MO4_E2_S6_GE1_GL2_H2_MA2,0.1428671747100593
PURE_MMPD,osc_real,42,subject31,subject31_L1_MO1_E1_S5_GE1_GL2_H2_MA2,0.064951633740923
PURE_MMPD,osc_real,42,subject31,subject31_L1_MO1_E2_S5_GE1_GL2_H2_MA2,0.1163281421424118
PURE_MMPD,osc_real,42,subject31,subject31_L1_MO2_E2_S5_GE1_GL2_H2_MA2,0.1383766753539792
PURE_MMPD,osc_real,42,subject31,subject31_L1_MO3_E2_S5_GE1_GL2_H2_MA2,0.1315856188155895
PURE_MMPD,osc_real,42,subject31,subject31_L1_MO4_E2_S5_GE1_GL2_H2_MA2,0.1100616655293527
PURE_MMPD,osc_real,42,subject31,subject31_L2_MO1_E1_S5_GE1_GL2_H2_MA2,0.1231433133969926
PURE_MMPD,osc_real,42,subject31,subject31_L2_MO1_E2_S5_GE1_GL2_H2_MA2,0.1405960695315367
PURE_MMPD,osc_real,42,subject31,subject31_L2_MO2_E2_S5_GE1_GL2_H2_MA2,0.1055125244683327
PURE_MMPD,osc_real,42,subject31,subject31_L2_MO3_E2_S5_GE1_GL2_H2_MA2,0.2344158425620749
PURE_MMPD,osc_real,42,subject31,subject31_L2_MO4_E2_S5_GE1_GL2_H2_MA2,0.1834731314417081
PURE_MMPD,osc_real,42,subject31,subject31_L3_MO1_E1_S5_GE1_GL2_H2_MA2,0.0980368326213921
PURE_MMPD,osc_real,42,subject31,subject31_L3_MO1_E2_S5_GE1_GL2_H2_MA2,0.1240361075183468
PURE_MMPD,osc_real,42,subject31,subject31_L3_MO2_E2_S5_GE1_GL2_H2_MA2,0.1347118423658424
PURE_MMPD,osc_real,42,subject31,subject31_L3_MO3_E2_S5_GE1_GL2_H2_MA2,0.1603114637387768
PURE_MMPD,osc_real,42,subject31,subject31_L3_MO4_E2_S5_GE1_GL2_H2_MA2,0.1813431450816049
PURE_MMPD,osc_real,42,subject31,subject31_L4_MO1_E1_S5_GE1_GL2_H2_MA2,0.0856927119250067
PURE_MMPD,osc_real,42,subject31,subject31_L4_MO1_E2_S5_GE1_GL2_H2_MA2,0.1398993080049432
PURE_MMPD,osc_real,42,subject31,subject31_L4_MO2_E2_S5_GE1_GL2_H2_MA2,0.1041007689274855
PURE_MMPD,osc_real,42,subject31,subject31_L4_MO3_E2_S5_GE1_GL2_H2_MA2,0.1083254321658251
PURE_MMPD,osc_real,42,subject31,subject31_L4_MO4_E2_S5_GE1_GL2_H2_MA2,0.122804655633196
PURE_MMPD,osc_real,42,subject32,subject32_L1_MO1_E1_S3_GE2_GL2_H2_MA2,0.5344178173510581
PURE_MMPD,osc_real,42,subject32,subject32_L1_MO1_E2_S3_GE2_GL2_H2_MA2,0.3098850805725468
PURE_MMPD,osc_real,42,subject32,subject32_L1_MO2_E2_S3_GE2_GL2_H2_MA2,0.4342077065766648
PURE_MMPD,osc_real,42,subject32,subject32_L1_MO3_E2_S3_GE2_GL2_H2_MA2,0.3568307546317167
PURE_MMPD,osc_real,42,subject32,subject32_L1_MO4_E2_S3_GE2_GL2_H2_MA2,0.2775487021877746
PURE_MMPD,osc_real,42,subject32,subject32_L2_MO1_E1_S3_GE2_GL2_H2_MA2,0.6533128769977977
PURE_MMPD,osc_real,42,subject32,subject32_L2_MO1_E2_S3_GE2_GL2_H2_MA2,0.6549562312467139
PURE_MMPD,osc_real,42,subject32,subject32_L2_MO2_E2_S3_GE2_GL2_H2_MA2,0.6019424479649341
PURE_MMPD,osc_real,42,subject32,subject32_L2_MO3_E2_S3_GE2_GL2_H2_MA2,0.5413519185532445
PURE_MMPD,osc_real,42,subject32,subject32_L2_MO4_E2_S3_GE2_GL2_H2_MA2,0.2499119630596782
PURE_MMPD,osc_real,42,subject32,subject32_L3_MO1_E1_S3_GE2_GL2_H2_MA2,0.5093909945112838
PURE_MMPD,osc_real,42,subject32,subject32_L3_MO1_E2_S3_GE2_GL2_H2_MA2,0.6068567503777293
PURE_MMPD,osc_real,42,subject32,subject32_L3_MO2_E2_S3_GE2_GL2_H2_MA2,0.6525404623991151
PURE_MMPD,osc_real,42,subject32,subject32_L3_MO3_E2_S3_GE2_GL2_H2_MA2,0.5264991040384044
PURE_MMPD,osc_real,42,subject32,subject32_L3_MO4_E2_S3_GE2_GL2_H2_MA2,0.1915310408357201
PURE_MMPD,osc_real,42,subject32,subject32_L4_MO1_E1_S3_GE2_GL2_H2_MA2,0.3329963225516731
PURE_MMPD,osc_real,42,subject32,subject32_L4_MO1_E2_S3_GE2_GL2_H2_MA2,0.2037791662942024
PURE_MMPD,osc_real,42,subject32,subject32_L4_MO2_E2_S3_GE2_GL2_H2_MA2,0.1707647122532756
PURE_MMPD,osc_real,42,subject32,subject32_L4_MO3_E2_S3_GE2_GL2_H2_MA2,0.196774962570925
PURE_MMPD,osc_real,42,subject32,subject32_L4_MO4_E2_S3_GE2_GL2_H2_MA2,0.2027046941226134
PURE_MMPD,osc_real,42,subject33,subject33_L1_MO1_E1_S3_GE2_GL2_H2_MA2,0.0897739411517669
PURE_MMPD,osc_real,42,subject33,subject33_L1_MO1_E2_S3_GE2_GL2_H2_MA2,0.1611457433728677
PURE_MMPD,osc_real,42,subject33,subject33_L1_MO2_E2_S3_GE2_GL2_H2_MA2,0.1596838793611194
PURE_MMPD,osc_real,42,subject33,subject33_L1_MO3_E2_S3_GE2_GL2_H2_MA2,0.3460072377386889
PURE_MMPD,osc_real,42,subject33,subject33_L1_MO4_E2_S3_GE2_GL2_H2_MA2,0.153275381605447
PURE_MMPD,osc_real,42,subject33,subject33_L2_MO1_E1_S3_GE2_GL2_H2_MA2,0.3893244640559261
PURE_MMPD,osc_real,42,subject33,subject33_L2_MO1_E2_S3_GE2_GL2_H2_MA2,0.2412293698986276
PURE_MMPD,osc_real,42,subject33,subject33_L2_MO2_E2_S3_GE2_GL2_H2_MA2,0.3565821927467589
PURE_MMPD,osc_real,42,subject33,subject33_L2_MO3_E2_S3_GE2_GL2_H2_MA2,0.4830518261517637
PURE_MMPD,osc_real,42,subject33,subject33_L2_MO4_E2_S3_GE2_GL2_H2_MA2,0.1852833242242667
PURE_MMPD,osc_real,42,subject33,subject33_L3_MO1_E1_S3_GE2_GL2_H2_MA2,0.2530564726310381
PURE_MMPD,osc_real,42,subject33,subject33_L3_MO1_E2_S3_GE2_GL2_H2_MA2,0.3476660502283556
PURE_MMPD,osc_real,42,subject33,subject33_L3_MO2_E2_S3_GE2_GL2_H2_MA2,0.3055329668192538
PURE_MMPD,osc_real,42,subject33,subject33_L3_MO3_E2_S3_GE2_GL2_H2_MA2,0.4767648494366847
PURE_MMPD,osc_real,42,subject33,subject33_L3_MO4_E2_S3_GE2_GL2_H2_MA2,0.1192772340617455
PURE_MMPD,osc_real,42,subject33,subject33_L4_MO1_E1_S3_GE2_GL2_H2_MA2,0.188501063376944
PURE_MMPD,osc_real,42,subject33,subject33_L4_MO1_E2_S3_GE2_GL2_H2_MA2,0.1790711041282238
PURE_MMPD,osc_real,42,subject33,subject33_L4_MO2_E2_S3_GE2_GL2_H2_MA2,0.2133201436405522
PURE_MMPD,osc_real,42,subject33,subject33_L4_MO3_E2_S3_GE2_GL2_H2_MA2,0.2609143422773098
PURE_MMPD,osc_real,42,subject33,subject33_L4_MO4_E2_S3_GE2_GL2_H2_MA2,0.23411316504638
PURE_MMPD,osc_real,42,subject3,subject3_L1_MO1_E1_S3_GE1_GL2_H1_MA2,0.1354307438558246
PURE_MMPD,osc_real,42,subject3,subject3_L1_MO1_E2_S3_GE1_GL2_H1_MA2,0.1446966858357623
PURE_MMPD,osc_real,42,subject3,subject3_L1_MO2_E2_S3_GE1_GL2_H1_MA2,0.1743446416484589
PURE_MMPD,osc_real,42,subject3,subject3_L1_MO3_E2_S3_GE1_GL2_H1_MA2,0.1612449417165383
PURE_MMPD,osc_real,42,subject3,subject3_L1_MO4_E2_S3_GE1_GL2_H1_MA2,0.1401724591794795
PURE_MMPD,osc_real,42,subject3,subject3_L2_MO1_E1_S3_GE1_GL2_H1_MA2,0.2017818734198592
PURE_MMPD,osc_real,42,subject3,subject3_L2_MO1_E2_S3_GE1_GL2_H1_MA2,0.1284026144703144
PURE_MMPD,osc_real,42,subject3,subject3_L2_MO2_E2_S3_GE1_GL2_H1_MA2,0.2037572026607386
PURE_MMPD,osc_real,42,subject3,subject3_L2_MO3_E2_S3_GE1_GL2_H1_MA2,0.1139684904186431
PURE_MMPD,osc_real,42,subject3,subject3_L2_MO4_E2_S3_GE1_GL2_H1_MA2,0.1435546008946821
PURE_MMPD,osc_real,42,subject3,subject3_L3_MO1_E1_S3_GE1_GL2_H1_MA2,0.1023007263981651
PURE_MMPD,osc_real,42,subject3,subject3_L3_MO1_E2_S3_GE1_GL2_H1_MA2,0.1011972145788984
PURE_MMPD,osc_real,42,subject3,subject3_L3_MO2_E2_S3_GE1_GL2_H1_MA2,0.1403805040660585
PURE_MMPD,osc_real,42,subject3,subject3_L3_MO3_E2_S3_GE1_GL2_H1_MA2,0.1843301264252044
PURE_MMPD,osc_real,42,subject3,subject3_L3_MO4_E2_S3_GE1_GL2_H1_MA2,0.1024960321917449
PURE_MMPD,osc_real,42,subject3,subject3_L4_MO1_E1_S3_GE1_GL2_H1_MA2,0.116891206510351
PURE_MMPD,osc_real,42,subject3,subject3_L4_MO1_E2_S3_GE1_GL2_H1_MA2,0.1759514472986296
PURE_MMPD,osc_real,42,subject3,subject3_L4_MO2_E2_S3_GE1_GL2_H1_MA2,0.109583590615379
PURE_MMPD,osc_real,42,subject3,subject3_L4_MO3_E2_S3_GE1_GL2_H1_MA2,0.1622323488997774
PURE_MMPD,osc_real,42,subject3,subject3_L4_MO4_E2_S3_GE1_GL2_H1_MA2,0.1699644471775149
PURE_MMPD,osc_real,42,subject4,subject4_L1_MO1_E1_S3_GE1_GL2_H1_MA2,0.1713687146725503
PURE_MMPD,osc_real,42,subject4,subject4_L1_MO1_E2_S3_GE1_GL2_H1_MA2,0.2058762719544859
PURE_MMPD,osc_real,42,subject4,subject4_L1_MO2_E2_S3_GE1_GL2_H1_MA2,0.1450193898313672
PURE_MMPD,osc_real,42,subject4,subject4_L1_MO3_E2_S3_GE1_GL2_H1_MA2,0.1827396147416816
PURE_MMPD,osc_real,42,subject4,subject4_L1_MO4_E2_S3_GE1_GL2_H1_MA2,0.1206259410910935
PURE_MMPD,osc_real,42,subject4,subject4_L2_MO1_E1_S3_GE1_GL2_H1_MA2,0.1717811170273214
PURE_MMPD,osc_real,42,subject4,subject4_L2_MO1_E2_S3_GE1_GL2_H1_MA2,0.2913507923591644
PURE_MMPD,osc_real,42,subject4,subject4_L2_MO2_E2_S3_GE1_GL2_H1_MA2,0.2188300567246177
PURE_MMPD,osc_real,42,subject4,subject4_L2_MO3_E2_S3_GE1_GL2_H1_MA2,0.1578398410070615
PURE_MMPD,osc_real,42,subject4,subject4_L2_MO4_E2_S3_GE1_GL2_H1_MA2,0.1406605855244885
PURE_MMPD,osc_real,42,subject4,subject4_L3_MO1_E1_S3_GE1_GL2_H1_MA2,0.3232467802274999
PURE_MMPD,osc_real,42,subject4,subject4_L3_MO1_E2_S3_GE1_GL2_H1_MA2,0.3253498044516922
PURE_MMPD,osc_real,42,subject4,subject4_L3_MO2_E2_S3_GE1_GL2_H1_MA2,0.1078297715793776
PURE_MMPD,osc_real,42,subject4,subject4_L3_MO3_E2_S3_GE1_GL2_H1_MA2,0.2868265436982507
PURE_MMPD,osc_real,42,subject4,subject4_L3_MO4_E2_S3_GE1_GL2_H1_MA2,0.0756791762105309
PURE_MMPD,osc_real,42,subject4,subject4_L4_MO1_E1_S3_GE1_GL2_H1_MA2,0.1285843156883705
PURE_MMPD,osc_real,42,subject4,subject4_L4_MO1_E2_S3_GE1_GL2_H1_MA2,0.2044154855980067
PURE_MMPD,osc_real,42,subject4,subject4_L4_MO2_E2_S3_GE1_GL2_H1_MA2,0.1134467199649461
PURE_MMPD,osc_real,42,subject4,subject4_L4_MO3_E2_S3_GE1_GL2_H1_MA2,0.1731080852862444
PURE_MMPD,osc_real,42,subject4,subject4_L4_MO4_E2_S3_GE1_GL2_H1_MA2,0.1606483703362838
PURE_MMPD,osc_real,42,subject5,subject5_L1_MO1_E1_S3_GE2_GL1_H1_MA1,0.1285373193628324
PURE_MMPD,osc_real,42,subject5,subject5_L1_MO1_E2_S3_GE2_GL1_H1_MA1,0.1779768254461057
PURE_MMPD,osc_real,42,subject5,subject5_L1_MO2_E2_S3_GE2_GL1_H1_MA1,0.3022119580564289
PURE_MMPD,osc_real,42,subject5,subject5_L1_MO3_E2_S3_GE2_GL1_H1_MA1,0.3425237275981675
PURE_MMPD,osc_real,42,subject5,subject5_L1_MO4_E2_S3_GE2_GL1_H1_MA1,0.1505323923095362
PURE_MMPD,osc_real,42,subject5,subject5_L2_MO1_E1_S3_GE2_GL1_H1_MA1,0.2712473460228866
PURE_MMPD,osc_real,42,subject5,subject5_L2_MO1_E2_S3_GE2_GL1_H1_MA1,0.2705633835310161
PURE_MMPD,osc_real,42,subject5,subject5_L2_MO2_E2_S3_GE2_GL1_H1_MA1,0.3237612755501928
PURE_MMPD,osc_real,42,subject5,subject5_L2_MO3_E2_S3_GE2_GL1_H1_MA1,0.21395227708888
PURE_MMPD,osc_real,42,subject5,subject5_L2_MO4_E2_S3_GE2_GL1_H1_MA1,0.1682807625785226
PURE_MMPD,osc_real,42,subject5,subject5_L3_MO1_E1_S3_GE2_GL1_H1_MA1,0.1818961988164227
PURE_MMPD,osc_real,42,subject5,subject5_L3_MO1_E2_S3_GE2_GL1_H1_MA1,0.2763342620837276
PURE_MMPD,osc_real,42,subject5,subject5_L3_MO2_E2_S3_GE2_GL1_H1_MA1,0.1274189855646376
PURE_MMPD,osc_real,42,subject5,subject5_L3_MO3_E2_S3_GE2_GL1_H1_MA1,0.2096499192124679
PURE_MMPD,osc_real,42,subject5,subject5_L3_MO4_E2_S3_GE2_GL1_H1_MA1,0.1446725189929888
PURE_MMPD,osc_real,42,subject5,subject5_L4_MO1_E1_S3_GE2_GL1_H1_MA1,0.2454589812655384
PURE_MMPD,osc_real,42,subject5,subject5_L4_MO1_E2_S3_GE2_GL1_H1_MA1,0.2155471895567587
PURE_MMPD,osc_real,42,subject5,subject5_L4_MO2_E2_S3_GE2_GL1_H1_MA1,0.2603129380154345
PURE_MMPD,osc_real,42,subject5,subject5_L4_MO3_E2_S3_GE2_GL1_H1_MA1,0.3951657648385093
PURE_MMPD,osc_real,42,subject5,subject5_L4_MO4_E2_S3_GE2_GL1_H1_MA1,0.139115764953527
PURE_MMPD,osc_real,42,subject6,subject6_L1_MO1_E1_S3_GE1_GL2_H2_MA2,0.3319437977446348
PURE_MMPD,osc_real,42,subject6,subject6_L1_MO1_E2_S3_GE1_GL2_H2_MA2,0.3889434025441604
PURE_MMPD,osc_real,42,subject6,subject6_L1_MO2_E2_S3_GE1_GL2_H2_MA2,0.398970303374279
PURE_MMPD,osc_real,42,subject6,subject6_L1_MO3_E2_S3_GE1_GL2_H2_MA2,0.3960234972074181
PURE_MMPD,osc_real,42,subject6,subject6_L1_MO4_E2_S3_GE1_GL2_H2_MA2,0.159776547237043
PURE_MMPD,osc_real,42,subject6,subject6_L2_MO1_E1_S3_GE1_GL2_H2_MA2,0.1005782589965192
PURE_MMPD,osc_real,42,subject6,subject6_L2_MO1_E2_S3_GE1_GL2_H2_MA2,0.1904913022260831
PURE_MMPD,osc_real,42,subject6,subject6_L2_MO2_E2_S3_GE1_GL2_H2_MA2,0.2999030373322833
PURE_MMPD,osc_real,42,subject6,subject6_L2_MO3_E2_S3_GE1_GL2_H2_MA2,0.207956415526867
PURE_MMPD,osc_real,42,subject6,subject6_L2_MO4_E2_S3_GE1_GL2_H2_MA2,0.1517004001389778
PURE_MMPD,osc_real,42,subject6,subject6_L3_MO1_E1_S3_GE1_GL2_H2_MA2,0.0744525912244842
PURE_MMPD,osc_real,42,subject6,subject6_L3_MO1_E2_S3_GE1_GL2_H2_MA2,0.4122619025172377
PURE_MMPD,osc_real,42,subject6,subject6_L3_MO2_E2_S3_GE1_GL2_H2_MA2,0.5984612337581392
PURE_MMPD,osc_real,42,subject6,subject6_L3_MO3_E2_S3_GE1_GL2_H2_MA2,0.6729671767592207
PURE_MMPD,osc_real,42,subject6,subject6_L3_MO4_E2_S3_GE1_GL2_H2_MA2,0.134902804735603
PURE_MMPD,osc_real,42,subject6,subject6_L4_MO1_E1_S3_GE1_GL2_H2_MA2,0.2059765049731007
PURE_MMPD,osc_real,42,subject6,subject6_L4_MO1_E2_S3_GE1_GL2_H2_MA2,0.29526518297921
PURE_MMPD,osc_real,42,subject6,subject6_L4_MO2_E2_S3_GE1_GL2_H2_MA2,0.2686782325585886
PURE_MMPD,osc_real,42,subject6,subject6_L4_MO3_E2_S3_GE1_GL2_H2_MA2,0.3300620645829453
PURE_MMPD,osc_real,42,subject6,subject6_L4_MO4_E2_S3_GE1_GL2_H2_MA2,0.1330493285855104
PURE_MMPD,osc_real,42,subject7,subject7_L1_MO1_E1_S5_GE1_GL1_H2_MA2,0.1099199269142777
PURE_MMPD,osc_real,42,subject7,subject7_L1_MO1_E2_S5_GE1_GL1_H2_MA2,0.1213681265171431
PURE_MMPD,osc_real,42,subject7,subject7_L1_MO2_E2_S5_GE1_GL1_H2_MA2,0.1355239965917986
PURE_MMPD,osc_real,42,subject7,subject7_L2_MO1_E1_S5_GE1_GL1_H2_MA2,0.146544822686012
PURE_MMPD,osc_real,42,subject7,subject7_L3_MO1_E1_S5_GE1_GL1_H2_MA2,0.1721964657703388
PURE_MMPD,osc_real,42,subject7,subject7_L3_MO3_E2_S5_GE1_GL1_H2_MA2,0.1429463784783442
PURE_MMPD,osc_real,42,subject7,subject7_L3_MO4_E2_S5_GE1_GL1_H2_MA2,0.1524696510379847
PURE_MMPD,osc_real,42,subject7,subject7_L4_MO1_E1_S5_GE1_GL1_H2_MA2,0.0924494505608381
PURE_MMPD,osc_real,42,subject7,subject7_L4_MO1_E2_S5_GE1_GL1_H2_MA2,0.2314942752925231
PURE_MMPD,osc_real,42,subject7,subject7_L4_MO2_E2_S5_GE1_GL1_H2_MA2,0.1133801174362844
PURE_MMPD,osc_real,42,subject7,subject7_L4_MO3_E2_S5_GE1_GL1_H2_MA2,0.1167980807988417
PURE_MMPD,osc_real,42,subject7,subject7_L4_MO4_E2_S5_GE1_GL1_H2_MA2,0.1168024760681596
PURE_MMPD,osc_real,100,subject10,subject10_L1_MO1_E1_S4_GE2_GL2_H2_MA2,0.204711048206419
PURE_MMPD,osc_real,100,subject10,subject10_L1_MO1_E2_S4_GE2_GL2_H2_MA2,0.2347762807211502
PURE_MMPD,osc_real,100,subject10,subject10_L1_MO2_E2_S4_GE2_GL2_H2_MA2,0.1325109977451019
PURE_MMPD,osc_real,100,subject10,subject10_L1_MO3_E2_S4_GE2_GL2_H2_MA2,0.1723711909136661
PURE_MMPD,osc_real,100,subject10,subject10_L1_MO4_E2_S4_GE2_GL2_H2_MA2,0.158344870864562
PURE_MMPD,osc_real,100,subject10,subject10_L2_MO1_E1_S4_GE2_GL2_H2_MA2,0.1260962272343481
PURE_MMPD,osc_real,100,subject10,subject10_L2_MO1_E2_S4_GE2_GL2_H2_MA2,0.3111292711710566
PURE_MMPD,osc_real,100,subject10,subject10_L2_MO2_E2_S4_GE2_GL2_H2_MA2,0.1050342782996716
PURE_MMPD,osc_real,100,subject10,subject10_L2_MO3_E2_S4_GE2_GL2_H2_MA2,0.1378632396774274
PURE_MMPD,osc_real,100,subject10,subject10_L2_MO4_E2_S4_GE2_GL2_H2_MA2,0.1320423024389911
PURE_MMPD,osc_real,100,subject10,subject10_L3_MO1_E1_S4_GE2_GL2_H2_MA2,0.1497117553406762
PURE_MMPD,osc_real,100,subject10,subject10_L3_MO1_E2_S4_GE2_GL2_H2_MA2,0.3182154466060972
PURE_MMPD,osc_real,100,subject10,subject10_L3_MO2_E2_S4_GE2_GL2_H2_MA2,0.126196087525231
PURE_MMPD,osc_real,100,subject10,subject10_L3_MO3_E2_S4_GE2_GL2_H2_MA2,0.1600172705641308
PURE_MMPD,osc_real,100,subject10,subject10_L3_MO4_E2_S4_GE2_GL2_H2_MA2,0.1380893840696748
PURE_MMPD,osc_real,100,subject10,subject10_L4_MO1_E1_S4_GE2_GL2_H2_MA2,0.1387209929311253
PURE_MMPD,osc_real,100,subject10,subject10_L4_MO1_E2_S4_GE2_GL2_H2_MA2,0.0948688872442867
PURE_MMPD,osc_real,100,subject10,subject10_L4_MO2_E2_S4_GE2_GL2_H2_MA2,0.1844643660160016
PURE_MMPD,osc_real,100,subject10,subject10_L4_MO3_E2_S4_GE2_GL2_H2_MA2,0.1648643522428273
PURE_MMPD,osc_real,100,subject10,subject10_L4_MO4_E2_S4_GE2_GL2_H2_MA2,0.2088538447335651
PURE_MMPD,osc_real,100,subject11,subject11_L1_MO1_E1_S5_GE1_GL2_H2_MA2,0.172592357030159
PURE_MMPD,osc_real,100,subject11,subject11_L1_MO1_E2_S5_GE1_GL2_H2_MA2,0.1662801923522931
PURE_MMPD,osc_real,100,subject11,subject11_L1_MO2_E2_S5_GE1_GL2_H2_MA2,0.1689430839110859
PURE_MMPD,osc_real,100,subject11,subject11_L1_MO3_E2_S5_GE1_GL2_H2_MA2,0.1273479159928832
PURE_MMPD,osc_real,100,subject11,subject11_L1_MO4_E2_S5_GE1_GL2_H2_MA2,0.1328895751006293
PURE_MMPD,osc_real,100,subject11,subject11_L2_MO1_E1_S5_GE1_GL2_H2_MA2,0.1491939554391949
PURE_MMPD,osc_real,100,subject11,subject11_L2_MO1_E2_S5_GE1_GL2_H2_MA2,0.2205168631097155
PURE_MMPD,osc_real,100,subject11,subject11_L2_MO2_E2_S5_GE1_GL2_H2_MA2,0.1770386033414216
PURE_MMPD,osc_real,100,subject11,subject11_L2_MO3_E2_S5_GE1_GL2_H2_MA2,0.1719598456403742
PURE_MMPD,osc_real,100,subject11,subject11_L2_MO4_E2_S5_GE1_GL2_H2_MA2,0.1215562418781995
PURE_MMPD,osc_real,100,subject11,subject11_L3_MO1_E1_S5_GE1_GL2_H2_MA2,0.2389913378487471
PURE_MMPD,osc_real,100,subject11,subject11_L3_MO1_E2_S5_GE1_GL2_H2_MA2,0.2762033042963321
PURE_MMPD,osc_real,100,subject11,subject11_L3_MO2_E2_S5_GE1_GL2_H2_MA2,0.1796260721770572
PURE_MMPD,osc_real,100,subject11,subject11_L3_MO3_E2_S5_GE1_GL2_H2_MA2,0.1048537186817165
PURE_MMPD,osc_real,100,subject11,subject11_L3_MO4_E2_S5_GE1_GL2_H2_MA2,0.1590208284167371
PURE_MMPD,osc_real,100,subject11,subject11_L4_MO1_E1_S5_GE1_GL2_H2_MA2,0.0755215430256108
PURE_MMPD,osc_real,100,subject11,subject11_L4_MO1_E2_S5_GE1_GL2_H2_MA2,0.235161892069455
PURE_MMPD,osc_real,100,subject11,subject11_L4_MO2_E2_S5_GE1_GL2_H2_MA2,0.1499300984682016
PURE_MMPD,osc_real,100,subject11,subject11_L4_MO3_E2_S5_GE1_GL2_H2_MA2,0.1454625814673388
PURE_MMPD,osc_real,100,subject11,subject11_L4_MO4_E2_S5_GE1_GL2_H2_MA2,0.1294923610730028
PURE_MMPD,osc_real,100,subject12,subject12_L1_MO1_E1_S3_GE2_GL1_H2_MA2,0.143493686831746
PURE_MMPD,osc_real,100,subject12,subject12_L1_MO1_E2_S3_GE2_GL1_H2_MA2,0.2030175802602732
PURE_MMPD,osc_real,100,subject12,subject12_L1_MO2_E2_S3_GE2_GL1_H2_MA2,0.1767002831729522
PURE_MMPD,osc_real,100,subject12,subject12_L1_MO3_E2_S3_GE2_GL1_H2_MA2,0.159606649342689
PURE_MMPD,osc_real,100,subject12,subject12_L1_MO4_E2_S3_GE2_GL1_H2_MA2,0.106955075895785
PURE_MMPD,osc_real,100,subject12,subject12_L2_MO1_E1_S3_GE2_GL1_H2_MA2,0.2189042503941815
PURE_MMPD,osc_real,100,subject12,subject12_L2_MO1_E2_S3_GE2_GL1_H2_MA2,0.2776097775606704
PURE_MMPD,osc_real,100,subject12,subject12_L2_MO2_E2_S3_GE2_GL1_H2_MA2,0.2148777762176678
PURE_MMPD,osc_real,100,subject12,subject12_L2_MO3_E2_S3_GE2_GL1_H2_MA2,0.2591629427751329
PURE_MMPD,osc_real,100,subject12,subject12_L2_MO4_E2_S3_GE2_GL1_H2_MA2,0.1988291191521411
PURE_MMPD,osc_real,100,subject12,subject12_L3_MO1_E1_S3_GE2_GL1_H2_MA2,0.3735497204769437
PURE_MMPD,osc_real,100,subject12,subject12_L3_MO1_E2_S3_GE2_GL1_H2_MA2,0.3266066087546937
PURE_MMPD,osc_real,100,subject12,subject12_L3_MO2_E2_S3_GE2_GL1_H2_MA2,0.2107968911633602
PURE_MMPD,osc_real,100,subject12,subject12_L3_MO3_E2_S3_GE2_GL1_H2_MA2,0.4049643928422863
PURE_MMPD,osc_real,100,subject12,subject12_L3_MO4_E2_S3_GE2_GL1_H2_MA2,0.1656212642823361
PURE_MMPD,osc_real,100,subject12,subject12_L4_MO1_E1_S3_GE2_GL1_H2_MA2,0.209662616526205
PURE_MMPD,osc_real,100,subject12,subject12_L4_MO1_E2_S3_GE2_GL1_H2_MA2,0.4138122204387539
PURE_MMPD,osc_real,100,subject12,subject12_L4_MO2_E2_S3_GE2_GL1_H2_MA2,0.1713724422000204
PURE_MMPD,osc_real,100,subject12,subject12_L4_MO3_E2_S3_GE2_GL1_H2_MA2,0.3221714270469917
PURE_MMPD,osc_real,100,subject12,subject12_L4_MO4_E2_S3_GE2_GL1_H2_MA2,0.1651240679729113
PURE_MMPD,osc_real,100,subject13,subject13_L1_MO1_E1_S5_GE1_GL2_H2_MA2,0.0688539170728548
PURE_MMPD,osc_real,100,subject13,subject13_L1_MO1_E2_S5_GE1_GL2_H2_MA2,0.1540685684130173
PURE_MMPD,osc_real,100,subject13,subject13_L1_MO2_E2_S5_GE1_GL2_H2_MA2,0.0999409589402453
PURE_MMPD,osc_real,100,subject13,subject13_L1_MO3_E2_S5_GE1_GL2_H2_MA2,0.1488354945269216
PURE_MMPD,osc_real,100,subject13,subject13_L1_MO4_E2_S5_GE1_GL2_H2_MA2,0.1817024487525017
PURE_MMPD,osc_real,100,subject13,subject13_L2_MO1_E1_S5_GE1_GL2_H2_MA2,0.0462526115862674
PURE_MMPD,osc_real,100,subject13,subject13_L2_MO1_E2_S5_GE1_GL2_H2_MA2,0.4381594492117868
PURE_MMPD,osc_real,100,subject13,subject13_L2_MO2_E2_S5_GE1_GL2_H2_MA2,0.229306139025948
PURE_MMPD,osc_real,100,subject13,subject13_L2_MO3_E2_S5_GE1_GL2_H2_MA2,0.2489831012904257
PURE_MMPD,osc_real,100,subject13,subject13_L2_MO4_E2_S5_GE1_GL2_H2_MA2,0.1938239838002628
PURE_MMPD,osc_real,100,subject13,subject13_L3_MO1_E1_S5_GE1_GL2_H2_MA2,0.1725591474671788
PURE_MMPD,osc_real,100,subject13,subject13_L3_MO1_E2_S5_GE1_GL2_H2_MA2,0.251408308545685
PURE_MMPD,osc_real,100,subject13,subject13_L3_MO2_E2_S5_GE1_GL2_H2_MA2,0.1469955032359494
PURE_MMPD,osc_real,100,subject13,subject13_L3_MO3_E2_S5_GE1_GL2_H2_MA2,0.3166702436032507
PURE_MMPD,osc_real,100,subject13,subject13_L3_MO4_E2_S5_GE1_GL2_H2_MA2,0.0908554049944104
PURE_MMPD,osc_real,100,subject13,subject13_L4_MO1_E1_S5_GE1_GL2_H2_MA2,0.1904323466321677
PURE_MMPD,osc_real,100,subject13,subject13_L4_MO1_E2_S5_GE1_GL2_H2_MA2,0.4193234829864352
PURE_MMPD,osc_real,100,subject13,subject13_L4_MO2_E2_S5_GE1_GL2_H2_MA2,0.0999591026815953
PURE_MMPD,osc_real,100,subject13,subject13_L4_MO3_E2_S5_GE1_GL2_H2_MA2,0.3426734456776046
PURE_MMPD,osc_real,100,subject13,subject13_L4_MO4_E2_S5_GE1_GL2_H2_MA2,0.1298506817335877
PURE_MMPD,osc_real,100,subject14,subject14_L1_MO1_E1_S6_GE1_GL2_H2_MA2,0.0826178558394143
PURE_MMPD,osc_real,100,subject14,subject14_L1_MO1_E2_S6_GE1_GL2_H2_MA2,0.1421277980899799
PURE_MMPD,osc_real,100,subject14,subject14_L1_MO2_E2_S6_GE1_GL2_H2_MA2,0.0601363147453777
PURE_MMPD,osc_real,100,subject14,subject14_L1_MO3_E2_S6_GE1_GL2_H2_MA2,0.2161370550817326
PURE_MMPD,osc_real,100,subject14,subject14_L1_MO4_E2_S6_GE1_GL2_H2_MA2,0.1447389729200728
PURE_MMPD,osc_real,100,subject14,subject14_L2_MO1_E1_S6_GE1_GL2_H2_MA2,0.0588608879898692
PURE_MMPD,osc_real,100,subject14,subject14_L2_MO1_E2_S6_GE1_GL2_H2_MA2,0.1290118893686571
PURE_MMPD,osc_real,100,subject14,subject14_L2_MO2_E2_S6_GE1_GL2_H2_MA2,0.1548764096860209
PURE_MMPD,osc_real,100,subject14,subject14_L2_MO3_E2_S6_GE1_GL2_H2_MA2,0.1346147456335592
PURE_MMPD,osc_real,100,subject14,subject14_L2_MO4_E2_S6_GE1_GL2_H2_MA2,0.167940241225129
PURE_MMPD,osc_real,100,subject14,subject14_L3_MO1_E1_S6_GE1_GL2_H2_MA2,0.0828591210246839
PURE_MMPD,osc_real,100,subject14,subject14_L3_MO1_E2_S6_GE1_GL2_H2_MA2,0.2112239179128751
PURE_MMPD,osc_real,100,subject14,subject14_L3_MO2_E2_S6_GE1_GL2_H2_MA2,0.1104944567114086
PURE_MMPD,osc_real,100,subject14,subject14_L3_MO3_E2_S6_GE1_GL2_H2_MA2,0.0933038394812224
PURE_MMPD,osc_real,100,subject14,subject14_L3_MO4_E2_S6_GE1_GL2_H2_MA2,0.2187726242206804
PURE_MMPD,osc_real,100,subject14,subject14_L4_MO1_E1_S6_GE1_GL2_H2_MA2,0.0692423880570316
PURE_MMPD,osc_real,100,subject14,subject14_L4_MO1_E2_S6_GE1_GL2_H2_MA2,0.084596627670793
PURE_MMPD,osc_real,100,subject14,subject14_L4_MO2_E2_S6_GE1_GL2_H2_MA2,0.1004771443007738
PURE_MMPD,osc_real,100,subject14,subject14_L4_MO3_E2_S6_GE1_GL2_H2_MA2,0.1232899371969355
PURE_MMPD,osc_real,100,subject14,subject14_L4_MO4_E2_S6_GE1_GL2_H2_MA2,0.3371994070279025
PURE_MMPD,osc_real,100,subject15,subject15_L1_MO1_E1_S6_GE2_GL2_H2_MA2,0.0719403313057357
PURE_MMPD,osc_real,100,subject15,subject15_L1_MO1_E2_S6_GE2_GL2_H2_MA2,0.1218930721122587
PURE_MMPD,osc_real,100,subject15,subject15_L1_MO2_E2_S6_GE2_GL2_H2_MA2,0.1025534153582982
PURE_MMPD,osc_real,100,subject15,subject15_L1_MO3_E2_S6_GE2_GL2_H2_MA2,0.1056526080575457
PURE_MMPD,osc_real,100,subject15,subject15_L1_MO4_E2_S6_GE2_GL2_H2_MA2,0.1382271007195859
PURE_MMPD,osc_real,100,subject15,subject15_L2_MO1_E1_S6_GE2_GL2_H2_MA2,0.1060261347575731
PURE_MMPD,osc_real,100,subject15,subject15_L2_MO1_E2_S6_GE2_GL2_H2_MA2,0.1269454927470945
PURE_MMPD,osc_real,100,subject15,subject15_L2_MO2_E2_S6_GE2_GL2_H2_MA2,0.1288422881517171
PURE_MMPD,osc_real,100,subject15,subject15_L2_MO3_E2_S6_GE2_GL2_H2_MA2,0.1523493273757103
PURE_MMPD,osc_real,100,subject15,subject15_L2_MO4_E2_S6_GE2_GL2_H2_MA2,0.0924753075715855
PURE_MMPD,osc_real,100,subject15,subject15_L3_MO1_E1_S6_GE2_GL2_H2_MA2,0.1040895882690505
PURE_MMPD,osc_real,100,subject15,subject15_L3_MO1_E2_S6_GE2_GL2_H2_MA2,0.1543160118952465
PURE_MMPD,osc_real,100,subject15,subject15_L3_MO2_E2_S6_GE2_GL2_H2_MA2,0.1139774025833702
PURE_MMPD,osc_real,100,subject15,subject15_L3_MO3_E2_S6_GE2_GL2_H2_MA2,0.1338335078813832
PURE_MMPD,osc_real,100,subject15,subject15_L3_MO4_E2_S6_GE2_GL2_H2_MA2,0.1350788509941187
PURE_MMPD,osc_real,100,subject15,subject15_L4_MO1_E1_S6_GE2_GL2_H2_MA2,0.1816041574240506
PURE_MMPD,osc_real,100,subject15,subject15_L4_MO1_E2_S6_GE2_GL2_H2_MA2,0.1181303873203385
PURE_MMPD,osc_real,100,subject15,subject15_L4_MO2_E2_S6_GE2_GL2_H2_MA2,0.1221382132453128
PURE_MMPD,osc_real,100,subject15,subject15_L4_MO3_E2_S6_GE2_GL2_H2_MA2,0.1623996088042804
PURE_MMPD,osc_real,100,subject15,subject15_L4_MO4_E2_S6_GE2_GL2_H2_MA2,0.1241397046683057
PURE_MMPD,osc_real,100,subject16,subject16_L1_MO1_E1_S6_GE1_GL2_H2_MA2,0.0743815279715773
PURE_MMPD,osc_real,100,subject16,subject16_L1_MO1_E2_S6_GE1_GL2_H2_MA2,0.1463493285348572
PURE_MMPD,osc_real,100,subject16,subject16_L1_MO2_E2_S6_GE1_GL2_H2_MA2,0.1035652569651765
PURE_MMPD,osc_real,100,subject16,subject16_L1_MO3_E2_S6_GE1_GL2_H2_MA2,0.1092639899665428
PURE_MMPD,osc_real,100,subject16,subject16_L1_MO4_E2_S6_GE1_GL2_H2_MA2,0.127982601233579
PURE_MMPD,osc_real,100,subject16,subject16_L2_MO1_E1_S6_GE1_GL2_H2_MA2,0.2435312477777808
PURE_MMPD,osc_real,100,subject16,subject16_L2_MO1_E2_S6_GE1_GL2_H2_MA2,0.1850444626528674
PURE_MMPD,osc_real,100,subject16,subject16_L2_MO2_E2_S6_GE1_GL2_H2_MA2,0.1512779178072006
PURE_MMPD,osc_real,100,subject16,subject16_L2_MO3_E2_S6_GE1_GL2_H2_MA2,0.1884755135229632
PURE_MMPD,osc_real,100,subject16,subject16_L2_MO4_E2_S6_GE1_GL2_H2_MA2,0.1239707087881013
PURE_MMPD,osc_real,100,subject16,subject16_L3_MO1_E1_S6_GE1_GL2_H2_MA2,0.0867521336896232
PURE_MMPD,osc_real,100,subject16,subject16_L3_MO1_E2_S6_GE1_GL2_H2_MA2,0.1642078726477133
PURE_MMPD,osc_real,100,subject16,subject16_L3_MO2_E2_S6_GE1_GL2_H2_MA2,0.1786652695370904
PURE_MMPD,osc_real,100,subject16,subject16_L3_MO3_E2_S6_GE1_GL2_H2_MA2,0.1014101152844791
PURE_MMPD,osc_real,100,subject16,subject16_L3_MO4_E2_S6_GE1_GL2_H2_MA2,0.1063072534686856
PURE_MMPD,osc_real,100,subject16,subject16_L4_MO1_E1_S6_GE1_GL2_H2_MA2,0.0737815292400974
PURE_MMPD,osc_real,100,subject16,subject16_L4_MO1_E2_S6_GE1_GL2_H2_MA2,0.3928177593308151
PURE_MMPD,osc_real,100,subject16,subject16_L4_MO2_E2_S6_GE1_GL2_H2_MA2,0.1724737422184539
PURE_MMPD,osc_real,100,subject16,subject16_L4_MO3_E2_S6_GE1_GL2_H2_MA2,0.3057997280579672
PURE_MMPD,osc_real,100,subject16,subject16_L4_MO4_E2_S6_GE1_GL2_H2_MA2,0.0885252765208647
PURE_MMPD,osc_real,100,subject17,subject17_L1_MO1_E1_S4_GE1_GL2_H2_MA2,0.0826843823575397
PURE_MMPD,osc_real,100,subject17,subject17_L1_MO1_E2_S4_GE1_GL2_H2_MA2,0.1262031125249736
PURE_MMPD,osc_real,100,subject17,subject17_L1_MO2_E2_S4_GE1_GL2_H2_MA2,0.1678520722741672
PURE_MMPD,osc_real,100,subject17,subject17_L1_MO3_E2_S4_GE1_GL2_H2_MA2,0.1380665442588274
PURE_MMPD,osc_real,100,subject17,subject17_L1_MO4_E2_S4_GE1_GL2_H2_MA2,0.139471398254691
PURE_MMPD,osc_real,100,subject17,subject17_L2_MO1_E1_S4_GE1_GL2_H2_MA2,0.0648157433347325
PURE_MMPD,osc_real,100,subject17,subject17_L2_MO1_E2_S4_GE1_GL2_H2_MA2,0.1546217780029354
PURE_MMPD,osc_real,100,subject17,subject17_L2_MO2_E2_S4_GE1_GL2_H2_MA2,0.2252798085546569
PURE_MMPD,osc_real,100,subject17,subject17_L2_MO3_E2_S4_GE1_GL2_H2_MA2,0.2086759802929444
PURE_MMPD,osc_real,100,subject17,subject17_L2_MO4_E2_S4_GE1_GL2_H2_MA2,0.1165200641602939
PURE_MMPD,osc_real,100,subject17,subject17_L3_MO1_E1_S4_GE1_GL2_H2_MA2,0.0911446515420622
PURE_MMPD,osc_real,100,subject17,subject17_L3_MO1_E2_S4_GE1_GL2_H2_MA2,0.1938947622728325
PURE_MMPD,osc_real,100,subject17,subject17_L3_MO2_E2_S4_GE1_GL2_H2_MA2,0.1546412695419836
PURE_MMPD,osc_real,100,subject17,subject17_L3_MO3_E2_S4_GE1_GL2_H2_MA2,0.2627805292474045
PURE_MMPD,osc_real,100,subject17,subject17_L3_MO4_E2_S4_GE1_GL2_H2_MA2,0.1071229833169847
PURE_MMPD,osc_real,100,subject17,subject17_L4_MO1_E1_S4_GE1_GL2_H2_MA2,0.0540369952952918
PURE_MMPD,osc_real,100,subject17,subject17_L4_MO1_E2_S4_GE1_GL2_H2_MA2,0.1150760131752889
PURE_MMPD,osc_real,100,subject17,subject17_L4_MO2_E2_S4_GE1_GL2_H2_MA2,0.1295908468984551
PURE_MMPD,osc_real,100,subject17,subject17_L4_MO3_E2_S4_GE1_GL2_H2_MA2,0.1489024164839936
PURE_MMPD,osc_real,100,subject17,subject17_L4_MO4_E2_S4_GE1_GL2_H2_MA2,0.1733631152872529
PURE_MMPD,osc_real,100,subject18,subject18_L1_MO1_E1_S3_GE2_GL1_H1_MA2,0.1689065271469105
PURE_MMPD,osc_real,100,subject18,subject18_L1_MO1_E2_S3_GE2_GL1_H1_MA2,0.1248357862873737
PURE_MMPD,osc_real,100,subject18,subject18_L1_MO2_E2_S3_GE2_GL1_H1_MA2,0.1758193180872614
PURE_MMPD,osc_real,100,subject18,subject18_L1_MO3_E2_S3_GE2_GL1_H1_MA2,0.1252609259490238
PURE_MMPD,osc_real,100,subject18,subject18_L1_MO4_E2_S3_GE2_GL1_H1_MA2,0.1033419225010515
PURE_MMPD,osc_real,100,subject18,subject18_L2_MO1_E1_S3_GE2_GL1_H1_MA2,0.2591875802289399
PURE_MMPD,osc_real,100,subject18,subject18_L2_MO1_E2_S3_GE2_GL1_H1_MA2,0.3228159711153133
PURE_MMPD,osc_real,100,subject18,subject18_L2_MO2_E2_S3_GE2_GL1_H1_MA2,0.2232685374046055
PURE_MMPD,osc_real,100,subject18,subject18_L2_MO3_E2_S3_GE2_GL1_H1_MA2,0.2310979387843373
PURE_MMPD,osc_real,100,subject18,subject18_L2_MO4_E2_S3_GE2_GL1_H1_MA2,0.1382198464505934
PURE_MMPD,osc_real,100,subject18,subject18_L3_MO1_E1_S3_GE2_GL1_H1_MA2,0.1587741416503254
PURE_MMPD,osc_real,100,subject18,subject18_L3_MO1_E2_S3_GE2_GL1_H1_MA2,0.3293672524374039
PURE_MMPD,osc_real,100,subject18,subject18_L3_MO2_E2_S3_GE2_GL1_H1_MA2,0.1342716016021289
PURE_MMPD,osc_real,100,subject18,subject18_L3_MO3_E2_S3_GE2_GL1_H1_MA2,0.245316402186054
PURE_MMPD,osc_real,100,subject18,subject18_L3_MO4_E2_S3_GE2_GL1_H1_MA2,0.1431682265338623
PURE_MMPD,osc_real,100,subject18,subject18_L4_MO1_E1_S3_GE2_GL1_H1_MA2,0.1176077768296671
PURE_MMPD,osc_real,100,subject18,subject18_L4_MO1_E2_S3_GE2_GL1_H1_MA2,0.2091685183093254
PURE_MMPD,osc_real,100,subject18,subject18_L4_MO2_E2_S3_GE2_GL1_H1_MA2,0.1331197584518423
PURE_MMPD,osc_real,100,subject18,subject18_L4_MO3_E2_S3_GE2_GL1_H1_MA2,0.2319842023864146
PURE_MMPD,osc_real,100,subject18,subject18_L4_MO4_E2_S3_GE2_GL1_H1_MA2,0.1232998145495259
PURE_MMPD,osc_real,100,subject19,subject19_L1_MO1_E1_S3_GE2_GL2_H1_MA2,0.1786391147559438
PURE_MMPD,osc_real,100,subject19,subject19_L1_MO1_E2_S3_GE2_GL2_H1_MA2,0.3251918366960086
PURE_MMPD,osc_real,100,subject19,subject19_L1_MO2_E2_S3_GE2_GL2_H1_MA2,0.220625473952052
PURE_MMPD,osc_real,100,subject19,subject19_L1_MO3_E2_S3_GE2_GL2_H1_MA2,0.1763345884614974
PURE_MMPD,osc_real,100,subject19,subject19_L1_MO4_E2_S3_GE2_GL2_H1_MA2,0.1384853149482264
PURE_MMPD,osc_real,100,subject19,subject19_L2_MO1_E1_S3_GE2_GL2_H1_MA2,0.3306456176452116
PURE_MMPD,osc_real,100,subject19,subject19_L2_MO1_E2_S3_GE2_GL2_H1_MA2,0.1776504175390549
PURE_MMPD,osc_real,100,subject19,subject19_L2_MO2_E2_S3_GE2_GL2_H1_MA2,0.239153874297839
PURE_MMPD,osc_real,100,subject19,subject19_L2_MO3_E2_S3_GE2_GL2_H1_MA2,0.3365820283995683
PURE_MMPD,osc_real,100,subject19,subject19_L2_MO4_E2_S3_GE2_GL2_H1_MA2,0.1335911178336788
PURE_MMPD,osc_real,100,subject19,subject19_L3_MO1_E1_S3_GE2_GL2_H1_MA2,0.4334408239727808
PURE_MMPD,osc_real,100,subject19,subject19_L3_MO1_E2_S3_GE2_GL2_H1_MA2,0.4481549529814922
PURE_MMPD,osc_real,100,subject19,subject19_L3_MO2_E2_S3_GE2_GL2_H1_MA2,0.1481387565054918
PURE_MMPD,osc_real,100,subject19,subject19_L3_MO3_E2_S3_GE2_GL2_H1_MA2,0.1577817045356115
PURE_MMPD,osc_real,100,subject19,subject19_L3_MO4_E2_S3_GE2_GL2_H1_MA2,0.1347312398124693
PURE_MMPD,osc_real,100,subject19,subject19_L4_MO1_E1_S3_GE2_GL2_H1_MA2,0.4434396870509073
PURE_MMPD,osc_real,100,subject19,subject19_L4_MO1_E2_S3_GE2_GL2_H1_MA2,0.2202523926572954
PURE_MMPD,osc_real,100,subject19,subject19_L4_MO2_E2_S3_GE2_GL2_H1_MA2,0.2208594275212254
PURE_MMPD,osc_real,100,subject19,subject19_L4_MO3_E2_S3_GE2_GL2_H1_MA2,0.1532598797082029
PURE_MMPD,osc_real,100,subject19,subject19_L4_MO4_E2_S3_GE2_GL2_H1_MA2,0.1392404254601026
PURE_MMPD,osc_real,100,subject1,subject1_L1_MO1_E1_S4_GE1_GL1_H2_MA2,0.1185354582025004
PURE_MMPD,osc_real,100,subject1,subject1_L1_MO1_E2_S4_GE1_GL1_H2_MA2,0.0940103624289661
PURE_MMPD,osc_real,100,subject1,subject1_L1_MO2_E2_S4_GE1_GL1_H2_MA2,0.0984901339272912
PURE_MMPD,osc_real,100,subject1,subject1_L1_MO3_E2_S4_GE1_GL1_H2_MA2,0.115545857186176
PURE_MMPD,osc_real,100,subject1,subject1_L1_MO4_E2_S4_GE1_GL1_H2_MA2,0.0923669355719895
PURE_MMPD,osc_real,100,subject1,subject1_L2_MO1_E1_S4_GE1_GL1_H2_MA2,0.1129051396682582
PURE_MMPD,osc_real,100,subject1,subject1_L2_MO1_E2_S4_GE1_GL1_H2_MA2,0.1016139192544942
PURE_MMPD,osc_real,100,subject1,subject1_L2_MO2_E2_S4_GE1_GL1_H2_MA2,0.0800475715175763
PURE_MMPD,osc_real,100,subject1,subject1_L2_MO3_E2_S4_GE1_GL1_H2_MA2,0.1021446688077019
PURE_MMPD,osc_real,100,subject1,subject1_L2_MO4_E2_S4_GE1_GL1_H2_MA2,0.1106717197036654
PURE_MMPD,osc_real,100,subject1,subject1_L3_MO1_E1_S4_GE1_GL1_H2_MA2,0.143487039311832
PURE_MMPD,osc_real,100,subject1,subject1_L3_MO1_E2_S4_GE1_GL1_H2_MA2,0.1187890280678367
PURE_MMPD,osc_real,100,subject1,subject1_L3_MO2_E2_S4_GE1_GL1_H2_MA2,0.0915083113145585
PURE_MMPD,osc_real,100,subject1,subject1_L3_MO3_E2_S4_GE1_GL1_H2_MA2,0.1251581146725034
PURE_MMPD,osc_real,100,subject1,subject1_L3_MO4_E2_S4_GE1_GL1_H2_MA2,0.091166037478588
PURE_MMPD,osc_real,100,subject1,subject1_L4_MO1_E1_S4_GE1_GL1_H2_MA2,0.1353664385699676
PURE_MMPD,osc_real,100,subject1,subject1_L4_MO1_E2_S4_GE1_GL1_H2_MA2,0.1533855994890385
PURE_MMPD,osc_real,100,subject1,subject1_L4_MO2_E2_S4_GE1_GL1_H2_MA2,0.0910909864775455
PURE_MMPD,osc_real,100,subject1,subject1_L4_MO3_E2_S4_GE1_GL1_H2_MA2,0.1317024655644322
PURE_MMPD,osc_real,100,subject1,subject1_L4_MO4_E2_S4_GE1_GL1_H2_MA2,0.1132880957324657
PURE_MMPD,osc_real,100,subject20,subject20_L1_MO1_E1_S3_GE1_GL2_H2_MA2,0.1534017503301538
PURE_MMPD,osc_real,100,subject20,subject20_L1_MO1_E2_S3_GE1_GL2_H2_MA2,0.1486057848150229
PURE_MMPD,osc_real,100,subject20,subject20_L1_MO2_E2_S3_GE1_GL2_H2_MA2,0.1680729445411991
PURE_MMPD,osc_real,100,subject20,subject20_L1_MO3_E2_S3_GE1_GL2_H2_MA2,0.274626778639484
PURE_MMPD,osc_real,100,subject20,subject20_L1_MO4_E2_S3_GE1_GL2_H2_MA2,0.2187127429253305
PURE_MMPD,osc_real,100,subject20,subject20_L2_MO1_E1_S3_GE1_GL2_H2_MA2,0.4433226738047636
PURE_MMPD,osc_real,100,subject20,subject20_L2_MO1_E2_S3_GE1_GL2_H2_MA2,0.3842906673994079
PURE_MMPD,osc_real,100,subject20,subject20_L2_MO2_E2_S3_GE1_GL2_H2_MA2,0.1803368208574664
PURE_MMPD,osc_real,100,subject20,subject20_L2_MO3_E2_S3_GE1_GL2_H2_MA2,0.3687289182602342
PURE_MMPD,osc_real,100,subject20,subject20_L2_MO4_E2_S3_GE1_GL2_H2_MA2,0.1377463573497929
PURE_MMPD,osc_real,100,subject20,subject20_L3_MO1_E1_S3_GE1_GL2_H2_MA2,0.2477312019617541
PURE_MMPD,osc_real,100,subject20,subject20_L3_MO1_E2_S3_GE1_GL2_H2_MA2,0.3210613206613095
PURE_MMPD,osc_real,100,subject20,subject20_L3_MO2_E2_S3_GE1_GL2_H2_MA2,0.2506228362180493
PURE_MMPD,osc_real,100,subject20,subject20_L3_MO3_E2_S3_GE1_GL2_H2_MA2,0.3015848892399318
PURE_MMPD,osc_real,100,subject20,subject20_L3_MO4_E2_S3_GE1_GL2_H2_MA2,0.1933775431165911
PURE_MMPD,osc_real,100,subject20,subject20_L4_MO1_E1_S3_GE1_GL2_H2_MA2,0.0948408709894312
PURE_MMPD,osc_real,100,subject20,subject20_L4_MO1_E2_S3_GE1_GL2_H2_MA2,0.2041836806685587
PURE_MMPD,osc_real,100,subject20,subject20_L4_MO2_E2_S3_GE1_GL2_H2_MA2,0.119188703332657
PURE_MMPD,osc_real,100,subject20,subject20_L4_MO3_E2_S3_GE1_GL2_H2_MA2,0.258093867755534
PURE_MMPD,osc_real,100,subject20,subject20_L4_MO4_E2_S3_GE1_GL2_H2_MA2,0.1712968173059372
PURE_MMPD,osc_real,100,subject21,subject21_L1_MO1_E1_S3_GE2_GL1_H2_MA1,0.1830920734825022
PURE_MMPD,osc_real,100,subject21,subject21_L1_MO1_E2_S3_GE2_GL1_H2_MA1,0.2485695280238347
PURE_MMPD,osc_real,100,subject21,subject21_L1_MO2_E2_S3_GE2_GL1_H2_MA1,0.3373369623208255
PURE_MMPD,osc_real,100,subject21,subject21_L1_MO3_E2_S3_GE2_GL1_H2_MA1,0.2041470933338139
PURE_MMPD,osc_real,100,subject21,subject21_L1_MO4_E2_S3_GE2_GL1_H2_MA1,0.1212300812002149
PURE_MMPD,osc_real,100,subject21,subject21_L2_MO1_E1_S3_GE2_GL1_H2_MA1,0.1683857240113953
PURE_MMPD,osc_real,100,subject21,subject21_L2_MO1_E2_S3_GE2_GL1_H2_MA1,0.2436473909583155
PURE_MMPD,osc_real,100,subject21,subject21_L2_MO2_E2_S3_GE2_GL1_H2_MA1,0.1780442612697478
PURE_MMPD,osc_real,100,subject21,subject21_L2_MO3_E2_S3_GE2_GL1_H2_MA1,0.1984708931377228
PURE_MMPD,osc_real,100,subject21,subject21_L2_MO4_E2_S3_GE2_GL1_H2_MA1,0.1276460991438877
PURE_MMPD,osc_real,100,subject21,subject21_L3_MO1_E1_S3_GE2_GL1_H2_MA1,0.2556329818628242
PURE_MMPD,osc_real,100,subject21,subject21_L3_MO1_E2_S3_GE2_GL1_H2_MA1,0.2921106811903212
PURE_MMPD,osc_real,100,subject21,subject21_L3_MO2_E2_S3_GE2_GL1_H2_MA1,0.2816405850823638
PURE_MMPD,osc_real,100,subject21,subject21_L3_MO3_E2_S3_GE2_GL1_H2_MA1,0.2589988461684712
PURE_MMPD,osc_real,100,subject21,subject21_L3_MO4_E2_S3_GE2_GL1_H2_MA1,0.1589234114979749
PURE_MMPD,osc_real,100,subject21,subject21_L4_MO1_E1_S3_GE2_GL1_H2_MA1,0.0923221857086258
PURE_MMPD,osc_real,100,subject21,subject21_L4_MO1_E2_S3_GE2_GL1_H2_MA1,0.236028041098269
PURE_MMPD,osc_real,100,subject21,subject21_L4_MO2_E2_S3_GE2_GL1_H2_MA1,0.2461734158650439
PURE_MMPD,osc_real,100,subject21,subject21_L4_MO3_E2_S3_GE2_GL1_H2_MA1,0.1640777565799092
PURE_MMPD,osc_real,100,subject21,subject21_L4_MO4_E2_S3_GE2_GL1_H2_MA1,0.1893415226808165
PURE_MMPD,osc_real,100,subject22,subject22_L1_MO1_E1_S3_GE2_GL2_H2_MA2,0.2272359589500708
PURE_MMPD,osc_real,100,subject22,subject22_L1_MO1_E2_S3_GE2_GL2_H2_MA2,0.136701862106883
PURE_MMPD,osc_real,100,subject22,subject22_L1_MO2_E2_S3_GE2_GL2_H2_MA2,0.1209699699673225
PURE_MMPD,osc_real,100,subject22,subject22_L1_MO3_E2_S3_GE2_GL2_H2_MA2,0.1346574453584993
PURE_MMPD,osc_real,100,subject22,subject22_L1_MO4_E2_S3_GE2_GL2_H2_MA2,0.1160069365435183
PURE_MMPD,osc_real,100,subject22,subject22_L2_MO1_E1_S3_GE2_GL2_H2_MA2,0.3713112686362301
PURE_MMPD,osc_real,100,subject22,subject22_L2_MO1_E2_S3_GE2_GL2_H2_MA2,0.2707293853791058
PURE_MMPD,osc_real,100,subject22,subject22_L2_MO2_E2_S3_GE2_GL2_H2_MA2,0.291572596371796
PURE_MMPD,osc_real,100,subject22,subject22_L2_MO3_E2_S3_GE2_GL2_H2_MA2,0.1852165994848095
PURE_MMPD,osc_real,100,subject22,subject22_L2_MO4_E2_S3_GE2_GL2_H2_MA2,0.1191308631668132
PURE_MMPD,osc_real,100,subject22,subject22_L3_MO1_E1_S3_GE2_GL2_H2_MA2,0.4036591307309087
PURE_MMPD,osc_real,100,subject22,subject22_L3_MO1_E2_S3_GE2_GL2_H2_MA2,0.338983677806603
PURE_MMPD,osc_real,100,subject22,subject22_L3_MO2_E2_S3_GE2_GL2_H2_MA2,0.4202195171257626
PURE_MMPD,osc_real,100,subject22,subject22_L3_MO3_E2_S3_GE2_GL2_H2_MA2,0.1877071401910085
PURE_MMPD,osc_real,100,subject22,subject22_L3_MO4_E2_S3_GE2_GL2_H2_MA2,0.108618097249347
PURE_MMPD,osc_real,100,subject22,subject22_L4_MO1_E1_S3_GE2_GL2_H2_MA2,0.0965611177206991
PURE_MMPD,osc_real,100,subject22,subject22_L4_MO1_E2_S3_GE2_GL2_H2_MA2,0.2446980761165297
PURE_MMPD,osc_real,100,subject22,subject22_L4_MO2_E2_S3_GE2_GL2_H2_MA2,0.335373236009196
PURE_MMPD,osc_real,100,subject22,subject22_L4_MO3_E2_S3_GE2_GL2_H2_MA2,0.3761649118289718
PURE_MMPD,osc_real,100,subject22,subject22_L4_MO4_E2_S3_GE2_GL2_H2_MA2,0.1376053598390207
PURE_MMPD,osc_real,100,subject23,subject23_L1_MO1_E1_S5_GE2_GL2_H2_MA2,0.1169361029493397
PURE_MMPD,osc_real,100,subject23,subject23_L1_MO1_E2_S5_GE2_GL2_H2_MA2,0.1341567611682369
PURE_MMPD,osc_real,100,subject23,subject23_L1_MO2_E2_S5_GE2_GL2_H2_MA2,0.1075756370594675
PURE_MMPD,osc_real,100,subject23,subject23_L1_MO3_E2_S5_GE2_GL2_H2_MA2,0.1351481380695915
PURE_MMPD,osc_real,100,subject23,subject23_L1_MO4_E2_S5_GE2_GL2_H2_MA2,0.1391835609086628
PURE_MMPD,osc_real,100,subject23,subject23_L2_MO1_E1_S5_GE2_GL2_H2_MA2,0.1322302129891039
PURE_MMPD,osc_real,100,subject23,subject23_L2_MO1_E2_S5_GE2_GL2_H2_MA2,0.2079897757021132
PURE_MMPD,osc_real,100,subject23,subject23_L2_MO2_E2_S5_GE2_GL2_H2_MA2,0.1221166615633057
PURE_MMPD,osc_real,100,subject23,subject23_L2_MO3_E2_S5_GE2_GL2_H2_MA2,0.2183229520220859
PURE_MMPD,osc_real,100,subject23,subject23_L2_MO4_E2_S5_GE2_GL2_H2_MA2,0.1199898773331779
PURE_MMPD,osc_real,100,subject23,subject23_L3_MO1_E1_S5_GE2_GL2_H2_MA2,0.1340016704807177
PURE_MMPD,osc_real,100,subject23,subject23_L3_MO1_E2_S5_GE2_GL2_H2_MA2,0.1869525161837635
PURE_MMPD,osc_real,100,subject23,subject23_L3_MO2_E2_S5_GE2_GL2_H2_MA2,0.1319879774728864
PURE_MMPD,osc_real,100,subject23,subject23_L3_MO3_E2_S5_GE2_GL2_H2_MA2,0.2346599773543312
PURE_MMPD,osc_real,100,subject23,subject23_L3_MO4_E2_S5_GE2_GL2_H2_MA2,0.147635943810207
PURE_MMPD,osc_real,100,subject23,subject23_L4_MO1_E1_S5_GE2_GL2_H2_MA2,0.1101121548471586
PURE_MMPD,osc_real,100,subject23,subject23_L4_MO1_E2_S5_GE2_GL2_H2_MA2,0.1189926213931669
PURE_MMPD,osc_real,100,subject23,subject23_L4_MO2_E2_S5_GE2_GL2_H2_MA2,0.0888550771776964
PURE_MMPD,osc_real,100,subject23,subject23_L4_MO3_E2_S5_GE2_GL2_H2_MA2,0.248139986146002
PURE_MMPD,osc_real,100,subject23,subject23_L4_MO4_E2_S5_GE2_GL2_H2_MA2,0.1841079219908416
PURE_MMPD,osc_real,100,subject24,subject24_L1_MO1_E1_S3_GE2_GL2_H2_MA1,0.4960396802519321
PURE_MMPD,osc_real,100,subject24,subject24_L1_MO1_E2_S3_GE2_GL2_H2_MA1,0.2644015491468167
PURE_MMPD,osc_real,100,subject24,subject24_L1_MO2_E2_S3_GE2_GL2_H2_MA1,0.3475735903418477
PURE_MMPD,osc_real,100,subject24,subject24_L1_MO3_E2_S3_GE2_GL2_H2_MA1,0.4301780356877836
PURE_MMPD,osc_real,100,subject24,subject24_L1_MO4_E2_S3_GE2_GL2_H2_MA1,0.153406412497587
PURE_MMPD,osc_real,100,subject24,subject24_L2_MO1_E1_S3_GE2_GL2_H2_MA1,0.5010764400508454
PURE_MMPD,osc_real,100,subject24,subject24_L2_MO1_E2_S3_GE2_GL2_H2_MA1,0.2669170235548134
PURE_MMPD,osc_real,100,subject24,subject24_L2_MO2_E2_S3_GE2_GL2_H2_MA1,0.3055660933103209
PURE_MMPD,osc_real,100,subject24,subject24_L2_MO3_E2_S3_GE2_GL2_H2_MA1,0.3504262643526579
PURE_MMPD,osc_real,100,subject24,subject24_L2_MO4_E2_S3_GE2_GL2_H2_MA1,0.1036213063736448
PURE_MMPD,osc_real,100,subject24,subject24_L3_MO1_E1_S3_GE2_GL2_H2_MA1,0.5098119319024085
PURE_MMPD,osc_real,100,subject24,subject24_L3_MO1_E2_S3_GE2_GL2_H2_MA1,0.330007799673451
PURE_MMPD,osc_real,100,subject24,subject24_L3_MO2_E2_S3_GE2_GL2_H2_MA1,0.3908562967198518
PURE_MMPD,osc_real,100,subject24,subject24_L3_MO3_E2_S3_GE2_GL2_H2_MA1,0.2913083809851169
PURE_MMPD,osc_real,100,subject24,subject24_L3_MO4_E2_S3_GE2_GL2_H2_MA1,0.1011197433558536
PURE_MMPD,osc_real,100,subject24,subject24_L4_MO1_E1_S3_GE2_GL2_H2_MA1,0.2767081867431827
PURE_MMPD,osc_real,100,subject24,subject24_L4_MO1_E2_S3_GE2_GL2_H2_MA1,0.1230220331560158
PURE_MMPD,osc_real,100,subject24,subject24_L4_MO2_E2_S3_GE2_GL2_H2_MA1,0.2246901233301542
PURE_MMPD,osc_real,100,subject24,subject24_L4_MO3_E2_S3_GE2_GL2_H2_MA1,0.2132553433513614
PURE_MMPD,osc_real,100,subject24,subject24_L4_MO4_E2_S3_GE2_GL2_H2_MA1,0.189830516943601
PURE_MMPD,osc_real,100,subject25,subject25_L1_MO1_E1_S3_GE2_GL2_H1_MA2,0.1167519078640089
PURE_MMPD,osc_real,100,subject25,subject25_L1_MO1_E2_S3_GE2_GL2_H1_MA2,0.169259552669471
PURE_MMPD,osc_real,100,subject25,subject25_L1_MO2_E2_S3_GE2_GL2_H1_MA2,0.1436182993400113
PURE_MMPD,osc_real,100,subject25,subject25_L1_MO3_E2_S3_GE2_GL2_H1_MA2,0.1126664294699961
PURE_MMPD,osc_real,100,subject25,subject25_L1_MO4_E2_S3_GE2_GL2_H1_MA2,0.1704382406319013
PURE_MMPD,osc_real,100,subject25,subject25_L2_MO1_E1_S3_GE2_GL2_H1_MA2,0.2232206100574848
PURE_MMPD,osc_real,100,subject25,subject25_L2_MO1_E2_S3_GE2_GL2_H1_MA2,0.2664575311844731
PURE_MMPD,osc_real,100,subject25,subject25_L2_MO2_E2_S3_GE2_GL2_H1_MA2,0.3086965234899608
PURE_MMPD,osc_real,100,subject25,subject25_L2_MO3_E2_S3_GE2_GL2_H1_MA2,0.3724639327668161
PURE_MMPD,osc_real,100,subject25,subject25_L2_MO4_E2_S3_GE2_GL2_H1_MA2,0.1662663270131545
PURE_MMPD,osc_real,100,subject25,subject25_L3_MO1_E1_S3_GE2_GL2_H1_MA2,0.2342494689671831
PURE_MMPD,osc_real,100,subject25,subject25_L3_MO1_E2_S3_GE2_GL2_H1_MA2,0.4670146371694108
PURE_MMPD,osc_real,100,subject25,subject25_L3_MO2_E2_S3_GE2_GL2_H1_MA2,0.1847178238981697
PURE_MMPD,osc_real,100,subject25,subject25_L3_MO3_E2_S3_GE2_GL2_H1_MA2,0.2335258259504028
PURE_MMPD,osc_real,100,subject25,subject25_L3_MO4_E2_S3_GE2_GL2_H1_MA2,0.1340978169916505
PURE_MMPD,osc_real,100,subject25,subject25_L4_MO1_E1_S3_GE2_GL2_H1_MA2,0.3162968723498618
PURE_MMPD,osc_real,100,subject25,subject25_L4_MO1_E2_S3_GE2_GL2_H1_MA2,0.2290574898705845
PURE_MMPD,osc_real,100,subject25,subject25_L4_MO2_E2_S3_GE2_GL2_H1_MA2,0.1269191962000036
PURE_MMPD,osc_real,100,subject25,subject25_L4_MO3_E2_S3_GE2_GL2_H1_MA2,0.1732048310826939
PURE_MMPD,osc_real,100,subject25,subject25_L4_MO4_E2_S3_GE2_GL2_H1_MA2,0.1186755410230581
PURE_MMPD,osc_real,100,subject26,subject26_L1_MO1_E1_S6_GE1_GL2_H2_MA2,0.130028671789152
PURE_MMPD,osc_real,100,subject26,subject26_L1_MO1_E2_S6_GE1_GL2_H2_MA2,0.1360592839737888
PURE_MMPD,osc_real,100,subject26,subject26_L1_MO2_E2_S6_GE1_GL2_H2_MA2,0.1746156887933467
PURE_MMPD,osc_real,100,subject26,subject26_L1_MO3_E2_S6_GE1_GL2_H2_MA2,0.1232896495220889
PURE_MMPD,osc_real,100,subject26,subject26_L1_MO4_E2_S6_GE1_GL2_H2_MA2,0.1569407780324349
PURE_MMPD,osc_real,100,subject26,subject26_L2_MO1_E1_S6_GE1_GL2_H2_MA2,0.1245448799806747
PURE_MMPD,osc_real,100,subject26,subject26_L2_MO1_E2_S6_GE1_GL2_H2_MA2,0.1607800595005593
PURE_MMPD,osc_real,100,subject26,subject26_L2_MO2_E2_S6_GE1_GL2_H2_MA2,0.1300619068338774
PURE_MMPD,osc_real,100,subject26,subject26_L2_MO3_E2_S6_GE1_GL2_H2_MA2,0.1568997182303901
PURE_MMPD,osc_real,100,subject26,subject26_L2_MO4_E2_S6_GE1_GL2_H2_MA2,0.2012737877674654
PURE_MMPD,osc_real,100,subject26,subject26_L3_MO1_E1_S6_GE1_GL2_H2_MA2,0.1785599334814126
PURE_MMPD,osc_real,100,subject26,subject26_L3_MO1_E2_S6_GE1_GL2_H2_MA2,0.1893528777918564
PURE_MMPD,osc_real,100,subject26,subject26_L3_MO2_E2_S6_GE1_GL2_H2_MA2,0.1733699318100513
PURE_MMPD,osc_real,100,subject26,subject26_L3_MO3_E2_S6_GE1_GL2_H2_MA2,0.1715542481645449
PURE_MMPD,osc_real,100,subject26,subject26_L3_MO4_E2_S6_GE1_GL2_H2_MA2,0.1299204809494683
PURE_MMPD,osc_real,100,subject26,subject26_L4_MO1_E1_S6_GE1_GL2_H2_MA2,0.1669798257828697
PURE_MMPD,osc_real,100,subject26,subject26_L4_MO1_E2_S6_GE1_GL2_H2_MA2,0.1522422823450256
PURE_MMPD,osc_real,100,subject26,subject26_L4_MO2_E2_S6_GE1_GL2_H2_MA2,0.1488808359071889
PURE_MMPD,osc_real,100,subject26,subject26_L4_MO3_E2_S6_GE1_GL2_H2_MA2,0.1789422061057373
PURE_MMPD,osc_real,100,subject26,subject26_L4_MO4_E2_S6_GE1_GL2_H2_MA2,0.1549228947166277
PURE_MMPD,osc_real,100,subject27,subject27_L1_MO1_E1_S3_GE2_GL2_H2_MA1,0.3273972912498047
PURE_MMPD,osc_real,100,subject27,subject27_L1_MO1_E2_S3_GE2_GL2_H2_MA1,0.2690840815638491
PURE_MMPD,osc_real,100,subject27,subject27_L1_MO2_E2_S3_GE2_GL2_H2_MA1,0.3663545023622045
PURE_MMPD,osc_real,100,subject27,subject27_L1_MO3_E2_S3_GE2_GL2_H2_MA1,0.2693386337990266
PURE_MMPD,osc_real,100,subject27,subject27_L1_MO4_E2_S3_GE2_GL2_H2_MA1,0.167400400859129
PURE_MMPD,osc_real,100,subject27,subject27_L2_MO1_E1_S3_GE2_GL2_H2_MA1,0.279728385722904
PURE_MMPD,osc_real,100,subject27,subject27_L2_MO1_E2_S3_GE2_GL2_H2_MA1,0.2825974237097294
PURE_MMPD,osc_real,100,subject27,subject27_L2_MO2_E2_S3_GE2_GL2_H2_MA1,0.3708079402089603
PURE_MMPD,osc_real,100,subject27,subject27_L2_MO3_E2_S3_GE2_GL2_H2_MA1,0.238218145374602
PURE_MMPD,osc_real,100,subject27,subject27_L2_MO4_E2_S3_GE2_GL2_H2_MA1,0.1639690617880439
PURE_MMPD,osc_real,100,subject27,subject27_L3_MO1_E1_S3_GE2_GL2_H2_MA1,0.3614553988455409
PURE_MMPD,osc_real,100,subject27,subject27_L3_MO1_E2_S3_GE2_GL2_H2_MA1,0.3527392758548447
PURE_MMPD,osc_real,100,subject27,subject27_L3_MO2_E2_S3_GE2_GL2_H2_MA1,0.2515330033107936
PURE_MMPD,osc_real,100,subject27,subject27_L3_MO3_E2_S3_GE2_GL2_H2_MA1,0.3418517434739475
PURE_MMPD,osc_real,100,subject27,subject27_L3_MO4_E2_S3_GE2_GL2_H2_MA1,0.1412765042968986
PURE_MMPD,osc_real,100,subject27,subject27_L4_MO1_E1_S3_GE2_GL2_H2_MA1,0.4192765559303029
PURE_MMPD,osc_real,100,subject27,subject27_L4_MO1_E2_S3_GE2_GL2_H2_MA1,0.1977886690162449
PURE_MMPD,osc_real,100,subject27,subject27_L4_MO2_E2_S3_GE2_GL2_H2_MA1,0.2848981456006915
PURE_MMPD,osc_real,100,subject27,subject27_L4_MO3_E2_S3_GE2_GL2_H2_MA1,0.4064717632912571
PURE_MMPD,osc_real,100,subject27,subject27_L4_MO4_E2_S3_GE2_GL2_H2_MA1,0.1673673180118228
PURE_MMPD,osc_real,100,subject28,subject28_L1_MO1_E1_S5_GE2_GL2_H2_MA2,0.0966479685894591
PURE_MMPD,osc_real,100,subject28,subject28_L1_MO1_E2_S5_GE2_GL2_H2_MA2,0.1365959385252202
PURE_MMPD,osc_real,100,subject28,subject28_L1_MO2_E2_S5_GE2_GL2_H2_MA2,0.1568295952109791
PURE_MMPD,osc_real,100,subject28,subject28_L1_MO3_E2_S5_GE2_GL2_H2_MA2,0.1099135093590047
PURE_MMPD,osc_real,100,subject28,subject28_L1_MO4_E2_S5_GE2_GL2_H2_MA2,0.1254331949847514
PURE_MMPD,osc_real,100,subject28,subject28_L2_MO1_E1_S5_GE2_GL2_H2_MA2,0.1329019496633307
PURE_MMPD,osc_real,100,subject28,subject28_L2_MO1_E2_S5_GE2_GL2_H2_MA2,0.1273810880281733
PURE_MMPD,osc_real,100,subject28,subject28_L2_MO2_E2_S5_GE2_GL2_H2_MA2,0.1048377110601057
PURE_MMPD,osc_real,100,subject28,subject28_L2_MO3_E2_S5_GE2_GL2_H2_MA2,0.1015267523962688
PURE_MMPD,osc_real,100,subject28,subject28_L2_MO4_E2_S5_GE2_GL2_H2_MA2,0.1371864116156452
PURE_MMPD,osc_real,100,subject28,subject28_L3_MO1_E1_S5_GE2_GL2_H2_MA2,0.1599243174493645
PURE_MMPD,osc_real,100,subject28,subject28_L3_MO1_E2_S5_GE2_GL2_H2_MA2,0.1477776091002506
PURE_MMPD,osc_real,100,subject28,subject28_L3_MO2_E2_S5_GE2_GL2_H2_MA2,0.1102152341571278
PURE_MMPD,osc_real,100,subject28,subject28_L3_MO3_E2_S5_GE2_GL2_H2_MA2,0.1405341799217054
PURE_MMPD,osc_real,100,subject28,subject28_L3_MO4_E2_S5_GE2_GL2_H2_MA2,0.1548987199139818
PURE_MMPD,osc_real,100,subject28,subject28_L4_MO1_E1_S5_GE2_GL2_H2_MA2,0.1350542553867829
PURE_MMPD,osc_real,100,subject28,subject28_L4_MO1_E2_S5_GE2_GL2_H2_MA2,0.1287358636200563
PURE_MMPD,osc_real,100,subject28,subject28_L4_MO2_E2_S5_GE2_GL2_H2_MA2,0.1475317153980054
PURE_MMPD,osc_real,100,subject28,subject28_L4_MO3_E2_S5_GE2_GL2_H2_MA2,0.1581248521760141
PURE_MMPD,osc_real,100,subject28,subject28_L4_MO4_E2_S5_GE2_GL2_H2_MA2,0.1519463611273464
PURE_MMPD,osc_real,100,subject29,subject29_L1_MO1_E1_S3_GE2_GL1_H1_MA2,0.1414732472816295
PURE_MMPD,osc_real,100,subject29,subject29_L1_MO1_E2_S3_GE2_GL1_H1_MA2,0.1990943791995516
PURE_MMPD,osc_real,100,subject29,subject29_L1_MO2_E2_S3_GE2_GL1_H1_MA2,0.3229029599640015
PURE_MMPD,osc_real,100,subject29,subject29_L1_MO3_E2_S3_GE2_GL1_H1_MA2,0.386740381793741
PURE_MMPD,osc_real,100,subject29,subject29_L1_MO4_E2_S3_GE2_GL1_H1_MA2,0.1000045666586918
PURE_MMPD,osc_real,100,subject29,subject29_L2_MO1_E1_S3_GE2_GL1_H1_MA2,0.2310439675298696
PURE_MMPD,osc_real,100,subject29,subject29_L2_MO1_E2_S3_GE2_GL1_H1_MA2,0.3059665190477715
PURE_MMPD,osc_real,100,subject29,subject29_L2_MO2_E2_S3_GE2_GL1_H1_MA2,0.4185577843900517
PURE_MMPD,osc_real,100,subject29,subject29_L2_MO3_E2_S3_GE2_GL1_H1_MA2,0.3333752144765249
PURE_MMPD,osc_real,100,subject29,subject29_L2_MO4_E2_S3_GE2_GL1_H1_MA2,0.1481996473643115
PURE_MMPD,osc_real,100,subject29,subject29_L3_MO1_E1_S3_GE2_GL1_H1_MA2,0.203054791087629
PURE_MMPD,osc_real,100,subject29,subject29_L3_MO1_E2_S3_GE2_GL1_H1_MA2,0.601744716076368
PURE_MMPD,osc_real,100,subject29,subject29_L3_MO2_E2_S3_GE2_GL1_H1_MA2,0.4320423092576621
PURE_MMPD,osc_real,100,subject29,subject29_L3_MO3_E2_S3_GE2_GL1_H1_MA2,0.5406033570539516
PURE_MMPD,osc_real,100,subject29,subject29_L3_MO4_E2_S3_GE2_GL1_H1_MA2,0.2196417875278785
PURE_MMPD,osc_real,100,subject29,subject29_L4_MO1_E1_S3_GE2_GL1_H1_MA2,0.2843941498153312
PURE_MMPD,osc_real,100,subject29,subject29_L4_MO1_E2_S3_GE2_GL1_H1_MA2,0.4170664058514249
PURE_MMPD,osc_real,100,subject29,subject29_L4_MO2_E2_S3_GE2_GL1_H1_MA2,0.2555680214071222
PURE_MMPD,osc_real,100,subject29,subject29_L4_MO3_E2_S3_GE2_GL1_H1_MA2,0.1995277506626858
PURE_MMPD,osc_real,100,subject29,subject29_L4_MO4_E2_S3_GE2_GL1_H1_MA2,0.1541766274064711
PURE_MMPD,osc_real,100,subject2,subject2_L1_MO1_E1_S4_GE1_GL1_H1_MA2,0.1421269424771431
PURE_MMPD,osc_real,100,subject2,subject2_L1_MO1_E2_S4_GE1_GL1_H1_MA2,0.2764517312363917
PURE_MMPD,osc_real,100,subject2,subject2_L1_MO2_E2_S4_GE1_GL1_H1_MA2,0.3281677167694294
PURE_MMPD,osc_real,100,subject2,subject2_L1_MO3_E2_S4_GE1_GL1_H1_MA2,0.33795820512199
PURE_MMPD,osc_real,100,subject2,subject2_L1_MO4_E2_S4_GE1_GL1_H1_MA2,0.1795408564025994
PURE_MMPD,osc_real,100,subject2,subject2_L2_MO1_E1_S4_GE1_GL1_H1_MA2,0.1045206991552004
PURE_MMPD,osc_real,100,subject2,subject2_L2_MO1_E2_S4_GE1_GL1_H1_MA2,0.3730564043754553
PURE_MMPD,osc_real,100,subject2,subject2_L2_MO2_E2_S4_GE1_GL1_H1_MA2,0.3156621676929082
PURE_MMPD,osc_real,100,subject2,subject2_L2_MO3_E2_S4_GE1_GL1_H1_MA2,0.3206989178948739
PURE_MMPD,osc_real,100,subject2,subject2_L2_MO4_E2_S4_GE1_GL1_H1_MA2,0.1283443316758931
PURE_MMPD,osc_real,100,subject2,subject2_L3_MO1_E1_S4_GE1_GL1_H1_MA2,0.2838783277581048
PURE_MMPD,osc_real,100,subject2,subject2_L3_MO1_E2_S4_GE1_GL1_H1_MA2,0.4262729208393117
PURE_MMPD,osc_real,100,subject2,subject2_L3_MO2_E2_S4_GE1_GL1_H1_MA2,0.2513023282597919
PURE_MMPD,osc_real,100,subject2,subject2_L3_MO3_E2_S4_GE1_GL1_H1_MA2,0.3292678504489754
PURE_MMPD,osc_real,100,subject2,subject2_L3_MO4_E2_S4_GE1_GL1_H1_MA2,0.1529442940920694
PURE_MMPD,osc_real,100,subject2,subject2_L4_MO1_E1_S4_GE1_GL1_H1_MA2,0.0967358056838424
PURE_MMPD,osc_real,100,subject2,subject2_L4_MO1_E2_S4_GE1_GL1_H1_MA2,0.2724241949591514
PURE_MMPD,osc_real,100,subject2,subject2_L4_MO2_E2_S4_GE1_GL1_H1_MA2,0.1029504848804242
PURE_MMPD,osc_real,100,subject2,subject2_L4_MO3_E2_S4_GE1_GL1_H1_MA2,0.1797714363313211
PURE_MMPD,osc_real,100,subject2,subject2_L4_MO4_E2_S4_GE1_GL1_H1_MA2,0.1388840711705359
PURE_MMPD,osc_real,100,subject30,subject30_L1_MO1_E1_S6_GE1_GL2_H2_MA2,0.0755947052646983
PURE_MMPD,osc_real,100,subject30,subject30_L1_MO1_E2_S6_GE1_GL2_H2_MA2,0.0975990906188494
PURE_MMPD,osc_real,100,subject30,subject30_L1_MO2_E2_S6_GE1_GL2_H2_MA2,0.1079186178795141
PURE_MMPD,osc_real,100,subject30,subject30_L1_MO3_E2_S6_GE1_GL2_H2_MA2,0.1114173843993732
PURE_MMPD,osc_real,100,subject30,subject30_L1_MO4_E2_S6_GE1_GL2_H2_MA2,0.187977154980493
PURE_MMPD,osc_real,100,subject30,subject30_L2_MO1_E1_S6_GE1_GL2_H2_MA2,0.0815257122501471
PURE_MMPD,osc_real,100,subject30,subject30_L2_MO1_E2_S6_GE1_GL2_H2_MA2,0.1657246663001516
PURE_MMPD,osc_real,100,subject30,subject30_L2_MO2_E2_S6_GE1_GL2_H2_MA2,0.0739131349712509
PURE_MMPD,osc_real,100,subject30,subject30_L2_MO3_E2_S6_GE1_GL2_H2_MA2,0.1563493909172607
PURE_MMPD,osc_real,100,subject30,subject30_L2_MO4_E2_S6_GE1_GL2_H2_MA2,0.1536259669750929
PURE_MMPD,osc_real,100,subject30,subject30_L3_MO1_E1_S6_GE1_GL2_H2_MA2,0.1674616737348209
PURE_MMPD,osc_real,100,subject30,subject30_L3_MO1_E2_S6_GE1_GL2_H2_MA2,0.3387808212913704
PURE_MMPD,osc_real,100,subject30,subject30_L3_MO2_E2_S6_GE1_GL2_H2_MA2,0.1281945557727823
PURE_MMPD,osc_real,100,subject30,subject30_L3_MO3_E2_S6_GE1_GL2_H2_MA2,0.2818318382024167
PURE_MMPD,osc_real,100,subject30,subject30_L3_MO4_E2_S6_GE1_GL2_H2_MA2,0.235515837166948
PURE_MMPD,osc_real,100,subject30,subject30_L4_MO1_E1_S6_GE1_GL2_H2_MA2,0.1282702664624222
PURE_MMPD,osc_real,100,subject30,subject30_L4_MO1_E2_S6_GE1_GL2_H2_MA2,0.1511753368084356
PURE_MMPD,osc_real,100,subject30,subject30_L4_MO2_E2_S6_GE1_GL2_H2_MA2,0.0857764207583168
PURE_MMPD,osc_real,100,subject30,subject30_L4_MO3_E2_S6_GE1_GL2_H2_MA2,0.2483664420244485
PURE_MMPD,osc_real,100,subject30,subject30_L4_MO4_E2_S6_GE1_GL2_H2_MA2,0.1551904772750309
PURE_MMPD,osc_real,100,subject31,subject31_L1_MO1_E1_S5_GE1_GL2_H2_MA2,0.0715504246893068
PURE_MMPD,osc_real,100,subject31,subject31_L1_MO1_E2_S5_GE1_GL2_H2_MA2,0.0925556289284916
PURE_MMPD,osc_real,100,subject31,subject31_L1_MO2_E2_S5_GE1_GL2_H2_MA2,0.1138424984340636
PURE_MMPD,osc_real,100,subject31,subject31_L1_MO3_E2_S5_GE1_GL2_H2_MA2,0.1307780905972868
PURE_MMPD,osc_real,100,subject31,subject31_L1_MO4_E2_S5_GE1_GL2_H2_MA2,0.1424784472341638
PURE_MMPD,osc_real,100,subject31,subject31_L2_MO1_E1_S5_GE1_GL2_H2_MA2,0.1237004144171919
PURE_MMPD,osc_real,100,subject31,subject31_L2_MO1_E2_S5_GE1_GL2_H2_MA2,0.1339184200915021
PURE_MMPD,osc_real,100,subject31,subject31_L2_MO2_E2_S5_GE1_GL2_H2_MA2,0.0893900157662206
PURE_MMPD,osc_real,100,subject31,subject31_L2_MO3_E2_S5_GE1_GL2_H2_MA2,0.2135470113333077
PURE_MMPD,osc_real,100,subject31,subject31_L2_MO4_E2_S5_GE1_GL2_H2_MA2,0.2155497841805972
PURE_MMPD,osc_real,100,subject31,subject31_L3_MO1_E1_S5_GE1_GL2_H2_MA2,0.1209258900058198
PURE_MMPD,osc_real,100,subject31,subject31_L3_MO1_E2_S5_GE1_GL2_H2_MA2,0.092664381598204
PURE_MMPD,osc_real,100,subject31,subject31_L3_MO2_E2_S5_GE1_GL2_H2_MA2,0.0874486887582673
PURE_MMPD,osc_real,100,subject31,subject31_L3_MO3_E2_S5_GE1_GL2_H2_MA2,0.1816287172222933
PURE_MMPD,osc_real,100,subject31,subject31_L3_MO4_E2_S5_GE1_GL2_H2_MA2,0.1483490072753242
PURE_MMPD,osc_real,100,subject31,subject31_L4_MO1_E1_S5_GE1_GL2_H2_MA2,0.0845883735056761
PURE_MMPD,osc_real,100,subject31,subject31_L4_MO1_E2_S5_GE1_GL2_H2_MA2,0.1521811995693567
PURE_MMPD,osc_real,100,subject31,subject31_L4_MO2_E2_S5_GE1_GL2_H2_MA2,0.1134690183522294
PURE_MMPD,osc_real,100,subject31,subject31_L4_MO3_E2_S5_GE1_GL2_H2_MA2,0.0926643744790794
PURE_MMPD,osc_real,100,subject31,subject31_L4_MO4_E2_S5_GE1_GL2_H2_MA2,0.1334981562213229
PURE_MMPD,osc_real,100,subject32,subject32_L1_MO1_E1_S3_GE2_GL2_H2_MA2,0.567582358170652
PURE_MMPD,osc_real,100,subject32,subject32_L1_MO1_E2_S3_GE2_GL2_H2_MA2,0.3621145208358934
PURE_MMPD,osc_real,100,subject32,subject32_L1_MO2_E2_S3_GE2_GL2_H2_MA2,0.5016024577649641
PURE_MMPD,osc_real,100,subject32,subject32_L1_MO3_E2_S3_GE2_GL2_H2_MA2,0.4235853123989485
PURE_MMPD,osc_real,100,subject32,subject32_L1_MO4_E2_S3_GE2_GL2_H2_MA2,0.1467563392864402
PURE_MMPD,osc_real,100,subject32,subject32_L2_MO1_E1_S3_GE2_GL2_H2_MA2,0.7114280467430496
PURE_MMPD,osc_real,100,subject32,subject32_L2_MO1_E2_S3_GE2_GL2_H2_MA2,0.7220066561575214
PURE_MMPD,osc_real,100,subject32,subject32_L2_MO2_E2_S3_GE2_GL2_H2_MA2,0.6460611978580377
PURE_MMPD,osc_real,100,subject32,subject32_L2_MO3_E2_S3_GE2_GL2_H2_MA2,0.600361120517633
PURE_MMPD,osc_real,100,subject32,subject32_L2_MO4_E2_S3_GE2_GL2_H2_MA2,0.2390469519822168
PURE_MMPD,osc_real,100,subject32,subject32_L3_MO1_E1_S3_GE2_GL2_H2_MA2,0.606719472745135
PURE_MMPD,osc_real,100,subject32,subject32_L3_MO1_E2_S3_GE2_GL2_H2_MA2,0.6726334752072002
PURE_MMPD,osc_real,100,subject32,subject32_L3_MO2_E2_S3_GE2_GL2_H2_MA2,0.7137868633166528
PURE_MMPD,osc_real,100,subject32,subject32_L3_MO3_E2_S3_GE2_GL2_H2_MA2,0.5195543664284632
PURE_MMPD,osc_real,100,subject32,subject32_L3_MO4_E2_S3_GE2_GL2_H2_MA2,0.1759960587815211
PURE_MMPD,osc_real,100,subject32,subject32_L4_MO1_E1_S3_GE2_GL2_H2_MA2,0.4029393011724593
PURE_MMPD,osc_real,100,subject32,subject32_L4_MO1_E2_S3_GE2_GL2_H2_MA2,0.2327550277379041
PURE_MMPD,osc_real,100,subject32,subject32_L4_MO2_E2_S3_GE2_GL2_H2_MA2,0.2200268154150134
PURE_MMPD,osc_real,100,subject32,subject32_L4_MO3_E2_S3_GE2_GL2_H2_MA2,0.2735520599510964
PURE_MMPD,osc_real,100,subject32,subject32_L4_MO4_E2_S3_GE2_GL2_H2_MA2,0.2319051886205265
PURE_MMPD,osc_real,100,subject33,subject33_L1_MO1_E1_S3_GE2_GL2_H2_MA2,0.0985943142882743
PURE_MMPD,osc_real,100,subject33,subject33_L1_MO1_E2_S3_GE2_GL2_H2_MA2,0.1811095776197981
PURE_MMPD,osc_real,100,subject33,subject33_L1_MO2_E2_S3_GE2_GL2_H2_MA2,0.1722324801365939
PURE_MMPD,osc_real,100,subject33,subject33_L1_MO3_E2_S3_GE2_GL2_H2_MA2,0.3647162302485864
PURE_MMPD,osc_real,100,subject33,subject33_L1_MO4_E2_S3_GE2_GL2_H2_MA2,0.1152573703471833
PURE_MMPD,osc_real,100,subject33,subject33_L2_MO1_E1_S3_GE2_GL2_H2_MA2,0.3583088638198052
PURE_MMPD,osc_real,100,subject33,subject33_L2_MO1_E2_S3_GE2_GL2_H2_MA2,0.2649944744177183
PURE_MMPD,osc_real,100,subject33,subject33_L2_MO2_E2_S3_GE2_GL2_H2_MA2,0.3926182207906366
PURE_MMPD,osc_real,100,subject33,subject33_L2_MO3_E2_S3_GE2_GL2_H2_MA2,0.4752491830386439
PURE_MMPD,osc_real,100,subject33,subject33_L2_MO4_E2_S3_GE2_GL2_H2_MA2,0.1790161020333365
PURE_MMPD,osc_real,100,subject33,subject33_L3_MO1_E1_S3_GE2_GL2_H2_MA2,0.237526426218086
PURE_MMPD,osc_real,100,subject33,subject33_L3_MO1_E2_S3_GE2_GL2_H2_MA2,0.3974647559859529
PURE_MMPD,osc_real,100,subject33,subject33_L3_MO2_E2_S3_GE2_GL2_H2_MA2,0.2848902168040111
PURE_MMPD,osc_real,100,subject33,subject33_L3_MO3_E2_S3_GE2_GL2_H2_MA2,0.5005758537621422
PURE_MMPD,osc_real,100,subject33,subject33_L3_MO4_E2_S3_GE2_GL2_H2_MA2,0.1331063984089942
PURE_MMPD,osc_real,100,subject33,subject33_L4_MO1_E1_S3_GE2_GL2_H2_MA2,0.2016058263076086
PURE_MMPD,osc_real,100,subject33,subject33_L4_MO1_E2_S3_GE2_GL2_H2_MA2,0.1865496764279256
PURE_MMPD,osc_real,100,subject33,subject33_L4_MO2_E2_S3_GE2_GL2_H2_MA2,0.3041103392690779
PURE_MMPD,osc_real,100,subject33,subject33_L4_MO3_E2_S3_GE2_GL2_H2_MA2,0.3087745541161707
PURE_MMPD,osc_real,100,subject33,subject33_L4_MO4_E2_S3_GE2_GL2_H2_MA2,0.2028920290967381
PURE_MMPD,osc_real,100,subject3,subject3_L1_MO1_E1_S3_GE1_GL2_H1_MA2,0.1562960963796145
PURE_MMPD,osc_real,100,subject3,subject3_L1_MO1_E2_S3_GE1_GL2_H1_MA2,0.1411750200636962
PURE_MMPD,osc_real,100,subject3,subject3_L1_MO2_E2_S3_GE1_GL2_H1_MA2,0.1865324732465833
PURE_MMPD,osc_real,100,subject3,subject3_L1_MO3_E2_S3_GE1_GL2_H1_MA2,0.151268980627737
PURE_MMPD,osc_real,100,subject3,subject3_L1_MO4_E2_S3_GE1_GL2_H1_MA2,0.1400517876511274
PURE_MMPD,osc_real,100,subject3,subject3_L2_MO1_E1_S3_GE1_GL2_H1_MA2,0.2186773416943742
PURE_MMPD,osc_real,100,subject3,subject3_L2_MO1_E2_S3_GE1_GL2_H1_MA2,0.1362853449601298
PURE_MMPD,osc_real,100,subject3,subject3_L2_MO2_E2_S3_GE1_GL2_H1_MA2,0.2754083073745954
PURE_MMPD,osc_real,100,subject3,subject3_L2_MO3_E2_S3_GE1_GL2_H1_MA2,0.163102592588608
PURE_MMPD,osc_real,100,subject3,subject3_L2_MO4_E2_S3_GE1_GL2_H1_MA2,0.1149411305110138
PURE_MMPD,osc_real,100,subject3,subject3_L3_MO1_E1_S3_GE1_GL2_H1_MA2,0.1087126673252942
PURE_MMPD,osc_real,100,subject3,subject3_L3_MO1_E2_S3_GE1_GL2_H1_MA2,0.1400742188468395
PURE_MMPD,osc_real,100,subject3,subject3_L3_MO2_E2_S3_GE1_GL2_H1_MA2,0.1698131136591523
PURE_MMPD,osc_real,100,subject3,subject3_L3_MO3_E2_S3_GE1_GL2_H1_MA2,0.2485344251355689
PURE_MMPD,osc_real,100,subject3,subject3_L3_MO4_E2_S3_GE1_GL2_H1_MA2,0.1194508339823627
PURE_MMPD,osc_real,100,subject3,subject3_L4_MO1_E1_S3_GE1_GL2_H1_MA2,0.1165804834341554
PURE_MMPD,osc_real,100,subject3,subject3_L4_MO1_E2_S3_GE1_GL2_H1_MA2,0.1602508140034927
PURE_MMPD,osc_real,100,subject3,subject3_L4_MO2_E2_S3_GE1_GL2_H1_MA2,0.1414809716015332
PURE_MMPD,osc_real,100,subject3,subject3_L4_MO3_E2_S3_GE1_GL2_H1_MA2,0.1855433647303007
PURE_MMPD,osc_real,100,subject3,subject3_L4_MO4_E2_S3_GE1_GL2_H1_MA2,0.1244763868598487
PURE_MMPD,osc_real,100,subject4,subject4_L1_MO1_E1_S3_GE1_GL2_H1_MA2,0.3233442550008997
PURE_MMPD,osc_real,100,subject4,subject4_L1_MO1_E2_S3_GE1_GL2_H1_MA2,0.2179615265730185
PURE_MMPD,osc_real,100,subject4,subject4_L1_MO2_E2_S3_GE1_GL2_H1_MA2,0.1200396253266754
PURE_MMPD,osc_real,100,subject4,subject4_L1_MO3_E2_S3_GE1_GL2_H1_MA2,0.1878523475295288
PURE_MMPD,osc_real,100,subject4,subject4_L1_MO4_E2_S3_GE1_GL2_H1_MA2,0.1227966360574623
PURE_MMPD,osc_real,100,subject4,subject4_L2_MO1_E1_S3_GE1_GL2_H1_MA2,0.1947435777399375
PURE_MMPD,osc_real,100,subject4,subject4_L2_MO1_E2_S3_GE1_GL2_H1_MA2,0.332478435544936
PURE_MMPD,osc_real,100,subject4,subject4_L2_MO2_E2_S3_GE1_GL2_H1_MA2,0.1491574743002777
PURE_MMPD,osc_real,100,subject4,subject4_L2_MO3_E2_S3_GE1_GL2_H1_MA2,0.1951650489753144
PURE_MMPD,osc_real,100,subject4,subject4_L2_MO4_E2_S3_GE1_GL2_H1_MA2,0.153529715563746
PURE_MMPD,osc_real,100,subject4,subject4_L3_MO1_E1_S3_GE1_GL2_H1_MA2,0.4032355293113063
PURE_MMPD,osc_real,100,subject4,subject4_L3_MO1_E2_S3_GE1_GL2_H1_MA2,0.3589477300629551
PURE_MMPD,osc_real,100,subject4,subject4_L3_MO2_E2_S3_GE1_GL2_H1_MA2,0.1622600240722951
PURE_MMPD,osc_real,100,subject4,subject4_L3_MO3_E2_S3_GE1_GL2_H1_MA2,0.2896274654542642
PURE_MMPD,osc_real,100,subject4,subject4_L3_MO4_E2_S3_GE1_GL2_H1_MA2,0.0824598645358869
PURE_MMPD,osc_real,100,subject4,subject4_L4_MO1_E1_S3_GE1_GL2_H1_MA2,0.1833602100469226
PURE_MMPD,osc_real,100,subject4,subject4_L4_MO1_E2_S3_GE1_GL2_H1_MA2,0.2844168340878
PURE_MMPD,osc_real,100,subject4,subject4_L4_MO2_E2_S3_GE1_GL2_H1_MA2,0.1031776360407161
PURE_MMPD,osc_real,100,subject4,subject4_L4_MO3_E2_S3_GE1_GL2_H1_MA2,0.2330199288195057
PURE_MMPD,osc_real,100,subject4,subject4_L4_MO4_E2_S3_GE1_GL2_H1_MA2,0.1645893298527889
PURE_MMPD,osc_real,100,subject5,subject5_L1_MO1_E1_S3_GE2_GL1_H1_MA1,0.1423241596700141
PURE_MMPD,osc_real,100,subject5,subject5_L1_MO1_E2_S3_GE2_GL1_H1_MA1,0.1656924541697333
PURE_MMPD,osc_real,100,subject5,subject5_L1_MO2_E2_S3_GE2_GL1_H1_MA1,0.2539275816536029
PURE_MMPD,osc_real,100,subject5,subject5_L1_MO3_E2_S3_GE2_GL1_H1_MA1,0.3709435219572844
PURE_MMPD,osc_real,100,subject5,subject5_L1_MO4_E2_S3_GE2_GL1_H1_MA1,0.1934050466428239
PURE_MMPD,osc_real,100,subject5,subject5_L2_MO1_E1_S3_GE2_GL1_H1_MA1,0.306022792880765
PURE_MMPD,osc_real,100,subject5,subject5_L2_MO1_E2_S3_GE2_GL1_H1_MA1,0.3521081847516041
PURE_MMPD,osc_real,100,subject5,subject5_L2_MO2_E2_S3_GE2_GL1_H1_MA1,0.3530994625890702
PURE_MMPD,osc_real,100,subject5,subject5_L2_MO3_E2_S3_GE2_GL1_H1_MA1,0.3011469763004291
PURE_MMPD,osc_real,100,subject5,subject5_L2_MO4_E2_S3_GE2_GL1_H1_MA1,0.1548952956355923
PURE_MMPD,osc_real,100,subject5,subject5_L3_MO1_E1_S3_GE2_GL1_H1_MA1,0.1750358283363715
PURE_MMPD,osc_real,100,subject5,subject5_L3_MO1_E2_S3_GE2_GL1_H1_MA1,0.3172541554548353
PURE_MMPD,osc_real,100,subject5,subject5_L3_MO2_E2_S3_GE2_GL1_H1_MA1,0.1806746780384427
PURE_MMPD,osc_real,100,subject5,subject5_L3_MO3_E2_S3_GE2_GL1_H1_MA1,0.2583060158592686
PURE_MMPD,osc_real,100,subject5,subject5_L3_MO4_E2_S3_GE2_GL1_H1_MA1,0.1123930770968504
PURE_MMPD,osc_real,100,subject5,subject5_L4_MO1_E1_S3_GE2_GL1_H1_MA1,0.2977990102982997
PURE_MMPD,osc_real,100,subject5,subject5_L4_MO1_E2_S3_GE2_GL1_H1_MA1,0.3062166766510911
PURE_MMPD,osc_real,100,subject5,subject5_L4_MO2_E2_S3_GE2_GL1_H1_MA1,0.2341431008428478
PURE_MMPD,osc_real,100,subject5,subject5_L4_MO3_E2_S3_GE2_GL1_H1_MA1,0.4087240289602089
PURE_MMPD,osc_real,100,subject5,subject5_L4_MO4_E2_S3_GE2_GL1_H1_MA1,0.178691151087402
PURE_MMPD,osc_real,100,subject6,subject6_L1_MO1_E1_S3_GE1_GL2_H2_MA2,0.3504168240787998
PURE_MMPD,osc_real,100,subject6,subject6_L1_MO1_E2_S3_GE1_GL2_H2_MA2,0.3842822688641773
PURE_MMPD,osc_real,100,subject6,subject6_L1_MO2_E2_S3_GE1_GL2_H2_MA2,0.4387118292957609
PURE_MMPD,osc_real,100,subject6,subject6_L1_MO3_E2_S3_GE1_GL2_H2_MA2,0.3748121804612674
PURE_MMPD,osc_real,100,subject6,subject6_L1_MO4_E2_S3_GE1_GL2_H2_MA2,0.1449055389994575
PURE_MMPD,osc_real,100,subject6,subject6_L2_MO1_E1_S3_GE1_GL2_H2_MA2,0.1457989346365862
PURE_MMPD,osc_real,100,subject6,subject6_L2_MO1_E2_S3_GE1_GL2_H2_MA2,0.1720512483702591
PURE_MMPD,osc_real,100,subject6,subject6_L2_MO2_E2_S3_GE1_GL2_H2_MA2,0.3278164662201001
PURE_MMPD,osc_real,100,subject6,subject6_L2_MO3_E2_S3_GE1_GL2_H2_MA2,0.2566490198666397
PURE_MMPD,osc_real,100,subject6,subject6_L2_MO4_E2_S3_GE1_GL2_H2_MA2,0.1365947611795027
PURE_MMPD,osc_real,100,subject6,subject6_L3_MO1_E1_S3_GE1_GL2_H2_MA2,0.1032891601220519
PURE_MMPD,osc_real,100,subject6,subject6_L3_MO1_E2_S3_GE1_GL2_H2_MA2,0.3410546874390793
PURE_MMPD,osc_real,100,subject6,subject6_L3_MO2_E2_S3_GE1_GL2_H2_MA2,0.4107184991176678
PURE_MMPD,osc_real,100,subject6,subject6_L3_MO3_E2_S3_GE1_GL2_H2_MA2,0.6222706479890275
PURE_MMPD,osc_real,100,subject6,subject6_L3_MO4_E2_S3_GE1_GL2_H2_MA2,0.0835312362227717
PURE_MMPD,osc_real,100,subject6,subject6_L4_MO1_E1_S3_GE1_GL2_H2_MA2,0.1757445844881437
PURE_MMPD,osc_real,100,subject6,subject6_L4_MO1_E2_S3_GE1_GL2_H2_MA2,0.266656468499343
PURE_MMPD,osc_real,100,subject6,subject6_L4_MO2_E2_S3_GE1_GL2_H2_MA2,0.303659525890894
PURE_MMPD,osc_real,100,subject6,subject6_L4_MO3_E2_S3_GE1_GL2_H2_MA2,0.3155473586346335
PURE_MMPD,osc_real,100,subject6,subject6_L4_MO4_E2_S3_GE1_GL2_H2_MA2,0.1264810970271516
PURE_MMPD,osc_real,100,subject7,subject7_L1_MO1_E1_S5_GE1_GL1_H2_MA2,0.0920735030968271
PURE_MMPD,osc_real,100,subject7,subject7_L1_MO1_E2_S5_GE1_GL1_H2_MA2,0.1041805419344188
PURE_MMPD,osc_real,100,subject7,subject7_L1_MO2_E2_S5_GE1_GL1_H2_MA2,0.1422997140118595
PURE_MMPD,osc_real,100,subject7,subject7_L2_MO1_E1_S5_GE1_GL1_H2_MA2,0.1887958494960063
PURE_MMPD,osc_real,100,subject7,subject7_L3_MO1_E1_S5_GE1_GL1_H2_MA2,0.1534971238123278
PURE_MMPD,osc_real,100,subject7,subject7_L3_MO3_E2_S5_GE1_GL1_H2_MA2,0.1334839045367527
PURE_MMPD,osc_real,100,subject7,subject7_L3_MO4_E2_S5_GE1_GL1_H2_MA2,0.1409769028358475
PURE_MMPD,osc_real,100,subject7,subject7_L4_MO1_E1_S5_GE1_GL1_H2_MA2,0.1004988105288482
PURE_MMPD,osc_real,100,subject7,subject7_L4_MO1_E2_S5_GE1_GL1_H2_MA2,0.2630680002312999
PURE_MMPD,osc_real,100,subject7,subject7_L4_MO2_E2_S5_GE1_GL1_H2_MA2,0.1077592434811609
PURE_MMPD,osc_real,100,subject7,subject7_L4_MO3_E2_S5_GE1_GL1_H2_MA2,0.115617786602762
PURE_MMPD,osc_real,100,subject7,subject7_L4_MO4_E2_S5_GE1_GL1_H2_MA2,0.1817734874442483
PURE_MMPD,osc_real,202,subject10,subject10_L1_MO1_E1_S4_GE2_GL2_H2_MA2,0.2032007086744421
PURE_MMPD,osc_real,202,subject10,subject10_L1_MO1_E2_S4_GE2_GL2_H2_MA2,0.3475473742615034
PURE_MMPD,osc_real,202,subject10,subject10_L1_MO2_E2_S4_GE2_GL2_H2_MA2,0.147352766857141
PURE_MMPD,osc_real,202,subject10,subject10_L1_MO3_E2_S4_GE2_GL2_H2_MA2,0.1590058415781874
PURE_MMPD,osc_real,202,subject10,subject10_L1_MO4_E2_S4_GE2_GL2_H2_MA2,0.2176363487737943
PURE_MMPD,osc_real,202,subject10,subject10_L2_MO1_E1_S4_GE2_GL2_H2_MA2,0.1235082310354666
PURE_MMPD,osc_real,202,subject10,subject10_L2_MO1_E2_S4_GE2_GL2_H2_MA2,0.3177723454311462
PURE_MMPD,osc_real,202,subject10,subject10_L2_MO2_E2_S4_GE2_GL2_H2_MA2,0.1312077699673269
PURE_MMPD,osc_real,202,subject10,subject10_L2_MO3_E2_S4_GE2_GL2_H2_MA2,0.1615431830300437
PURE_MMPD,osc_real,202,subject10,subject10_L2_MO4_E2_S4_GE2_GL2_H2_MA2,0.1401856074311962
PURE_MMPD,osc_real,202,subject10,subject10_L3_MO1_E1_S4_GE2_GL2_H2_MA2,0.1609952887220588
PURE_MMPD,osc_real,202,subject10,subject10_L3_MO1_E2_S4_GE2_GL2_H2_MA2,0.3108826696813425
PURE_MMPD,osc_real,202,subject10,subject10_L3_MO2_E2_S4_GE2_GL2_H2_MA2,0.1355908878926048
PURE_MMPD,osc_real,202,subject10,subject10_L3_MO3_E2_S4_GE2_GL2_H2_MA2,0.1793262764821439
PURE_MMPD,osc_real,202,subject10,subject10_L3_MO4_E2_S4_GE2_GL2_H2_MA2,0.1436969452196228
PURE_MMPD,osc_real,202,subject10,subject10_L4_MO1_E1_S4_GE2_GL2_H2_MA2,0.1391616335575977
PURE_MMPD,osc_real,202,subject10,subject10_L4_MO1_E2_S4_GE2_GL2_H2_MA2,0.0642446112737062
PURE_MMPD,osc_real,202,subject10,subject10_L4_MO2_E2_S4_GE2_GL2_H2_MA2,0.1261333706717121
PURE_MMPD,osc_real,202,subject10,subject10_L4_MO3_E2_S4_GE2_GL2_H2_MA2,0.1577255025841372
PURE_MMPD,osc_real,202,subject10,subject10_L4_MO4_E2_S4_GE2_GL2_H2_MA2,0.1730351795346047
PURE_MMPD,osc_real,202,subject11,subject11_L1_MO1_E1_S5_GE1_GL2_H2_MA2,0.1709462627323024
PURE_MMPD,osc_real,202,subject11,subject11_L1_MO1_E2_S5_GE1_GL2_H2_MA2,0.1702446028328572
PURE_MMPD,osc_real,202,subject11,subject11_L1_MO2_E2_S5_GE1_GL2_H2_MA2,0.1564660726924902
PURE_MMPD,osc_real,202,subject11,subject11_L1_MO3_E2_S5_GE1_GL2_H2_MA2,0.1636624177689037
PURE_MMPD,osc_real,202,subject11,subject11_L1_MO4_E2_S5_GE1_GL2_H2_MA2,0.1700173270729541
PURE_MMPD,osc_real,202,subject11,subject11_L2_MO1_E1_S5_GE1_GL2_H2_MA2,0.1745711465049679
PURE_MMPD,osc_real,202,subject11,subject11_L2_MO1_E2_S5_GE1_GL2_H2_MA2,0.1985673206541166
PURE_MMPD,osc_real,202,subject11,subject11_L2_MO2_E2_S5_GE1_GL2_H2_MA2,0.1886076549694106
PURE_MMPD,osc_real,202,subject11,subject11_L2_MO3_E2_S5_GE1_GL2_H2_MA2,0.1345072044491788
PURE_MMPD,osc_real,202,subject11,subject11_L2_MO4_E2_S5_GE1_GL2_H2_MA2,0.1323085455658091
PURE_MMPD,osc_real,202,subject11,subject11_L3_MO1_E1_S5_GE1_GL2_H2_MA2,0.1743738650294805
PURE_MMPD,osc_real,202,subject11,subject11_L3_MO1_E2_S5_GE1_GL2_H2_MA2,0.2346707241725475
PURE_MMPD,osc_real,202,subject11,subject11_L3_MO2_E2_S5_GE1_GL2_H2_MA2,0.2057344689505025
PURE_MMPD,osc_real,202,subject11,subject11_L3_MO3_E2_S5_GE1_GL2_H2_MA2,0.1584001779165959
PURE_MMPD,osc_real,202,subject11,subject11_L3_MO4_E2_S5_GE1_GL2_H2_MA2,0.1315258160871464
PURE_MMPD,osc_real,202,subject11,subject11_L4_MO1_E1_S5_GE1_GL2_H2_MA2,0.0880924313466305
PURE_MMPD,osc_real,202,subject11,subject11_L4_MO1_E2_S5_GE1_GL2_H2_MA2,0.3229003355305463
PURE_MMPD,osc_real,202,subject11,subject11_L4_MO2_E2_S5_GE1_GL2_H2_MA2,0.1677234191020402
PURE_MMPD,osc_real,202,subject11,subject11_L4_MO3_E2_S5_GE1_GL2_H2_MA2,0.1351886401700734
PURE_MMPD,osc_real,202,subject11,subject11_L4_MO4_E2_S5_GE1_GL2_H2_MA2,0.1336110064823383
PURE_MMPD,osc_real,202,subject12,subject12_L1_MO1_E1_S3_GE2_GL1_H2_MA2,0.1341595338649069
PURE_MMPD,osc_real,202,subject12,subject12_L1_MO1_E2_S3_GE2_GL1_H2_MA2,0.1455455552901286
PURE_MMPD,osc_real,202,subject12,subject12_L1_MO2_E2_S3_GE2_GL1_H2_MA2,0.1806260079560123
PURE_MMPD,osc_real,202,subject12,subject12_L1_MO3_E2_S3_GE2_GL1_H2_MA2,0.1174975965494209
PURE_MMPD,osc_real,202,subject12,subject12_L1_MO4_E2_S3_GE2_GL1_H2_MA2,0.1546464355925395
PURE_MMPD,osc_real,202,subject12,subject12_L2_MO1_E1_S3_GE2_GL1_H2_MA2,0.207976730427915
PURE_MMPD,osc_real,202,subject12,subject12_L2_MO1_E2_S3_GE2_GL1_H2_MA2,0.2867318799634386
PURE_MMPD,osc_real,202,subject12,subject12_L2_MO2_E2_S3_GE2_GL1_H2_MA2,0.2514829011647685
PURE_MMPD,osc_real,202,subject12,subject12_L2_MO3_E2_S3_GE2_GL1_H2_MA2,0.274945844977053
PURE_MMPD,osc_real,202,subject12,subject12_L2_MO4_E2_S3_GE2_GL1_H2_MA2,0.2099951491566392
PURE_MMPD,osc_real,202,subject12,subject12_L3_MO1_E1_S3_GE2_GL1_H2_MA2,0.3641771124177124
PURE_MMPD,osc_real,202,subject12,subject12_L3_MO1_E2_S3_GE2_GL1_H2_MA2,0.3568105943726886
PURE_MMPD,osc_real,202,subject12,subject12_L3_MO2_E2_S3_GE2_GL1_H2_MA2,0.2197684250061284
PURE_MMPD,osc_real,202,subject12,subject12_L3_MO3_E2_S3_GE2_GL1_H2_MA2,0.389084130719336
PURE_MMPD,osc_real,202,subject12,subject12_L3_MO4_E2_S3_GE2_GL1_H2_MA2,0.1318995554077258
PURE_MMPD,osc_real,202,subject12,subject12_L4_MO1_E1_S3_GE2_GL1_H2_MA2,0.2289993027870091
PURE_MMPD,osc_real,202,subject12,subject12_L4_MO1_E2_S3_GE2_GL1_H2_MA2,0.3675937722831464
PURE_MMPD,osc_real,202,subject12,subject12_L4_MO2_E2_S3_GE2_GL1_H2_MA2,0.2447895934120315
PURE_MMPD,osc_real,202,subject12,subject12_L4_MO3_E2_S3_GE2_GL1_H2_MA2,0.3355483130846821
PURE_MMPD,osc_real,202,subject12,subject12_L4_MO4_E2_S3_GE2_GL1_H2_MA2,0.2311365459967574
PURE_MMPD,osc_real,202,subject13,subject13_L1_MO1_E1_S5_GE1_GL2_H2_MA2,0.0976330454621668
PURE_MMPD,osc_real,202,subject13,subject13_L1_MO1_E2_S5_GE1_GL2_H2_MA2,0.127760588585458
PURE_MMPD,osc_real,202,subject13,subject13_L1_MO2_E2_S5_GE1_GL2_H2_MA2,0.1245635812550427
PURE_MMPD,osc_real,202,subject13,subject13_L1_MO3_E2_S5_GE1_GL2_H2_MA2,0.1354857927527056
PURE_MMPD,osc_real,202,subject13,subject13_L1_MO4_E2_S5_GE1_GL2_H2_MA2,0.1322140800636324
PURE_MMPD,osc_real,202,subject13,subject13_L2_MO1_E1_S5_GE1_GL2_H2_MA2,0.0672855667619406
PURE_MMPD,osc_real,202,subject13,subject13_L2_MO1_E2_S5_GE1_GL2_H2_MA2,0.4209057784362106
PURE_MMPD,osc_real,202,subject13,subject13_L2_MO2_E2_S5_GE1_GL2_H2_MA2,0.2282385910127291
PURE_MMPD,osc_real,202,subject13,subject13_L2_MO3_E2_S5_GE1_GL2_H2_MA2,0.2669701298998344
PURE_MMPD,osc_real,202,subject13,subject13_L2_MO4_E2_S5_GE1_GL2_H2_MA2,0.1420531544032326
PURE_MMPD,osc_real,202,subject13,subject13_L3_MO1_E1_S5_GE1_GL2_H2_MA2,0.1460774514623874
PURE_MMPD,osc_real,202,subject13,subject13_L3_MO1_E2_S5_GE1_GL2_H2_MA2,0.3427385966428674
PURE_MMPD,osc_real,202,subject13,subject13_L3_MO2_E2_S5_GE1_GL2_H2_MA2,0.1670376490901479
PURE_MMPD,osc_real,202,subject13,subject13_L3_MO3_E2_S5_GE1_GL2_H2_MA2,0.368094523703932
PURE_MMPD,osc_real,202,subject13,subject13_L3_MO4_E2_S5_GE1_GL2_H2_MA2,0.0854409778296279
PURE_MMPD,osc_real,202,subject13,subject13_L4_MO1_E1_S5_GE1_GL2_H2_MA2,0.1432683236492093
PURE_MMPD,osc_real,202,subject13,subject13_L4_MO1_E2_S5_GE1_GL2_H2_MA2,0.4110919391487542
PURE_MMPD,osc_real,202,subject13,subject13_L4_MO2_E2_S5_GE1_GL2_H2_MA2,0.1037753679360475
PURE_MMPD,osc_real,202,subject13,subject13_L4_MO3_E2_S5_GE1_GL2_H2_MA2,0.3232544206693609
PURE_MMPD,osc_real,202,subject13,subject13_L4_MO4_E2_S5_GE1_GL2_H2_MA2,0.1508014974469442
PURE_MMPD,osc_real,202,subject14,subject14_L1_MO1_E1_S6_GE1_GL2_H2_MA2,0.0644450808540108
PURE_MMPD,osc_real,202,subject14,subject14_L1_MO1_E2_S6_GE1_GL2_H2_MA2,0.1945604052499777
PURE_MMPD,osc_real,202,subject14,subject14_L1_MO2_E2_S6_GE1_GL2_H2_MA2,0.098770133594683
PURE_MMPD,osc_real,202,subject14,subject14_L1_MO3_E2_S6_GE1_GL2_H2_MA2,0.2261786031341635
PURE_MMPD,osc_real,202,subject14,subject14_L1_MO4_E2_S6_GE1_GL2_H2_MA2,0.1238687931536547
PURE_MMPD,osc_real,202,subject14,subject14_L2_MO1_E1_S6_GE1_GL2_H2_MA2,0.0494676380188888
PURE_MMPD,osc_real,202,subject14,subject14_L2_MO1_E2_S6_GE1_GL2_H2_MA2,0.1256274807266392
PURE_MMPD,osc_real,202,subject14,subject14_L2_MO2_E2_S6_GE1_GL2_H2_MA2,0.1391760035219309
PURE_MMPD,osc_real,202,subject14,subject14_L2_MO3_E2_S6_GE1_GL2_H2_MA2,0.1557755677498644
PURE_MMPD,osc_real,202,subject14,subject14_L2_MO4_E2_S6_GE1_GL2_H2_MA2,0.18672252006252
PURE_MMPD,osc_real,202,subject14,subject14_L3_MO1_E1_S6_GE1_GL2_H2_MA2,0.0553906630608097
PURE_MMPD,osc_real,202,subject14,subject14_L3_MO1_E2_S6_GE1_GL2_H2_MA2,0.243630506958755
PURE_MMPD,osc_real,202,subject14,subject14_L3_MO2_E2_S6_GE1_GL2_H2_MA2,0.1347004509505209
PURE_MMPD,osc_real,202,subject14,subject14_L3_MO3_E2_S6_GE1_GL2_H2_MA2,0.1128681353944377
PURE_MMPD,osc_real,202,subject14,subject14_L3_MO4_E2_S6_GE1_GL2_H2_MA2,0.1332261361578728
PURE_MMPD,osc_real,202,subject14,subject14_L4_MO1_E1_S6_GE1_GL2_H2_MA2,0.0685198682033449
PURE_MMPD,osc_real,202,subject14,subject14_L4_MO1_E2_S6_GE1_GL2_H2_MA2,0.0976076735961226
PURE_MMPD,osc_real,202,subject14,subject14_L4_MO2_E2_S6_GE1_GL2_H2_MA2,0.0852611749621222
PURE_MMPD,osc_real,202,subject14,subject14_L4_MO3_E2_S6_GE1_GL2_H2_MA2,0.1306161349760165
PURE_MMPD,osc_real,202,subject14,subject14_L4_MO4_E2_S6_GE1_GL2_H2_MA2,0.253987695279434
PURE_MMPD,osc_real,202,subject15,subject15_L1_MO1_E1_S6_GE2_GL2_H2_MA2,0.0961844302261805
PURE_MMPD,osc_real,202,subject15,subject15_L1_MO1_E2_S6_GE2_GL2_H2_MA2,0.1409395544564007
PURE_MMPD,osc_real,202,subject15,subject15_L1_MO2_E2_S6_GE2_GL2_H2_MA2,0.1306125754906905
PURE_MMPD,osc_real,202,subject15,subject15_L1_MO3_E2_S6_GE2_GL2_H2_MA2,0.1361969578457684
PURE_MMPD,osc_real,202,subject15,subject15_L1_MO4_E2_S6_GE2_GL2_H2_MA2,0.1087892550839349
PURE_MMPD,osc_real,202,subject15,subject15_L2_MO1_E1_S6_GE2_GL2_H2_MA2,0.1322930235766548
PURE_MMPD,osc_real,202,subject15,subject15_L2_MO1_E2_S6_GE2_GL2_H2_MA2,0.1027812947426155
PURE_MMPD,osc_real,202,subject15,subject15_L2_MO2_E2_S6_GE2_GL2_H2_MA2,0.1596699057539891
PURE_MMPD,osc_real,202,subject15,subject15_L2_MO3_E2_S6_GE2_GL2_H2_MA2,0.162683658721543
PURE_MMPD,osc_real,202,subject15,subject15_L2_MO4_E2_S6_GE2_GL2_H2_MA2,0.1028476433440045
PURE_MMPD,osc_real,202,subject15,subject15_L3_MO1_E1_S6_GE2_GL2_H2_MA2,0.0992697647819988
PURE_MMPD,osc_real,202,subject15,subject15_L3_MO1_E2_S6_GE2_GL2_H2_MA2,0.1480864167770041
PURE_MMPD,osc_real,202,subject15,subject15_L3_MO2_E2_S6_GE2_GL2_H2_MA2,0.1369987615263428
PURE_MMPD,osc_real,202,subject15,subject15_L3_MO3_E2_S6_GE2_GL2_H2_MA2,0.165916646116141
PURE_MMPD,osc_real,202,subject15,subject15_L3_MO4_E2_S6_GE2_GL2_H2_MA2,0.2008486730841729
PURE_MMPD,osc_real,202,subject15,subject15_L4_MO1_E1_S6_GE2_GL2_H2_MA2,0.2273011610197431
PURE_MMPD,osc_real,202,subject15,subject15_L4_MO1_E2_S6_GE2_GL2_H2_MA2,0.1121465143310052
PURE_MMPD,osc_real,202,subject15,subject15_L4_MO2_E2_S6_GE2_GL2_H2_MA2,0.12930780574164
PURE_MMPD,osc_real,202,subject15,subject15_L4_MO3_E2_S6_GE2_GL2_H2_MA2,0.1800171405758107
PURE_MMPD,osc_real,202,subject15,subject15_L4_MO4_E2_S6_GE2_GL2_H2_MA2,0.1844965055651237
PURE_MMPD,osc_real,202,subject16,subject16_L1_MO1_E1_S6_GE1_GL2_H2_MA2,0.073080834637131
PURE_MMPD,osc_real,202,subject16,subject16_L1_MO1_E2_S6_GE1_GL2_H2_MA2,0.126718049415627
PURE_MMPD,osc_real,202,subject16,subject16_L1_MO2_E2_S6_GE1_GL2_H2_MA2,0.1182059016946069
PURE_MMPD,osc_real,202,subject16,subject16_L1_MO3_E2_S6_GE1_GL2_H2_MA2,0.0914015388975405
PURE_MMPD,osc_real,202,subject16,subject16_L1_MO4_E2_S6_GE1_GL2_H2_MA2,0.1422420255991258
PURE_MMPD,osc_real,202,subject16,subject16_L2_MO1_E1_S6_GE1_GL2_H2_MA2,0.1948942146418454
PURE_MMPD,osc_real,202,subject16,subject16_L2_MO1_E2_S6_GE1_GL2_H2_MA2,0.1854307068702158
PURE_MMPD,osc_real,202,subject16,subject16_L2_MO2_E2_S6_GE1_GL2_H2_MA2,0.2055220399638837
PURE_MMPD,osc_real,202,subject16,subject16_L2_MO3_E2_S6_GE1_GL2_H2_MA2,0.1802452399919251
PURE_MMPD,osc_real,202,subject16,subject16_L2_MO4_E2_S6_GE1_GL2_H2_MA2,0.1447384163653927
PURE_MMPD,osc_real,202,subject16,subject16_L3_MO1_E1_S6_GE1_GL2_H2_MA2,0.0906728254105758
PURE_MMPD,osc_real,202,subject16,subject16_L3_MO1_E2_S6_GE1_GL2_H2_MA2,0.1868551204046505
PURE_MMPD,osc_real,202,subject16,subject16_L3_MO2_E2_S6_GE1_GL2_H2_MA2,0.1636276319316736
PURE_MMPD,osc_real,202,subject16,subject16_L3_MO3_E2_S6_GE1_GL2_H2_MA2,0.1281458578855842
PURE_MMPD,osc_real,202,subject16,subject16_L3_MO4_E2_S6_GE1_GL2_H2_MA2,0.0920285140294311
PURE_MMPD,osc_real,202,subject16,subject16_L4_MO1_E1_S6_GE1_GL2_H2_MA2,0.0824263956835115
PURE_MMPD,osc_real,202,subject16,subject16_L4_MO1_E2_S6_GE1_GL2_H2_MA2,0.3476200427188586
PURE_MMPD,osc_real,202,subject16,subject16_L4_MO2_E2_S6_GE1_GL2_H2_MA2,0.1591883982393518
PURE_MMPD,osc_real,202,subject16,subject16_L4_MO3_E2_S6_GE1_GL2_H2_MA2,0.2244569922495118
PURE_MMPD,osc_real,202,subject16,subject16_L4_MO4_E2_S6_GE1_GL2_H2_MA2,0.0553835922704819
PURE_MMPD,osc_real,202,subject17,subject17_L1_MO1_E1_S4_GE1_GL2_H2_MA2,0.0772276478410143
PURE_MMPD,osc_real,202,subject17,subject17_L1_MO1_E2_S4_GE1_GL2_H2_MA2,0.100483041060888
PURE_MMPD,osc_real,202,subject17,subject17_L1_MO2_E2_S4_GE1_GL2_H2_MA2,0.2082792443298766
PURE_MMPD,osc_real,202,subject17,subject17_L1_MO3_E2_S4_GE1_GL2_H2_MA2,0.1334027570470497
PURE_MMPD,osc_real,202,subject17,subject17_L1_MO4_E2_S4_GE1_GL2_H2_MA2,0.1724996578439349
PURE_MMPD,osc_real,202,subject17,subject17_L2_MO1_E1_S4_GE1_GL2_H2_MA2,0.0702841167547002
PURE_MMPD,osc_real,202,subject17,subject17_L2_MO1_E2_S4_GE1_GL2_H2_MA2,0.1770094823214806
PURE_MMPD,osc_real,202,subject17,subject17_L2_MO2_E2_S4_GE1_GL2_H2_MA2,0.1888657514063162
PURE_MMPD,osc_real,202,subject17,subject17_L2_MO3_E2_S4_GE1_GL2_H2_MA2,0.1917916407895184
PURE_MMPD,osc_real,202,subject17,subject17_L2_MO4_E2_S4_GE1_GL2_H2_MA2,0.1147629509463504
PURE_MMPD,osc_real,202,subject17,subject17_L3_MO1_E1_S4_GE1_GL2_H2_MA2,0.109741158949653
PURE_MMPD,osc_real,202,subject17,subject17_L3_MO1_E2_S4_GE1_GL2_H2_MA2,0.166495430531349
PURE_MMPD,osc_real,202,subject17,subject17_L3_MO2_E2_S4_GE1_GL2_H2_MA2,0.1474457637612835
PURE_MMPD,osc_real,202,subject17,subject17_L3_MO3_E2_S4_GE1_GL2_H2_MA2,0.2155483874846155
PURE_MMPD,osc_real,202,subject17,subject17_L3_MO4_E2_S4_GE1_GL2_H2_MA2,0.1700163294321931
PURE_MMPD,osc_real,202,subject17,subject17_L4_MO1_E1_S4_GE1_GL2_H2_MA2,0.066431329454616
PURE_MMPD,osc_real,202,subject17,subject17_L4_MO1_E2_S4_GE1_GL2_H2_MA2,0.1296167269298571
PURE_MMPD,osc_real,202,subject17,subject17_L4_MO2_E2_S4_GE1_GL2_H2_MA2,0.2296181338902294
PURE_MMPD,osc_real,202,subject17,subject17_L4_MO3_E2_S4_GE1_GL2_H2_MA2,0.2007024169129961
PURE_MMPD,osc_real,202,subject17,subject17_L4_MO4_E2_S4_GE1_GL2_H2_MA2,0.1176587951951455
PURE_MMPD,osc_real,202,subject18,subject18_L1_MO1_E1_S3_GE2_GL1_H1_MA2,0.2269626504560565
PURE_MMPD,osc_real,202,subject18,subject18_L1_MO1_E2_S3_GE2_GL1_H1_MA2,0.1937006007084921
PURE_MMPD,osc_real,202,subject18,subject18_L1_MO2_E2_S3_GE2_GL1_H1_MA2,0.1821295658371473
PURE_MMPD,osc_real,202,subject18,subject18_L1_MO3_E2_S3_GE2_GL1_H1_MA2,0.1192268932460117
PURE_MMPD,osc_real,202,subject18,subject18_L1_MO4_E2_S3_GE2_GL1_H1_MA2,0.0958887433367493
PURE_MMPD,osc_real,202,subject18,subject18_L2_MO1_E1_S3_GE2_GL1_H1_MA2,0.1846869963302076
PURE_MMPD,osc_real,202,subject18,subject18_L2_MO1_E2_S3_GE2_GL1_H1_MA2,0.4158255110341096
PURE_MMPD,osc_real,202,subject18,subject18_L2_MO2_E2_S3_GE2_GL1_H1_MA2,0.2954683327533454
PURE_MMPD,osc_real,202,subject18,subject18_L2_MO3_E2_S3_GE2_GL1_H1_MA2,0.3212852874020439
PURE_MMPD,osc_real,202,subject18,subject18_L2_MO4_E2_S3_GE2_GL1_H1_MA2,0.1248698722553397
PURE_MMPD,osc_real,202,subject18,subject18_L3_MO1_E1_S3_GE2_GL1_H1_MA2,0.1862379248248462
PURE_MMPD,osc_real,202,subject18,subject18_L3_MO1_E2_S3_GE2_GL1_H1_MA2,0.338792977208646
PURE_MMPD,osc_real,202,subject18,subject18_L3_MO2_E2_S3_GE2_GL1_H1_MA2,0.1936746786140322
PURE_MMPD,osc_real,202,subject18,subject18_L3_MO3_E2_S3_GE2_GL1_H1_MA2,0.2998972197821168
PURE_MMPD,osc_real,202,subject18,subject18_L3_MO4_E2_S3_GE2_GL1_H1_MA2,0.1347772181224935
PURE_MMPD,osc_real,202,subject18,subject18_L4_MO1_E1_S3_GE2_GL1_H1_MA2,0.1374317354672128
PURE_MMPD,osc_real,202,subject18,subject18_L4_MO1_E2_S3_GE2_GL1_H1_MA2,0.2914161022097432
PURE_MMPD,osc_real,202,subject18,subject18_L4_MO2_E2_S3_GE2_GL1_H1_MA2,0.1766075162698044
PURE_MMPD,osc_real,202,subject18,subject18_L4_MO3_E2_S3_GE2_GL1_H1_MA2,0.2433669572553355
PURE_MMPD,osc_real,202,subject18,subject18_L4_MO4_E2_S3_GE2_GL1_H1_MA2,0.123146754739729
PURE_MMPD,osc_real,202,subject19,subject19_L1_MO1_E1_S3_GE2_GL2_H1_MA2,0.2155032291952503
PURE_MMPD,osc_real,202,subject19,subject19_L1_MO1_E2_S3_GE2_GL2_H1_MA2,0.3225467156802378
PURE_MMPD,osc_real,202,subject19,subject19_L1_MO2_E2_S3_GE2_GL2_H1_MA2,0.315654208234769
PURE_MMPD,osc_real,202,subject19,subject19_L1_MO3_E2_S3_GE2_GL2_H1_MA2,0.1930301436976265
PURE_MMPD,osc_real,202,subject19,subject19_L1_MO4_E2_S3_GE2_GL2_H1_MA2,0.1444295784688858
PURE_MMPD,osc_real,202,subject19,subject19_L2_MO1_E1_S3_GE2_GL2_H1_MA2,0.3379062962567099
PURE_MMPD,osc_real,202,subject19,subject19_L2_MO1_E2_S3_GE2_GL2_H1_MA2,0.2679415593508734
PURE_MMPD,osc_real,202,subject19,subject19_L2_MO2_E2_S3_GE2_GL2_H1_MA2,0.3348012086789886
PURE_MMPD,osc_real,202,subject19,subject19_L2_MO3_E2_S3_GE2_GL2_H1_MA2,0.3732920540453383
PURE_MMPD,osc_real,202,subject19,subject19_L2_MO4_E2_S3_GE2_GL2_H1_MA2,0.1504740991217988
PURE_MMPD,osc_real,202,subject19,subject19_L3_MO1_E1_S3_GE2_GL2_H1_MA2,0.4426694294482984
PURE_MMPD,osc_real,202,subject19,subject19_L3_MO1_E2_S3_GE2_GL2_H1_MA2,0.5168078962729281
PURE_MMPD,osc_real,202,subject19,subject19_L3_MO2_E2_S3_GE2_GL2_H1_MA2,0.1948192600004285
PURE_MMPD,osc_real,202,subject19,subject19_L3_MO3_E2_S3_GE2_GL2_H1_MA2,0.1760978890662606
PURE_MMPD,osc_real,202,subject19,subject19_L3_MO4_E2_S3_GE2_GL2_H1_MA2,0.1465876112097969
PURE_MMPD,osc_real,202,subject19,subject19_L4_MO1_E1_S3_GE2_GL2_H1_MA2,0.460151847296074
PURE_MMPD,osc_real,202,subject19,subject19_L4_MO1_E2_S3_GE2_GL2_H1_MA2,0.2842570551099461
PURE_MMPD,osc_real,202,subject19,subject19_L4_MO2_E2_S3_GE2_GL2_H1_MA2,0.3083140279409072
PURE_MMPD,osc_real,202,subject19,subject19_L4_MO3_E2_S3_GE2_GL2_H1_MA2,0.1513006820879697
PURE_MMPD,osc_real,202,subject19,subject19_L4_MO4_E2_S3_GE2_GL2_H1_MA2,0.1523419770944402
PURE_MMPD,osc_real,202,subject1,subject1_L1_MO1_E1_S4_GE1_GL1_H2_MA2,0.1073015731406624
PURE_MMPD,osc_real,202,subject1,subject1_L1_MO1_E2_S4_GE1_GL1_H2_MA2,0.084557270860571
PURE_MMPD,osc_real,202,subject1,subject1_L1_MO2_E2_S4_GE1_GL1_H2_MA2,0.0944772855414286
PURE_MMPD,osc_real,202,subject1,subject1_L1_MO3_E2_S4_GE1_GL1_H2_MA2,0.1084097589353094
PURE_MMPD,osc_real,202,subject1,subject1_L1_MO4_E2_S4_GE1_GL1_H2_MA2,0.0982635164011103
PURE_MMPD,osc_real,202,subject1,subject1_L2_MO1_E1_S4_GE1_GL1_H2_MA2,0.1044943867754376
PURE_MMPD,osc_real,202,subject1,subject1_L2_MO1_E2_S4_GE1_GL1_H2_MA2,0.13630237769242
PURE_MMPD,osc_real,202,subject1,subject1_L2_MO2_E2_S4_GE1_GL1_H2_MA2,0.0889274347268194
PURE_MMPD,osc_real,202,subject1,subject1_L2_MO3_E2_S4_GE1_GL1_H2_MA2,0.110673869390054
PURE_MMPD,osc_real,202,subject1,subject1_L2_MO4_E2_S4_GE1_GL1_H2_MA2,0.0913073188817372
PURE_MMPD,osc_real,202,subject1,subject1_L3_MO1_E1_S4_GE1_GL1_H2_MA2,0.1508333590663401
PURE_MMPD,osc_real,202,subject1,subject1_L3_MO1_E2_S4_GE1_GL1_H2_MA2,0.1109116376303884
PURE_MMPD,osc_real,202,subject1,subject1_L3_MO2_E2_S4_GE1_GL1_H2_MA2,0.1058927714497734
PURE_MMPD,osc_real,202,subject1,subject1_L3_MO3_E2_S4_GE1_GL1_H2_MA2,0.1315672552167805
PURE_MMPD,osc_real,202,subject1,subject1_L3_MO4_E2_S4_GE1_GL1_H2_MA2,0.093396303667122
PURE_MMPD,osc_real,202,subject1,subject1_L4_MO1_E1_S4_GE1_GL1_H2_MA2,0.0985797749947233
PURE_MMPD,osc_real,202,subject1,subject1_L4_MO1_E2_S4_GE1_GL1_H2_MA2,0.1538138960023088
PURE_MMPD,osc_real,202,subject1,subject1_L4_MO2_E2_S4_GE1_GL1_H2_MA2,0.0989159458468985
PURE_MMPD,osc_real,202,subject1,subject1_L4_MO3_E2_S4_GE1_GL1_H2_MA2,0.1078360888404525
PURE_MMPD,osc_real,202,subject1,subject1_L4_MO4_E2_S4_GE1_GL1_H2_MA2,0.1289000470920213
PURE_MMPD,osc_real,202,subject20,subject20_L1_MO1_E1_S3_GE1_GL2_H2_MA2,0.163023605457128
PURE_MMPD,osc_real,202,subject20,subject20_L1_MO1_E2_S3_GE1_GL2_H2_MA2,0.2009963176605697
PURE_MMPD,osc_real,202,subject20,subject20_L1_MO2_E2_S3_GE1_GL2_H2_MA2,0.2236705340041082
PURE_MMPD,osc_real,202,subject20,subject20_L1_MO3_E2_S3_GE1_GL2_H2_MA2,0.3395198412229429
PURE_MMPD,osc_real,202,subject20,subject20_L1_MO4_E2_S3_GE1_GL2_H2_MA2,0.1877772912598582
PURE_MMPD,osc_real,202,subject20,subject20_L2_MO1_E1_S3_GE1_GL2_H2_MA2,0.4330082199153819
PURE_MMPD,osc_real,202,subject20,subject20_L2_MO1_E2_S3_GE1_GL2_H2_MA2,0.4440258267743925
PURE_MMPD,osc_real,202,subject20,subject20_L2_MO2_E2_S3_GE1_GL2_H2_MA2,0.2462989031926409
PURE_MMPD,osc_real,202,subject20,subject20_L2_MO3_E2_S3_GE1_GL2_H2_MA2,0.4421525978046692
PURE_MMPD,osc_real,202,subject20,subject20_L2_MO4_E2_S3_GE1_GL2_H2_MA2,0.2139547428907
PURE_MMPD,osc_real,202,subject20,subject20_L3_MO1_E1_S3_GE1_GL2_H2_MA2,0.2559273292870624
PURE_MMPD,osc_real,202,subject20,subject20_L3_MO1_E2_S3_GE1_GL2_H2_MA2,0.4709344637989103
PURE_MMPD,osc_real,202,subject20,subject20_L3_MO2_E2_S3_GE1_GL2_H2_MA2,0.3193609750204857
PURE_MMPD,osc_real,202,subject20,subject20_L3_MO3_E2_S3_GE1_GL2_H2_MA2,0.473921837127757
PURE_MMPD,osc_real,202,subject20,subject20_L3_MO4_E2_S3_GE1_GL2_H2_MA2,0.1918957964772514
PURE_MMPD,osc_real,202,subject20,subject20_L4_MO1_E1_S3_GE1_GL2_H2_MA2,0.0707793403431886
PURE_MMPD,osc_real,202,subject20,subject20_L4_MO1_E2_S3_GE1_GL2_H2_MA2,0.2764958101760283
PURE_MMPD,osc_real,202,subject20,subject20_L4_MO2_E2_S3_GE1_GL2_H2_MA2,0.205005967022077
PURE_MMPD,osc_real,202,subject20,subject20_L4_MO3_E2_S3_GE1_GL2_H2_MA2,0.4174604657744857
PURE_MMPD,osc_real,202,subject20,subject20_L4_MO4_E2_S3_GE1_GL2_H2_MA2,0.2726805690777857
PURE_MMPD,osc_real,202,subject21,subject21_L1_MO1_E1_S3_GE2_GL1_H2_MA1,0.1556330987178323
PURE_MMPD,osc_real,202,subject21,subject21_L1_MO1_E2_S3_GE2_GL1_H2_MA1,0.2098183939117811
PURE_MMPD,osc_real,202,subject21,subject21_L1_MO2_E2_S3_GE2_GL1_H2_MA1,0.3145210332075278
PURE_MMPD,osc_real,202,subject21,subject21_L1_MO3_E2_S3_GE2_GL1_H2_MA1,0.2452797987208338
PURE_MMPD,osc_real,202,subject21,subject21_L1_MO4_E2_S3_GE2_GL1_H2_MA1,0.1143283927643174
PURE_MMPD,osc_real,202,subject21,subject21_L2_MO1_E1_S3_GE2_GL1_H2_MA1,0.136191113064234
PURE_MMPD,osc_real,202,subject21,subject21_L2_MO1_E2_S3_GE2_GL1_H2_MA1,0.3055284088957649
PURE_MMPD,osc_real,202,subject21,subject21_L2_MO2_E2_S3_GE2_GL1_H2_MA1,0.2463427405337808
PURE_MMPD,osc_real,202,subject21,subject21_L2_MO3_E2_S3_GE2_GL1_H2_MA1,0.2505220494763032
PURE_MMPD,osc_real,202,subject21,subject21_L2_MO4_E2_S3_GE2_GL1_H2_MA1,0.1689329364371171
PURE_MMPD,osc_real,202,subject21,subject21_L3_MO1_E1_S3_GE2_GL1_H2_MA1,0.328517804984409
PURE_MMPD,osc_real,202,subject21,subject21_L3_MO1_E2_S3_GE2_GL1_H2_MA1,0.2353730242877655
PURE_MMPD,osc_real,202,subject21,subject21_L3_MO2_E2_S3_GE2_GL1_H2_MA1,0.307438599177822
PURE_MMPD,osc_real,202,subject21,subject21_L3_MO3_E2_S3_GE2_GL1_H2_MA1,0.3112717748665736
PURE_MMPD,osc_real,202,subject21,subject21_L3_MO4_E2_S3_GE2_GL1_H2_MA1,0.1288132305467109
PURE_MMPD,osc_real,202,subject21,subject21_L4_MO1_E1_S3_GE2_GL1_H2_MA1,0.1477945998374956
PURE_MMPD,osc_real,202,subject21,subject21_L4_MO1_E2_S3_GE2_GL1_H2_MA1,0.1948927768375682
PURE_MMPD,osc_real,202,subject21,subject21_L4_MO2_E2_S3_GE2_GL1_H2_MA1,0.1693119067377745
PURE_MMPD,osc_real,202,subject21,subject21_L4_MO3_E2_S3_GE2_GL1_H2_MA1,0.1423236897791194
PURE_MMPD,osc_real,202,subject21,subject21_L4_MO4_E2_S3_GE2_GL1_H2_MA1,0.1360516023412634
PURE_MMPD,osc_real,202,subject22,subject22_L1_MO1_E1_S3_GE2_GL2_H2_MA2,0.2013115839047802
PURE_MMPD,osc_real,202,subject22,subject22_L1_MO1_E2_S3_GE2_GL2_H2_MA2,0.1736345011592178
PURE_MMPD,osc_real,202,subject22,subject22_L1_MO2_E2_S3_GE2_GL2_H2_MA2,0.2124961779055471
PURE_MMPD,osc_real,202,subject22,subject22_L1_MO3_E2_S3_GE2_GL2_H2_MA2,0.1325198504289939
PURE_MMPD,osc_real,202,subject22,subject22_L1_MO4_E2_S3_GE2_GL2_H2_MA2,0.1193794065805841
PURE_MMPD,osc_real,202,subject22,subject22_L2_MO1_E1_S3_GE2_GL2_H2_MA2,0.3346732239463864
PURE_MMPD,osc_real,202,subject22,subject22_L2_MO1_E2_S3_GE2_GL2_H2_MA2,0.3045112638618613
PURE_MMPD,osc_real,202,subject22,subject22_L2_MO2_E2_S3_GE2_GL2_H2_MA2,0.3321060437209956
PURE_MMPD,osc_real,202,subject22,subject22_L2_MO3_E2_S3_GE2_GL2_H2_MA2,0.2808410938185525
PURE_MMPD,osc_real,202,subject22,subject22_L2_MO4_E2_S3_GE2_GL2_H2_MA2,0.0884259140225328
PURE_MMPD,osc_real,202,subject22,subject22_L3_MO1_E1_S3_GE2_GL2_H2_MA2,0.4428718267591403
PURE_MMPD,osc_real,202,subject22,subject22_L3_MO1_E2_S3_GE2_GL2_H2_MA2,0.3965727128521254
PURE_MMPD,osc_real,202,subject22,subject22_L3_MO2_E2_S3_GE2_GL2_H2_MA2,0.453016089791187
PURE_MMPD,osc_real,202,subject22,subject22_L3_MO3_E2_S3_GE2_GL2_H2_MA2,0.2252217654810805
PURE_MMPD,osc_real,202,subject22,subject22_L3_MO4_E2_S3_GE2_GL2_H2_MA2,0.1223954520961825
PURE_MMPD,osc_real,202,subject22,subject22_L4_MO1_E1_S3_GE2_GL2_H2_MA2,0.0960127811395104
PURE_MMPD,osc_real,202,subject22,subject22_L4_MO1_E2_S3_GE2_GL2_H2_MA2,0.2382006390475165
PURE_MMPD,osc_real,202,subject22,subject22_L4_MO2_E2_S3_GE2_GL2_H2_MA2,0.3505323274449833
PURE_MMPD,osc_real,202,subject22,subject22_L4_MO3_E2_S3_GE2_GL2_H2_MA2,0.4089488255579394
PURE_MMPD,osc_real,202,subject22,subject22_L4_MO4_E2_S3_GE2_GL2_H2_MA2,0.1092774930701334
PURE_MMPD,osc_real,202,subject23,subject23_L1_MO1_E1_S5_GE2_GL2_H2_MA2,0.1173372697092963
PURE_MMPD,osc_real,202,subject23,subject23_L1_MO1_E2_S5_GE2_GL2_H2_MA2,0.151261860929655
PURE_MMPD,osc_real,202,subject23,subject23_L1_MO2_E2_S5_GE2_GL2_H2_MA2,0.115784412015506
PURE_MMPD,osc_real,202,subject23,subject23_L1_MO3_E2_S5_GE2_GL2_H2_MA2,0.1243758285646493
PURE_MMPD,osc_real,202,subject23,subject23_L1_MO4_E2_S5_GE2_GL2_H2_MA2,0.1098727830804902
PURE_MMPD,osc_real,202,subject23,subject23_L2_MO1_E1_S5_GE2_GL2_H2_MA2,0.1633515503681067
PURE_MMPD,osc_real,202,subject23,subject23_L2_MO1_E2_S5_GE2_GL2_H2_MA2,0.1681643982189616
PURE_MMPD,osc_real,202,subject23,subject23_L2_MO2_E2_S5_GE2_GL2_H2_MA2,0.1130296034196224
PURE_MMPD,osc_real,202,subject23,subject23_L2_MO3_E2_S5_GE2_GL2_H2_MA2,0.2627723276251539
PURE_MMPD,osc_real,202,subject23,subject23_L2_MO4_E2_S5_GE2_GL2_H2_MA2,0.1196997600148701
PURE_MMPD,osc_real,202,subject23,subject23_L3_MO1_E1_S5_GE2_GL2_H2_MA2,0.1255935835201129
PURE_MMPD,osc_real,202,subject23,subject23_L3_MO1_E2_S5_GE2_GL2_H2_MA2,0.2137517980363188
PURE_MMPD,osc_real,202,subject23,subject23_L3_MO2_E2_S5_GE2_GL2_H2_MA2,0.09802541019213
PURE_MMPD,osc_real,202,subject23,subject23_L3_MO3_E2_S5_GE2_GL2_H2_MA2,0.1758565679970158
PURE_MMPD,osc_real,202,subject23,subject23_L3_MO4_E2_S5_GE2_GL2_H2_MA2,0.1112169823568049
PURE_MMPD,osc_real,202,subject23,subject23_L4_MO1_E1_S5_GE2_GL2_H2_MA2,0.0950089544020655
PURE_MMPD,osc_real,202,subject23,subject23_L4_MO1_E2_S5_GE2_GL2_H2_MA2,0.1438174181884113
PURE_MMPD,osc_real,202,subject23,subject23_L4_MO2_E2_S5_GE2_GL2_H2_MA2,0.0961854368851378
PURE_MMPD,osc_real,202,subject23,subject23_L4_MO3_E2_S5_GE2_GL2_H2_MA2,0.2297774303185744
PURE_MMPD,osc_real,202,subject23,subject23_L4_MO4_E2_S5_GE2_GL2_H2_MA2,0.185624970656742
PURE_MMPD,osc_real,202,subject24,subject24_L1_MO1_E1_S3_GE2_GL2_H2_MA1,0.5176248224884772
PURE_MMPD,osc_real,202,subject24,subject24_L1_MO1_E2_S3_GE2_GL2_H2_MA1,0.3560236667344129
PURE_MMPD,osc_real,202,subject24,subject24_L1_MO2_E2_S3_GE2_GL2_H2_MA1,0.4333631170295662
PURE_MMPD,osc_real,202,subject24,subject24_L1_MO3_E2_S3_GE2_GL2_H2_MA1,0.402324139582231
PURE_MMPD,osc_real,202,subject24,subject24_L1_MO4_E2_S3_GE2_GL2_H2_MA1,0.1583978596963941
PURE_MMPD,osc_real,202,subject24,subject24_L2_MO1_E1_S3_GE2_GL2_H2_MA1,0.4856901206405599
PURE_MMPD,osc_real,202,subject24,subject24_L2_MO1_E2_S3_GE2_GL2_H2_MA1,0.2666681419809685
PURE_MMPD,osc_real,202,subject24,subject24_L2_MO2_E2_S3_GE2_GL2_H2_MA1,0.3874102222056612
PURE_MMPD,osc_real,202,subject24,subject24_L2_MO3_E2_S3_GE2_GL2_H2_MA1,0.3933554294358348
PURE_MMPD,osc_real,202,subject24,subject24_L2_MO4_E2_S3_GE2_GL2_H2_MA1,0.0859492682949996
PURE_MMPD,osc_real,202,subject24,subject24_L3_MO1_E1_S3_GE2_GL2_H2_MA1,0.5531581015096431
PURE_MMPD,osc_real,202,subject24,subject24_L3_MO1_E2_S3_GE2_GL2_H2_MA1,0.3278055520818052
PURE_MMPD,osc_real,202,subject24,subject24_L3_MO2_E2_S3_GE2_GL2_H2_MA1,0.3958581150351279
PURE_MMPD,osc_real,202,subject24,subject24_L3_MO3_E2_S3_GE2_GL2_H2_MA1,0.3313707277421076
PURE_MMPD,osc_real,202,subject24,subject24_L3_MO4_E2_S3_GE2_GL2_H2_MA1,0.1062148901408776
PURE_MMPD,osc_real,202,subject24,subject24_L4_MO1_E1_S3_GE2_GL2_H2_MA1,0.2136386588620576
PURE_MMPD,osc_real,202,subject24,subject24_L4_MO1_E2_S3_GE2_GL2_H2_MA1,0.1324373711515255
PURE_MMPD,osc_real,202,subject24,subject24_L4_MO2_E2_S3_GE2_GL2_H2_MA1,0.3114946582113566
PURE_MMPD,osc_real,202,subject24,subject24_L4_MO3_E2_S3_GE2_GL2_H2_MA1,0.2902479506237325
PURE_MMPD,osc_real,202,subject24,subject24_L4_MO4_E2_S3_GE2_GL2_H2_MA1,0.1260429013500511
PURE_MMPD,osc_real,202,subject25,subject25_L1_MO1_E1_S3_GE2_GL2_H1_MA2,0.1085212823942154
PURE_MMPD,osc_real,202,subject25,subject25_L1_MO1_E2_S3_GE2_GL2_H1_MA2,0.1979008369572392
PURE_MMPD,osc_real,202,subject25,subject25_L1_MO2_E2_S3_GE2_GL2_H1_MA2,0.1331468207563587
PURE_MMPD,osc_real,202,subject25,subject25_L1_MO3_E2_S3_GE2_GL2_H1_MA2,0.1477769390695073
PURE_MMPD,osc_real,202,subject25,subject25_L1_MO4_E2_S3_GE2_GL2_H1_MA2,0.1910937086937539
PURE_MMPD,osc_real,202,subject25,subject25_L2_MO1_E1_S3_GE2_GL2_H1_MA2,0.2240793739846859
PURE_MMPD,osc_real,202,subject25,subject25_L2_MO1_E2_S3_GE2_GL2_H1_MA2,0.4135170963132537
PURE_MMPD,osc_real,202,subject25,subject25_L2_MO2_E2_S3_GE2_GL2_H1_MA2,0.2919852327459983
PURE_MMPD,osc_real,202,subject25,subject25_L2_MO3_E2_S3_GE2_GL2_H1_MA2,0.3441891317860071
PURE_MMPD,osc_real,202,subject25,subject25_L2_MO4_E2_S3_GE2_GL2_H1_MA2,0.1871350425802733
PURE_MMPD,osc_real,202,subject25,subject25_L3_MO1_E1_S3_GE2_GL2_H1_MA2,0.1953058480902292
PURE_MMPD,osc_real,202,subject25,subject25_L3_MO1_E2_S3_GE2_GL2_H1_MA2,0.4585942649805238
PURE_MMPD,osc_real,202,subject25,subject25_L3_MO2_E2_S3_GE2_GL2_H1_MA2,0.2530475971820773
PURE_MMPD,osc_real,202,subject25,subject25_L3_MO3_E2_S3_GE2_GL2_H1_MA2,0.268429853376587
PURE_MMPD,osc_real,202,subject25,subject25_L3_MO4_E2_S3_GE2_GL2_H1_MA2,0.1268639134221934
PURE_MMPD,osc_real,202,subject25,subject25_L4_MO1_E1_S3_GE2_GL2_H1_MA2,0.315486662268738
PURE_MMPD,osc_real,202,subject25,subject25_L4_MO1_E2_S3_GE2_GL2_H1_MA2,0.2630127842384134
PURE_MMPD,osc_real,202,subject25,subject25_L4_MO2_E2_S3_GE2_GL2_H1_MA2,0.1534097571521704
PURE_MMPD,osc_real,202,subject25,subject25_L4_MO3_E2_S3_GE2_GL2_H1_MA2,0.2059418737195236
PURE_MMPD,osc_real,202,subject25,subject25_L4_MO4_E2_S3_GE2_GL2_H1_MA2,0.1147357351371897
PURE_MMPD,osc_real,202,subject26,subject26_L1_MO1_E1_S6_GE1_GL2_H2_MA2,0.1572355737723172
PURE_MMPD,osc_real,202,subject26,subject26_L1_MO1_E2_S6_GE1_GL2_H2_MA2,0.1155499712802503
PURE_MMPD,osc_real,202,subject26,subject26_L1_MO2_E2_S6_GE1_GL2_H2_MA2,0.2006553024855736
PURE_MMPD,osc_real,202,subject26,subject26_L1_MO3_E2_S6_GE1_GL2_H2_MA2,0.126253296613586
PURE_MMPD,osc_real,202,subject26,subject26_L1_MO4_E2_S6_GE1_GL2_H2_MA2,0.1790854897344354
PURE_MMPD,osc_real,202,subject26,subject26_L2_MO1_E1_S6_GE1_GL2_H2_MA2,0.1296173878978108
PURE_MMPD,osc_real,202,subject26,subject26_L2_MO1_E2_S6_GE1_GL2_H2_MA2,0.144832426184721
PURE_MMPD,osc_real,202,subject26,subject26_L2_MO2_E2_S6_GE1_GL2_H2_MA2,0.1929538696857235
PURE_MMPD,osc_real,202,subject26,subject26_L2_MO3_E2_S6_GE1_GL2_H2_MA2,0.1418488417722931
PURE_MMPD,osc_real,202,subject26,subject26_L2_MO4_E2_S6_GE1_GL2_H2_MA2,0.129600275943946
PURE_MMPD,osc_real,202,subject26,subject26_L3_MO1_E1_S6_GE1_GL2_H2_MA2,0.2068287365181888
PURE_MMPD,osc_real,202,subject26,subject26_L3_MO1_E2_S6_GE1_GL2_H2_MA2,0.1892924811863339
PURE_MMPD,osc_real,202,subject26,subject26_L3_MO2_E2_S6_GE1_GL2_H2_MA2,0.1592250664917195
PURE_MMPD,osc_real,202,subject26,subject26_L3_MO3_E2_S6_GE1_GL2_H2_MA2,0.1354625299627028
PURE_MMPD,osc_real,202,subject26,subject26_L3_MO4_E2_S6_GE1_GL2_H2_MA2,0.1200781451931387
PURE_MMPD,osc_real,202,subject26,subject26_L4_MO1_E1_S6_GE1_GL2_H2_MA2,0.1733011112976936
PURE_MMPD,osc_real,202,subject26,subject26_L4_MO1_E2_S6_GE1_GL2_H2_MA2,0.2272339852111552
PURE_MMPD,osc_real,202,subject26,subject26_L4_MO2_E2_S6_GE1_GL2_H2_MA2,0.1358894206487968
PURE_MMPD,osc_real,202,subject26,subject26_L4_MO3_E2_S6_GE1_GL2_H2_MA2,0.1811899847256452
PURE_MMPD,osc_real,202,subject26,subject26_L4_MO4_E2_S6_GE1_GL2_H2_MA2,0.1303915925896685
PURE_MMPD,osc_real,202,subject27,subject27_L1_MO1_E1_S3_GE2_GL2_H2_MA1,0.3239834018144373
PURE_MMPD,osc_real,202,subject27,subject27_L1_MO1_E2_S3_GE2_GL2_H2_MA1,0.3740547763834102
PURE_MMPD,osc_real,202,subject27,subject27_L1_MO2_E2_S3_GE2_GL2_H2_MA1,0.3858044289773976
PURE_MMPD,osc_real,202,subject27,subject27_L1_MO3_E2_S3_GE2_GL2_H2_MA1,0.2838030512702468
PURE_MMPD,osc_real,202,subject27,subject27_L1_MO4_E2_S3_GE2_GL2_H2_MA1,0.1327269598539615
PURE_MMPD,osc_real,202,subject27,subject27_L2_MO1_E1_S3_GE2_GL2_H2_MA1,0.2415594796179792
PURE_MMPD,osc_real,202,subject27,subject27_L2_MO1_E2_S3_GE2_GL2_H2_MA1,0.2616993453830966
PURE_MMPD,osc_real,202,subject27,subject27_L2_MO2_E2_S3_GE2_GL2_H2_MA1,0.3342962229958548
PURE_MMPD,osc_real,202,subject27,subject27_L2_MO3_E2_S3_GE2_GL2_H2_MA1,0.2724882903699436
PURE_MMPD,osc_real,202,subject27,subject27_L2_MO4_E2_S3_GE2_GL2_H2_MA1,0.1241447462617502
PURE_MMPD,osc_real,202,subject27,subject27_L3_MO1_E1_S3_GE2_GL2_H2_MA1,0.3196339558833964
PURE_MMPD,osc_real,202,subject27,subject27_L3_MO1_E2_S3_GE2_GL2_H2_MA1,0.3279035306194711
PURE_MMPD,osc_real,202,subject27,subject27_L3_MO2_E2_S3_GE2_GL2_H2_MA1,0.203456632546021
PURE_MMPD,osc_real,202,subject27,subject27_L3_MO3_E2_S3_GE2_GL2_H2_MA1,0.3075266453088477
PURE_MMPD,osc_real,202,subject27,subject27_L3_MO4_E2_S3_GE2_GL2_H2_MA1,0.1407177509128629
PURE_MMPD,osc_real,202,subject27,subject27_L4_MO1_E1_S3_GE2_GL2_H2_MA1,0.4352394080034937
PURE_MMPD,osc_real,202,subject27,subject27_L4_MO1_E2_S3_GE2_GL2_H2_MA1,0.2586193084356348
PURE_MMPD,osc_real,202,subject27,subject27_L4_MO2_E2_S3_GE2_GL2_H2_MA1,0.3822216849560074
PURE_MMPD,osc_real,202,subject27,subject27_L4_MO3_E2_S3_GE2_GL2_H2_MA1,0.4625792839625135
PURE_MMPD,osc_real,202,subject27,subject27_L4_MO4_E2_S3_GE2_GL2_H2_MA1,0.1439688635685314
PURE_MMPD,osc_real,202,subject28,subject28_L1_MO1_E1_S5_GE2_GL2_H2_MA2,0.1152013662695926
PURE_MMPD,osc_real,202,subject28,subject28_L1_MO1_E2_S5_GE2_GL2_H2_MA2,0.158277154130669
PURE_MMPD,osc_real,202,subject28,subject28_L1_MO2_E2_S5_GE2_GL2_H2_MA2,0.1585061085382738
PURE_MMPD,osc_real,202,subject28,subject28_L1_MO3_E2_S5_GE2_GL2_H2_MA2,0.092552357097729
PURE_MMPD,osc_real,202,subject28,subject28_L1_MO4_E2_S5_GE2_GL2_H2_MA2,0.1288252404239628
PURE_MMPD,osc_real,202,subject28,subject28_L2_MO1_E1_S5_GE2_GL2_H2_MA2,0.0981415580619216
PURE_MMPD,osc_real,202,subject28,subject28_L2_MO1_E2_S5_GE2_GL2_H2_MA2,0.1353893020997728
PURE_MMPD,osc_real,202,subject28,subject28_L2_MO2_E2_S5_GE2_GL2_H2_MA2,0.1215018037931946
PURE_MMPD,osc_real,202,subject28,subject28_L2_MO3_E2_S5_GE2_GL2_H2_MA2,0.1246609442313961
PURE_MMPD,osc_real,202,subject28,subject28_L2_MO4_E2_S5_GE2_GL2_H2_MA2,0.0948495052133194
PURE_MMPD,osc_real,202,subject28,subject28_L3_MO1_E1_S5_GE2_GL2_H2_MA2,0.1900901034988371
PURE_MMPD,osc_real,202,subject28,subject28_L3_MO1_E2_S5_GE2_GL2_H2_MA2,0.1204417949503579
PURE_MMPD,osc_real,202,subject28,subject28_L3_MO2_E2_S5_GE2_GL2_H2_MA2,0.1055159500731832
PURE_MMPD,osc_real,202,subject28,subject28_L3_MO3_E2_S5_GE2_GL2_H2_MA2,0.1484197952173952
PURE_MMPD,osc_real,202,subject28,subject28_L3_MO4_E2_S5_GE2_GL2_H2_MA2,0.234047312413014
PURE_MMPD,osc_real,202,subject28,subject28_L4_MO1_E1_S5_GE2_GL2_H2_MA2,0.1225364506152992
PURE_MMPD,osc_real,202,subject28,subject28_L4_MO1_E2_S5_GE2_GL2_H2_MA2,0.1168314888867313
PURE_MMPD,osc_real,202,subject28,subject28_L4_MO2_E2_S5_GE2_GL2_H2_MA2,0.1192036450837483
PURE_MMPD,osc_real,202,subject28,subject28_L4_MO3_E2_S5_GE2_GL2_H2_MA2,0.1659356380294757
PURE_MMPD,osc_real,202,subject28,subject28_L4_MO4_E2_S5_GE2_GL2_H2_MA2,0.1616971950883161
PURE_MMPD,osc_real,202,subject29,subject29_L1_MO1_E1_S3_GE2_GL1_H1_MA2,0.148696729956474
PURE_MMPD,osc_real,202,subject29,subject29_L1_MO1_E2_S3_GE2_GL1_H1_MA2,0.2290639537588036
PURE_MMPD,osc_real,202,subject29,subject29_L1_MO2_E2_S3_GE2_GL1_H1_MA2,0.3153697825464439
PURE_MMPD,osc_real,202,subject29,subject29_L1_MO3_E2_S3_GE2_GL1_H1_MA2,0.394016222836969
PURE_MMPD,osc_real,202,subject29,subject29_L1_MO4_E2_S3_GE2_GL1_H1_MA2,0.1796196710680623
PURE_MMPD,osc_real,202,subject29,subject29_L2_MO1_E1_S3_GE2_GL1_H1_MA2,0.1887630165709214
PURE_MMPD,osc_real,202,subject29,subject29_L2_MO1_E2_S3_GE2_GL1_H1_MA2,0.3326239607457844
PURE_MMPD,osc_real,202,subject29,subject29_L2_MO2_E2_S3_GE2_GL1_H1_MA2,0.341443194017007
PURE_MMPD,osc_real,202,subject29,subject29_L2_MO3_E2_S3_GE2_GL1_H1_MA2,0.3577643826961806
PURE_MMPD,osc_real,202,subject29,subject29_L2_MO4_E2_S3_GE2_GL1_H1_MA2,0.183184133782469
PURE_MMPD,osc_real,202,subject29,subject29_L3_MO1_E1_S3_GE2_GL1_H1_MA2,0.2783373319581418
PURE_MMPD,osc_real,202,subject29,subject29_L3_MO1_E2_S3_GE2_GL1_H1_MA2,0.5643110466829987
PURE_MMPD,osc_real,202,subject29,subject29_L3_MO2_E2_S3_GE2_GL1_H1_MA2,0.4326345023021853
PURE_MMPD,osc_real,202,subject29,subject29_L3_MO3_E2_S3_GE2_GL1_H1_MA2,0.5507284273931069
PURE_MMPD,osc_real,202,subject29,subject29_L3_MO4_E2_S3_GE2_GL1_H1_MA2,0.1261038153305268
PURE_MMPD,osc_real,202,subject29,subject29_L4_MO1_E1_S3_GE2_GL1_H1_MA2,0.3373757101889008
PURE_MMPD,osc_real,202,subject29,subject29_L4_MO1_E2_S3_GE2_GL1_H1_MA2,0.4127110452747961
PURE_MMPD,osc_real,202,subject29,subject29_L4_MO2_E2_S3_GE2_GL1_H1_MA2,0.2751163951477025
PURE_MMPD,osc_real,202,subject29,subject29_L4_MO3_E2_S3_GE2_GL1_H1_MA2,0.261265424212696
PURE_MMPD,osc_real,202,subject29,subject29_L4_MO4_E2_S3_GE2_GL1_H1_MA2,0.1863179117030212
PURE_MMPD,osc_real,202,subject2,subject2_L1_MO1_E1_S4_GE1_GL1_H1_MA2,0.1510911406954669
PURE_MMPD,osc_real,202,subject2,subject2_L1_MO1_E2_S4_GE1_GL1_H1_MA2,0.2706556144582077
PURE_MMPD,osc_real,202,subject2,subject2_L1_MO2_E2_S4_GE1_GL1_H1_MA2,0.4325597296248988
PURE_MMPD,osc_real,202,subject2,subject2_L1_MO3_E2_S4_GE1_GL1_H1_MA2,0.334877843894364
PURE_MMPD,osc_real,202,subject2,subject2_L1_MO4_E2_S4_GE1_GL1_H1_MA2,0.15371416094899
PURE_MMPD,osc_real,202,subject2,subject2_L2_MO1_E1_S4_GE1_GL1_H1_MA2,0.1084210557047727
PURE_MMPD,osc_real,202,subject2,subject2_L2_MO1_E2_S4_GE1_GL1_H1_MA2,0.3537235354452102
PURE_MMPD,osc_real,202,subject2,subject2_L2_MO2_E2_S4_GE1_GL1_H1_MA2,0.3281810754291766
PURE_MMPD,osc_real,202,subject2,subject2_L2_MO3_E2_S4_GE1_GL1_H1_MA2,0.3007662478687534
PURE_MMPD,osc_real,202,subject2,subject2_L2_MO4_E2_S4_GE1_GL1_H1_MA2,0.1043800521777228
PURE_MMPD,osc_real,202,subject2,subject2_L3_MO1_E1_S4_GE1_GL1_H1_MA2,0.2674368523444416
PURE_MMPD,osc_real,202,subject2,subject2_L3_MO1_E2_S4_GE1_GL1_H1_MA2,0.45964624929463
PURE_MMPD,osc_real,202,subject2,subject2_L3_MO2_E2_S4_GE1_GL1_H1_MA2,0.3148376679842951
PURE_MMPD,osc_real,202,subject2,subject2_L3_MO3_E2_S4_GE1_GL1_H1_MA2,0.3815395016583971
PURE_MMPD,osc_real,202,subject2,subject2_L3_MO4_E2_S4_GE1_GL1_H1_MA2,0.1437295861117626
PURE_MMPD,osc_real,202,subject2,subject2_L4_MO1_E1_S4_GE1_GL1_H1_MA2,0.1034158029725142
PURE_MMPD,osc_real,202,subject2,subject2_L4_MO1_E2_S4_GE1_GL1_H1_MA2,0.2649836668274837
PURE_MMPD,osc_real,202,subject2,subject2_L4_MO2_E2_S4_GE1_GL1_H1_MA2,0.1272806114134039
PURE_MMPD,osc_real,202,subject2,subject2_L4_MO3_E2_S4_GE1_GL1_H1_MA2,0.121687472188595
PURE_MMPD,osc_real,202,subject2,subject2_L4_MO4_E2_S4_GE1_GL1_H1_MA2,0.1273158756738602
PURE_MMPD,osc_real,202,subject30,subject30_L1_MO1_E1_S6_GE1_GL2_H2_MA2,0.0962639924306707
PURE_MMPD,osc_real,202,subject30,subject30_L1_MO1_E2_S6_GE1_GL2_H2_MA2,0.1155040377611477
PURE_MMPD,osc_real,202,subject30,subject30_L1_MO2_E2_S6_GE1_GL2_H2_MA2,0.1248299074505603
PURE_MMPD,osc_real,202,subject30,subject30_L1_MO3_E2_S6_GE1_GL2_H2_MA2,0.1374067926793811
PURE_MMPD,osc_real,202,subject30,subject30_L1_MO4_E2_S6_GE1_GL2_H2_MA2,0.1725369549668544
PURE_MMPD,osc_real,202,subject30,subject30_L2_MO1_E1_S6_GE1_GL2_H2_MA2,0.0972141318885671
PURE_MMPD,osc_real,202,subject30,subject30_L2_MO1_E2_S6_GE1_GL2_H2_MA2,0.231133844968814
PURE_MMPD,osc_real,202,subject30,subject30_L2_MO2_E2_S6_GE1_GL2_H2_MA2,0.1086205708398336
PURE_MMPD,osc_real,202,subject30,subject30_L2_MO3_E2_S6_GE1_GL2_H2_MA2,0.1735361617290522
PURE_MMPD,osc_real,202,subject30,subject30_L2_MO4_E2_S6_GE1_GL2_H2_MA2,0.1130073087679161
PURE_MMPD,osc_real,202,subject30,subject30_L3_MO1_E1_S6_GE1_GL2_H2_MA2,0.1648215004322137
PURE_MMPD,osc_real,202,subject30,subject30_L3_MO1_E2_S6_GE1_GL2_H2_MA2,0.3439916556364574
PURE_MMPD,osc_real,202,subject30,subject30_L3_MO2_E2_S6_GE1_GL2_H2_MA2,0.1512909076534642
PURE_MMPD,osc_real,202,subject30,subject30_L3_MO3_E2_S6_GE1_GL2_H2_MA2,0.2872920623136689
PURE_MMPD,osc_real,202,subject30,subject30_L3_MO4_E2_S6_GE1_GL2_H2_MA2,0.1521932710063972
PURE_MMPD,osc_real,202,subject30,subject30_L4_MO1_E1_S6_GE1_GL2_H2_MA2,0.1348552887054827
PURE_MMPD,osc_real,202,subject30,subject30_L4_MO1_E2_S6_GE1_GL2_H2_MA2,0.1745839201589488
PURE_MMPD,osc_real,202,subject30,subject30_L4_MO2_E2_S6_GE1_GL2_H2_MA2,0.1065578493024199
PURE_MMPD,osc_real,202,subject30,subject30_L4_MO3_E2_S6_GE1_GL2_H2_MA2,0.2616126648637518
PURE_MMPD,osc_real,202,subject30,subject30_L4_MO4_E2_S6_GE1_GL2_H2_MA2,0.1670546376095291
PURE_MMPD,osc_real,202,subject31,subject31_L1_MO1_E1_S5_GE1_GL2_H2_MA2,0.0749826578292178
PURE_MMPD,osc_real,202,subject31,subject31_L1_MO1_E2_S5_GE1_GL2_H2_MA2,0.1069433053855691
PURE_MMPD,osc_real,202,subject31,subject31_L1_MO2_E2_S5_GE1_GL2_H2_MA2,0.0959787662139259
PURE_MMPD,osc_real,202,subject31,subject31_L1_MO3_E2_S5_GE1_GL2_H2_MA2,0.1115698800347071
PURE_MMPD,osc_real,202,subject31,subject31_L1_MO4_E2_S5_GE1_GL2_H2_MA2,0.1236004506155466
PURE_MMPD,osc_real,202,subject31,subject31_L2_MO1_E1_S5_GE1_GL2_H2_MA2,0.1010842712966095
PURE_MMPD,osc_real,202,subject31,subject31_L2_MO1_E2_S5_GE1_GL2_H2_MA2,0.1242034283992088
PURE_MMPD,osc_real,202,subject31,subject31_L2_MO2_E2_S5_GE1_GL2_H2_MA2,0.1197703331665715
PURE_MMPD,osc_real,202,subject31,subject31_L2_MO3_E2_S5_GE1_GL2_H2_MA2,0.2578157695184483
PURE_MMPD,osc_real,202,subject31,subject31_L2_MO4_E2_S5_GE1_GL2_H2_MA2,0.1276452328493137
PURE_MMPD,osc_real,202,subject31,subject31_L3_MO1_E1_S5_GE1_GL2_H2_MA2,0.1249169869446975
PURE_MMPD,osc_real,202,subject31,subject31_L3_MO1_E2_S5_GE1_GL2_H2_MA2,0.1111789297343414
PURE_MMPD,osc_real,202,subject31,subject31_L3_MO2_E2_S5_GE1_GL2_H2_MA2,0.0953028891596911
PURE_MMPD,osc_real,202,subject31,subject31_L3_MO3_E2_S5_GE1_GL2_H2_MA2,0.1540085228077097
PURE_MMPD,osc_real,202,subject31,subject31_L3_MO4_E2_S5_GE1_GL2_H2_MA2,0.1374820018698535
PURE_MMPD,osc_real,202,subject31,subject31_L4_MO1_E1_S5_GE1_GL2_H2_MA2,0.0851777471193593
PURE_MMPD,osc_real,202,subject31,subject31_L4_MO1_E2_S5_GE1_GL2_H2_MA2,0.1446868180109853
PURE_MMPD,osc_real,202,subject31,subject31_L4_MO2_E2_S5_GE1_GL2_H2_MA2,0.1514460562701581
PURE_MMPD,osc_real,202,subject31,subject31_L4_MO3_E2_S5_GE1_GL2_H2_MA2,0.1106968709037434
PURE_MMPD,osc_real,202,subject31,subject31_L4_MO4_E2_S5_GE1_GL2_H2_MA2,0.1739906902423157
PURE_MMPD,osc_real,202,subject32,subject32_L1_MO1_E1_S3_GE2_GL2_H2_MA2,0.5723758888331885
PURE_MMPD,osc_real,202,subject32,subject32_L1_MO1_E2_S3_GE2_GL2_H2_MA2,0.4479290800783928
PURE_MMPD,osc_real,202,subject32,subject32_L1_MO2_E2_S3_GE2_GL2_H2_MA2,0.5596065518078412
PURE_MMPD,osc_real,202,subject32,subject32_L1_MO3_E2_S3_GE2_GL2_H2_MA2,0.4687343698451671
PURE_MMPD,osc_real,202,subject32,subject32_L1_MO4_E2_S3_GE2_GL2_H2_MA2,0.2519911052129048
PURE_MMPD,osc_real,202,subject32,subject32_L2_MO1_E1_S3_GE2_GL2_H2_MA2,0.7190159887237756
PURE_MMPD,osc_real,202,subject32,subject32_L2_MO1_E2_S3_GE2_GL2_H2_MA2,0.7633861587409052
PURE_MMPD,osc_real,202,subject32,subject32_L2_MO2_E2_S3_GE2_GL2_H2_MA2,0.6295065542844538
PURE_MMPD,osc_real,202,subject32,subject32_L2_MO3_E2_S3_GE2_GL2_H2_MA2,0.6417524385869791
PURE_MMPD,osc_real,202,subject32,subject32_L2_MO4_E2_S3_GE2_GL2_H2_MA2,0.237951475069769
PURE_MMPD,osc_real,202,subject32,subject32_L3_MO1_E1_S3_GE2_GL2_H2_MA2,0.6021660788705785
PURE_MMPD,osc_real,202,subject32,subject32_L3_MO1_E2_S3_GE2_GL2_H2_MA2,0.7144418953315608
PURE_MMPD,osc_real,202,subject32,subject32_L3_MO2_E2_S3_GE2_GL2_H2_MA2,0.750006176678302
PURE_MMPD,osc_real,202,subject32,subject32_L3_MO3_E2_S3_GE2_GL2_H2_MA2,0.5902681332222993
PURE_MMPD,osc_real,202,subject32,subject32_L3_MO4_E2_S3_GE2_GL2_H2_MA2,0.1308373411045383
PURE_MMPD,osc_real,202,subject32,subject32_L4_MO1_E1_S3_GE2_GL2_H2_MA2,0.4279274360128932
PURE_MMPD,osc_real,202,subject32,subject32_L4_MO1_E2_S3_GE2_GL2_H2_MA2,0.2989523306931282
PURE_MMPD,osc_real,202,subject32,subject32_L4_MO2_E2_S3_GE2_GL2_H2_MA2,0.3077307276415795
PURE_MMPD,osc_real,202,subject32,subject32_L4_MO3_E2_S3_GE2_GL2_H2_MA2,0.2511465480156509
PURE_MMPD,osc_real,202,subject32,subject32_L4_MO4_E2_S3_GE2_GL2_H2_MA2,0.1351038353222493
PURE_MMPD,osc_real,202,subject33,subject33_L1_MO1_E1_S3_GE2_GL2_H2_MA2,0.0858991190925314
PURE_MMPD,osc_real,202,subject33,subject33_L1_MO1_E2_S3_GE2_GL2_H2_MA2,0.207897678402392
PURE_MMPD,osc_real,202,subject33,subject33_L1_MO2_E2_S3_GE2_GL2_H2_MA2,0.2122788140819414
PURE_MMPD,osc_real,202,subject33,subject33_L1_MO3_E2_S3_GE2_GL2_H2_MA2,0.369418780071979
PURE_MMPD,osc_real,202,subject33,subject33_L1_MO4_E2_S3_GE2_GL2_H2_MA2,0.157737730530809
PURE_MMPD,osc_real,202,subject33,subject33_L2_MO1_E1_S3_GE2_GL2_H2_MA2,0.3495645313889126
PURE_MMPD,osc_real,202,subject33,subject33_L2_MO1_E2_S3_GE2_GL2_H2_MA2,0.283251563172033
PURE_MMPD,osc_real,202,subject33,subject33_L2_MO2_E2_S3_GE2_GL2_H2_MA2,0.3665434765595223
PURE_MMPD,osc_real,202,subject33,subject33_L2_MO3_E2_S3_GE2_GL2_H2_MA2,0.5017670434353058
PURE_MMPD,osc_real,202,subject33,subject33_L2_MO4_E2_S3_GE2_GL2_H2_MA2,0.1629747196369919
PURE_MMPD,osc_real,202,subject33,subject33_L3_MO1_E1_S3_GE2_GL2_H2_MA2,0.2817500910683293
PURE_MMPD,osc_real,202,subject33,subject33_L3_MO1_E2_S3_GE2_GL2_H2_MA2,0.3524820988211529
PURE_MMPD,osc_real,202,subject33,subject33_L3_MO2_E2_S3_GE2_GL2_H2_MA2,0.3287255138996081
PURE_MMPD,osc_real,202,subject33,subject33_L3_MO3_E2_S3_GE2_GL2_H2_MA2,0.4889844731389439
PURE_MMPD,osc_real,202,subject33,subject33_L3_MO4_E2_S3_GE2_GL2_H2_MA2,0.1459695825341948
PURE_MMPD,osc_real,202,subject33,subject33_L4_MO1_E1_S3_GE2_GL2_H2_MA2,0.1821293260495105
PURE_MMPD,osc_real,202,subject33,subject33_L4_MO1_E2_S3_GE2_GL2_H2_MA2,0.2335241314199128
PURE_MMPD,osc_real,202,subject33,subject33_L4_MO2_E2_S3_GE2_GL2_H2_MA2,0.3509031893745321
PURE_MMPD,osc_real,202,subject33,subject33_L4_MO3_E2_S3_GE2_GL2_H2_MA2,0.2069097720587371
PURE_MMPD,osc_real,202,subject33,subject33_L4_MO4_E2_S3_GE2_GL2_H2_MA2,0.2535743615727038
PURE_MMPD,osc_real,202,subject3,subject3_L1_MO1_E1_S3_GE1_GL2_H1_MA2,0.1258006299865328
PURE_MMPD,osc_real,202,subject3,subject3_L1_MO1_E2_S3_GE1_GL2_H1_MA2,0.1787808917755877
PURE_MMPD,osc_real,202,subject3,subject3_L1_MO2_E2_S3_GE1_GL2_H1_MA2,0.2243147865751782
PURE_MMPD,osc_real,202,subject3,subject3_L1_MO3_E2_S3_GE1_GL2_H1_MA2,0.1860824084579205
PURE_MMPD,osc_real,202,subject3,subject3_L1_MO4_E2_S3_GE1_GL2_H1_MA2,0.1621835177824788
PURE_MMPD,osc_real,202,subject3,subject3_L2_MO1_E1_S3_GE1_GL2_H1_MA2,0.2026081066060797
PURE_MMPD,osc_real,202,subject3,subject3_L2_MO1_E2_S3_GE1_GL2_H1_MA2,0.138593405987255
PURE_MMPD,osc_real,202,subject3,subject3_L2_MO2_E2_S3_GE1_GL2_H1_MA2,0.2429507132464765
PURE_MMPD,osc_real,202,subject3,subject3_L2_MO3_E2_S3_GE1_GL2_H1_MA2,0.1816954348495823
PURE_MMPD,osc_real,202,subject3,subject3_L2_MO4_E2_S3_GE1_GL2_H1_MA2,0.1282630967099107
PURE_MMPD,osc_real,202,subject3,subject3_L3_MO1_E1_S3_GE1_GL2_H1_MA2,0.1021040987963878
PURE_MMPD,osc_real,202,subject3,subject3_L3_MO1_E2_S3_GE1_GL2_H1_MA2,0.1861277181802762
PURE_MMPD,osc_real,202,subject3,subject3_L3_MO2_E2_S3_GE1_GL2_H1_MA2,0.1459074474644122
PURE_MMPD,osc_real,202,subject3,subject3_L3_MO3_E2_S3_GE1_GL2_H1_MA2,0.2479659319431248
PURE_MMPD,osc_real,202,subject3,subject3_L3_MO4_E2_S3_GE1_GL2_H1_MA2,0.1320668413928136
PURE_MMPD,osc_real,202,subject3,subject3_L4_MO1_E1_S3_GE1_GL2_H1_MA2,0.1335048265136047
PURE_MMPD,osc_real,202,subject3,subject3_L4_MO1_E2_S3_GE1_GL2_H1_MA2,0.1738995530029688
PURE_MMPD,osc_real,202,subject3,subject3_L4_MO2_E2_S3_GE1_GL2_H1_MA2,0.146124251796814
PURE_MMPD,osc_real,202,subject3,subject3_L4_MO3_E2_S3_GE1_GL2_H1_MA2,0.1519725704556373
PURE_MMPD,osc_real,202,subject3,subject3_L4_MO4_E2_S3_GE1_GL2_H1_MA2,0.1873984025155087
PURE_MMPD,osc_real,202,subject4,subject4_L1_MO1_E1_S3_GE1_GL2_H1_MA2,0.2137321066847247
PURE_MMPD,osc_real,202,subject4,subject4_L1_MO1_E2_S3_GE1_GL2_H1_MA2,0.2472095568742242
PURE_MMPD,osc_real,202,subject4,subject4_L1_MO2_E2_S3_GE1_GL2_H1_MA2,0.1172485622536793
PURE_MMPD,osc_real,202,subject4,subject4_L1_MO3_E2_S3_GE1_GL2_H1_MA2,0.182598345274649
PURE_MMPD,osc_real,202,subject4,subject4_L1_MO4_E2_S3_GE1_GL2_H1_MA2,0.1269994234174971
PURE_MMPD,osc_real,202,subject4,subject4_L2_MO1_E1_S3_GE1_GL2_H1_MA2,0.1772153871563003
PURE_MMPD,osc_real,202,subject4,subject4_L2_MO1_E2_S3_GE1_GL2_H1_MA2,0.3284020774389605
PURE_MMPD,osc_real,202,subject4,subject4_L2_MO2_E2_S3_GE1_GL2_H1_MA2,0.2048576429919321
PURE_MMPD,osc_real,202,subject4,subject4_L2_MO3_E2_S3_GE1_GL2_H1_MA2,0.1497767241633229
PURE_MMPD,osc_real,202,subject4,subject4_L2_MO4_E2_S3_GE1_GL2_H1_MA2,0.1556037451881131
PURE_MMPD,osc_real,202,subject4,subject4_L3_MO1_E1_S3_GE1_GL2_H1_MA2,0.3117714533277815
PURE_MMPD,osc_real,202,subject4,subject4_L3_MO1_E2_S3_GE1_GL2_H1_MA2,0.3513044991279601
PURE_MMPD,osc_real,202,subject4,subject4_L3_MO2_E2_S3_GE1_GL2_H1_MA2,0.1703817520257474
PURE_MMPD,osc_real,202,subject4,subject4_L3_MO3_E2_S3_GE1_GL2_H1_MA2,0.2657130511238807
PURE_MMPD,osc_real,202,subject4,subject4_L3_MO4_E2_S3_GE1_GL2_H1_MA2,0.1002697712615497
PURE_MMPD,osc_real,202,subject4,subject4_L4_MO1_E1_S3_GE1_GL2_H1_MA2,0.1267237654882054
PURE_MMPD,osc_real,202,subject4,subject4_L4_MO1_E2_S3_GE1_GL2_H1_MA2,0.2363229759591778
PURE_MMPD,osc_real,202,subject4,subject4_L4_MO2_E2_S3_GE1_GL2_H1_MA2,0.0999293107070886
PURE_MMPD,osc_real,202,subject4,subject4_L4_MO3_E2_S3_GE1_GL2_H1_MA2,0.2268849060924379
PURE_MMPD,osc_real,202,subject4,subject4_L4_MO4_E2_S3_GE1_GL2_H1_MA2,0.0965029645512895
PURE_MMPD,osc_real,202,subject5,subject5_L1_MO1_E1_S3_GE2_GL1_H1_MA1,0.160508532209228
PURE_MMPD,osc_real,202,subject5,subject5_L1_MO1_E2_S3_GE2_GL1_H1_MA1,0.2184519106329875
PURE_MMPD,osc_real,202,subject5,subject5_L1_MO2_E2_S3_GE2_GL1_H1_MA1,0.299856300478409
PURE_MMPD,osc_real,202,subject5,subject5_L1_MO3_E2_S3_GE2_GL1_H1_MA1,0.3813709035233804
PURE_MMPD,osc_real,202,subject5,subject5_L1_MO4_E2_S3_GE2_GL1_H1_MA1,0.1507284494408874
PURE_MMPD,osc_real,202,subject5,subject5_L2_MO1_E1_S3_GE2_GL1_H1_MA1,0.3173958459201468
PURE_MMPD,osc_real,202,subject5,subject5_L2_MO1_E2_S3_GE2_GL1_H1_MA1,0.3506764079726866
PURE_MMPD,osc_real,202,subject5,subject5_L2_MO2_E2_S3_GE2_GL1_H1_MA1,0.395370731182614
PURE_MMPD,osc_real,202,subject5,subject5_L2_MO3_E2_S3_GE2_GL1_H1_MA1,0.2399059432758098
PURE_MMPD,osc_real,202,subject5,subject5_L2_MO4_E2_S3_GE2_GL1_H1_MA1,0.1684046704025198
PURE_MMPD,osc_real,202,subject5,subject5_L3_MO1_E1_S3_GE2_GL1_H1_MA1,0.195592787927963
PURE_MMPD,osc_real,202,subject5,subject5_L3_MO1_E2_S3_GE2_GL1_H1_MA1,0.2774631848371028
PURE_MMPD,osc_real,202,subject5,subject5_L3_MO2_E2_S3_GE2_GL1_H1_MA1,0.2498726625057225
PURE_MMPD,osc_real,202,subject5,subject5_L3_MO3_E2_S3_GE2_GL1_H1_MA1,0.2546054760512145
PURE_MMPD,osc_real,202,subject5,subject5_L3_MO4_E2_S3_GE2_GL1_H1_MA1,0.1155446089179616
PURE_MMPD,osc_real,202,subject5,subject5_L4_MO1_E1_S3_GE2_GL1_H1_MA1,0.2675985553174139
PURE_MMPD,osc_real,202,subject5,subject5_L4_MO1_E2_S3_GE2_GL1_H1_MA1,0.2853752791352137
PURE_MMPD,osc_real,202,subject5,subject5_L4_MO2_E2_S3_GE2_GL1_H1_MA1,0.200948378216439
PURE_MMPD,osc_real,202,subject5,subject5_L4_MO3_E2_S3_GE2_GL1_H1_MA1,0.3584745172922576
PURE_MMPD,osc_real,202,subject5,subject5_L4_MO4_E2_S3_GE2_GL1_H1_MA1,0.1730673871485586
PURE_MMPD,osc_real,202,subject6,subject6_L1_MO1_E1_S3_GE1_GL2_H2_MA2,0.3727762422889062
PURE_MMPD,osc_real,202,subject6,subject6_L1_MO1_E2_S3_GE1_GL2_H2_MA2,0.5088634625329931
PURE_MMPD,osc_real,202,subject6,subject6_L1_MO2_E2_S3_GE1_GL2_H2_MA2,0.3853248606346861
PURE_MMPD,osc_real,202,subject6,subject6_L1_MO3_E2_S3_GE1_GL2_H2_MA2,0.4194329590952453
PURE_MMPD,osc_real,202,subject6,subject6_L1_MO4_E2_S3_GE1_GL2_H2_MA2,0.1563624584543577
PURE_MMPD,osc_real,202,subject6,subject6_L2_MO1_E1_S3_GE1_GL2_H2_MA2,0.1164869981650128
PURE_MMPD,osc_real,202,subject6,subject6_L2_MO1_E2_S3_GE1_GL2_H2_MA2,0.2150415922193221
PURE_MMPD,osc_real,202,subject6,subject6_L2_MO2_E2_S3_GE1_GL2_H2_MA2,0.369295529323268
PURE_MMPD,osc_real,202,subject6,subject6_L2_MO3_E2_S3_GE1_GL2_H2_MA2,0.2525972504986663
PURE_MMPD,osc_real,202,subject6,subject6_L2_MO4_E2_S3_GE1_GL2_H2_MA2,0.1732327746110748
PURE_MMPD,osc_real,202,subject6,subject6_L3_MO1_E1_S3_GE1_GL2_H2_MA2,0.0934242735556503
PURE_MMPD,osc_real,202,subject6,subject6_L3_MO1_E2_S3_GE1_GL2_H2_MA2,0.4639845121966456
PURE_MMPD,osc_real,202,subject6,subject6_L3_MO2_E2_S3_GE1_GL2_H2_MA2,0.5300499075046374
PURE_MMPD,osc_real,202,subject6,subject6_L3_MO3_E2_S3_GE1_GL2_H2_MA2,0.6787943596970493
PURE_MMPD,osc_real,202,subject6,subject6_L3_MO4_E2_S3_GE1_GL2_H2_MA2,0.1119041664321621
PURE_MMPD,osc_real,202,subject6,subject6_L4_MO1_E1_S3_GE1_GL2_H2_MA2,0.2308376010325719
PURE_MMPD,osc_real,202,subject6,subject6_L4_MO1_E2_S3_GE1_GL2_H2_MA2,0.3405758393229474
PURE_MMPD,osc_real,202,subject6,subject6_L4_MO2_E2_S3_GE1_GL2_H2_MA2,0.2361622630390575
PURE_MMPD,osc_real,202,subject6,subject6_L4_MO3_E2_S3_GE1_GL2_H2_MA2,0.3871912642447524
PURE_MMPD,osc_real,202,subject6,subject6_L4_MO4_E2_S3_GE1_GL2_H2_MA2,0.1329987509515627
PURE_MMPD,osc_real,202,subject7,subject7_L1_MO1_E1_S5_GE1_GL1_H2_MA2,0.0940875497998673
PURE_MMPD,osc_real,202,subject7,subject7_L1_MO1_E2_S5_GE1_GL1_H2_MA2,0.1263816505597994
PURE_MMPD,osc_real,202,subject7,subject7_L1_MO2_E2_S5_GE1_GL1_H2_MA2,0.1171386436084625
PURE_MMPD,osc_real,202,subject7,subject7_L2_MO1_E1_S5_GE1_GL1_H2_MA2,0.1424175046614757
PURE_MMPD,osc_real,202,subject7,subject7_L3_MO1_E1_S5_GE1_GL1_H2_MA2,0.1450448690322784
PURE_MMPD,osc_real,202,subject7,subject7_L3_MO3_E2_S5_GE1_GL1_H2_MA2,0.1576773168308997
PURE_MMPD,osc_real,202,subject7,subject7_L3_MO4_E2_S5_GE1_GL1_H2_MA2,0.1129739413829572
PURE_MMPD,osc_real,202,subject7,subject7_L4_MO1_E1_S5_GE1_GL1_H2_MA2,0.0810068838518114
PURE_MMPD,osc_real,202,subject7,subject7_L4_MO1_E2_S5_GE1_GL1_H2_MA2,0.226812759867196
PURE_MMPD,osc_real,202,subject7,subject7_L4_MO2_E2_S5_GE1_GL1_H2_MA2,0.1095088565637844
PURE_MMPD,osc_real,202,subject7,subject7_L4_MO3_E2_S5_GE1_GL1_H2_MA2,0.0999687565609067
PURE_MMPD,osc_real,202,subject7,subject7_L4_MO4_E2_S5_GE1_GL1_H2_MA2,0.1349194508044369
PURE_UBFC,none,42,subject1,subject1,0.2433796737464494
PURE_UBFC,none,42,subject10,subject10,0.7339682735585129
PURE_UBFC,none,42,subject11,subject11,0.3863500781206996
PURE_UBFC,none,42,subject12,subject12,0.6737467016026821
PURE_UBFC,none,42,subject13,subject13,0.6637947999296956
PURE_UBFC,none,42,subject14,subject14,0.6328510915215583
PURE_UBFC,none,42,subject15,subject15,0.4168186494525784
PURE_UBFC,none,42,subject16,subject16,0.7500157024163621
PURE_UBFC,none,42,subject17,subject17,0.729366194631415
PURE_UBFC,none,42,subject18,subject18,0.7353449637293945
PURE_UBFC,none,42,subject20,subject20,0.4376320165746243
PURE_UBFC,none,42,subject22,subject22,0.6515333486418206
PURE_UBFC,none,42,subject23,subject23,0.7676537601829251
PURE_UBFC,none,42,subject24,subject24,0.7342382125785809
PURE_UBFC,none,42,subject25,subject25,0.6467938427918295
PURE_UBFC,none,42,subject26,subject26,0.3144322137441304
PURE_UBFC,none,42,subject27,subject27,0.4538068330322981
PURE_UBFC,none,42,subject3,subject3,0.7521401911209743
PURE_UBFC,none,42,subject30,subject30,0.4555265800512035
PURE_UBFC,none,42,subject31,subject31,0.816644331901853
PURE_UBFC,none,42,subject32,subject32,0.6793529966375345
PURE_UBFC,none,42,subject33,subject33,0.6723900789269173
PURE_UBFC,none,42,subject34,subject34,0.6667820399844018
PURE_UBFC,none,42,subject35,subject35,0.7592409302277308
PURE_UBFC,none,42,subject36,subject36,0.7610144620536683
PURE_UBFC,none,42,subject37,subject37,0.7089595685723006
PURE_UBFC,none,42,subject38,subject38,0.7276221179017793
PURE_UBFC,none,42,subject39,subject39,0.7489703591059532
PURE_UBFC,none,42,subject4,subject4,0.7188794023321956
PURE_UBFC,none,42,subject40,subject40,0.6730458520101671
PURE_UBFC,none,42,subject41,subject41,0.5803917076518279
PURE_UBFC,none,42,subject42,subject42,0.82560158211882
PURE_UBFC,none,42,subject43,subject43,0.6444730463336994
PURE_UBFC,none,42,subject44,subject44,0.6708920967681455
PURE_UBFC,none,42,subject45,subject45,0.7209186569164532
PURE_UBFC,none,42,subject46,subject46,0.6871095984438258
PURE_UBFC,none,42,subject47,subject47,0.7537792916758098
PURE_UBFC,none,42,subject48,subject48,0.5458069228705648
PURE_UBFC,none,42,subject49,subject49,0.6536854557741727
PURE_UBFC,none,42,subject5,subject5,0.7973242520244053
PURE_UBFC,none,42,subject8,subject8,0.7390934046618405
PURE_UBFC,none,42,subject9,subject9,0.3363364362357042
PURE_UBFC,none,100,subject1,subject1,0.316875788223615
PURE_UBFC,none,100,subject10,subject10,0.7467216729474407
PURE_UBFC,none,100,subject11,subject11,0.4837628316655717
PURE_UBFC,none,100,subject12,subject12,0.7049081498672973
PURE_UBFC,none,100,subject13,subject13,0.7355513670329773
PURE_UBFC,none,100,subject14,subject14,0.6212031603563435
PURE_UBFC,none,100,subject15,subject15,0.4873376071372673
PURE_UBFC,none,100,subject16,subject16,0.7639044373678803
PURE_UBFC,none,100,subject17,subject17,0.7580825040620676
PURE_UBFC,none,100,subject18,subject18,0.7105132558395021
PURE_UBFC,none,100,subject20,subject20,0.4283074263581988
PURE_UBFC,none,100,subject22,subject22,0.5784944578908113
PURE_UBFC,none,100,subject23,subject23,0.7565645030351882
PURE_UBFC,none,100,subject24,subject24,0.7630846200700492
PURE_UBFC,none,100,subject25,subject25,0.7602164048581924
PURE_UBFC,none,100,subject26,subject26,0.5979414459106503
PURE_UBFC,none,100,subject27,subject27,0.4917743094842226
PURE_UBFC,none,100,subject3,subject3,0.7121055596496735
PURE_UBFC,none,100,subject30,subject30,0.4863978995231199
PURE_UBFC,none,100,subject31,subject31,0.8496893450804403
PURE_UBFC,none,100,subject32,subject32,0.6888156345364159
PURE_UBFC,none,100,subject33,subject33,0.6207555271568256
PURE_UBFC,none,100,subject34,subject34,0.6812219714618478
PURE_UBFC,none,100,subject35,subject35,0.6686836831549455
PURE_UBFC,none,100,subject36,subject36,0.7403608681759107
PURE_UBFC,none,100,subject37,subject37,0.7074538802885418
PURE_UBFC,none,100,subject38,subject38,0.7120843530545481
PURE_UBFC,none,100,subject39,subject39,0.7564908624401294
PURE_UBFC,none,100,subject4,subject4,0.7406742246996616
PURE_UBFC,none,100,subject40,subject40,0.7961088059796009
PURE_UBFC,none,100,subject41,subject41,0.4597266172368522
PURE_UBFC,none,100,subject42,subject42,0.8143527977387733
PURE_UBFC,none,100,subject43,subject43,0.6896442122361625
PURE_UBFC,none,100,subject44,subject44,0.704887700557808
PURE_UBFC,none,100,subject45,subject45,0.7608563338699976
PURE_UBFC,none,100,subject46,subject46,0.7002505313302492
PURE_UBFC,none,100,subject47,subject47,0.7447490133911661
PURE_UBFC,none,100,subject48,subject48,0.4947380209652971
PURE_UBFC,none,100,subject49,subject49,0.66695508225275
PURE_UBFC,none,100,subject5,subject5,0.7833861899829323
PURE_UBFC,none,100,subject8,subject8,0.7558637566265443
PURE_UBFC,none,100,subject9,subject9,0.4833943559431438
PURE_UBFC,none,202,subject1,subject1,0.2562379748632922
PURE_UBFC,none,202,subject10,subject10,0.7747845182306933
PURE_UBFC,none,202,subject11,subject11,0.3699450831167554
PURE_UBFC,none,202,subject12,subject12,0.718421235057548
PURE_UBFC,none,202,subject13,subject13,0.7358106841039411
PURE_UBFC,none,202,subject14,subject14,0.6050242537119048
PURE_UBFC,none,202,subject15,subject15,0.3416653658568035
PURE_UBFC,none,202,subject16,subject16,0.7666232797397297
PURE_UBFC,none,202,subject17,subject17,0.7342838626351806
PURE_UBFC,none,202,subject18,subject18,0.7425729346880571
PURE_UBFC,none,202,subject20,subject20,0.4197521037304785
PURE_UBFC,none,202,subject22,subject22,0.5713687770057138
PURE_UBFC,none,202,subject23,subject23,0.7437055372707086
PURE_UBFC,none,202,subject24,subject24,0.7812900056156947
PURE_UBFC,none,202,subject25,subject25,0.7294383465238107
PURE_UBFC,none,202,subject26,subject26,0.4347590869299575
PURE_UBFC,none,202,subject27,subject27,0.4162079402708616
PURE_UBFC,none,202,subject3,subject3,0.6977809129110344
PURE_UBFC,none,202,subject30,subject30,0.467903665778227
PURE_UBFC,none,202,subject31,subject31,0.8489512183805235
PURE_UBFC,none,202,subject32,subject32,0.5642624662639062
PURE_UBFC,none,202,subject33,subject33,0.637026098340189
PURE_UBFC,none,202,subject34,subject34,0.5757308922169778
PURE_UBFC,none,202,subject35,subject35,0.6588631524463712
PURE_UBFC,none,202,subject36,subject36,0.8060150552444505
PURE_UBFC,none,202,subject37,subject37,0.7011501623681692
PURE_UBFC,none,202,subject38,subject38,0.7535421846554753
PURE_UBFC,none,202,subject39,subject39,0.6910065186849901
PURE_UBFC,none,202,subject4,subject4,0.7143504193298115
PURE_UBFC,none,202,subject40,subject40,0.750655839466893
PURE_UBFC,none,202,subject41,subject41,0.5285243842600161
PURE_UBFC,none,202,subject42,subject42,0.8124450145651447
PURE_UBFC,none,202,subject43,subject43,0.6594625100689694
PURE_UBFC,none,202,subject44,subject44,0.7433147036126804
PURE_UBFC,none,202,subject45,subject45,0.7231894086028128
PURE_UBFC,none,202,subject46,subject46,0.7053539972226726
PURE_UBFC,none,202,subject47,subject47,0.7839472590750911
PURE_UBFC,none,202,subject48,subject48,0.4913269296708247
PURE_UBFC,none,202,subject49,subject49,0.6193387175537974
PURE_UBFC,none,202,subject5,subject5,0.7907767440485592
PURE_UBFC,none,202,subject8,subject8,0.8042820948847882
PURE_UBFC,none,202,subject9,subject9,0.2966072727762655
PURE_UBFC,osc_real,42,subject1,subject1,0.3185842075937773
PURE_UBFC,osc_real,42,subject10,subject10,0.7062115907395844
PURE_UBFC,osc_real,42,subject11,subject11,0.5041405813773859
PURE_UBFC,osc_real,42,subject12,subject12,0.6919926482675042
PURE_UBFC,osc_real,42,subject13,subject13,0.5695070311105497
PURE_UBFC,osc_real,42,subject14,subject14,0.5798228559260665
PURE_UBFC,osc_real,42,subject15,subject15,0.4173197580397254
PURE_UBFC,osc_real,42,subject16,subject16,0.7134903102103538
PURE_UBFC,osc_real,42,subject17,subject17,0.7296482013827645
PURE_UBFC,osc_real,42,subject18,subject18,0.7223756696479703
PURE_UBFC,osc_real,42,subject20,subject20,0.4654811385500007
PURE_UBFC,osc_real,42,subject22,subject22,0.4197711315158924
PURE_UBFC,osc_real,42,subject23,subject23,0.7581574104977525
PURE_UBFC,osc_real,42,subject24,subject24,0.7158053074136865
PURE_UBFC,osc_real,42,subject25,subject25,0.54607425277989
PURE_UBFC,osc_real,42,subject26,subject26,0.3360906840278099
PURE_UBFC,osc_real,42,subject27,subject27,0.4157867660353494
PURE_UBFC,osc_real,42,subject3,subject3,0.6898959632880513
PURE_UBFC,osc_real,42,subject30,subject30,0.5371488975622285
PURE_UBFC,osc_real,42,subject31,subject31,0.8304120491872823
PURE_UBFC,osc_real,42,subject32,subject32,0.7098202337304235
PURE_UBFC,osc_real,42,subject33,subject33,0.6957087543129773
PURE_UBFC,osc_real,42,subject34,subject34,0.6950281967571387
PURE_UBFC,osc_real,42,subject35,subject35,0.7746713292990302
PURE_UBFC,osc_real,42,subject36,subject36,0.732357952190007
PURE_UBFC,osc_real,42,subject37,subject37,0.663809677166089
PURE_UBFC,osc_real,42,subject38,subject38,0.5735454944207533
PURE_UBFC,osc_real,42,subject39,subject39,0.5890573103923519
PURE_UBFC,osc_real,42,subject4,subject4,0.6906317725024307
PURE_UBFC,osc_real,42,subject40,subject40,0.7639863876105443
PURE_UBFC,osc_real,42,subject41,subject41,0.5111952301997791
PURE_UBFC,osc_real,42,subject42,subject42,0.7894649270779044
PURE_UBFC,osc_real,42,subject43,subject43,0.4825565150284592
PURE_UBFC,osc_real,42,subject44,subject44,0.6931383328984806
PURE_UBFC,osc_real,42,subject45,subject45,0.7648647746797765
PURE_UBFC,osc_real,42,subject46,subject46,0.7285260764767978
PURE_UBFC,osc_real,42,subject47,subject47,0.7472601121761719
PURE_UBFC,osc_real,42,subject48,subject48,0.4830562865167545
PURE_UBFC,osc_real,42,subject49,subject49,0.6947984081737721
PURE_UBFC,osc_real,42,subject5,subject5,0.751488972698112
PURE_UBFC,osc_real,42,subject8,subject8,0.7309683662747758
PURE_UBFC,osc_real,42,subject9,subject9,0.5325404217803171
PURE_UBFC,osc_real,100,subject1,subject1,0.3125880095260335
PURE_UBFC,osc_real,100,subject10,subject10,0.7636783430679361
PURE_UBFC,osc_real,100,subject11,subject11,0.5242433016461119
PURE_UBFC,osc_real,100,subject12,subject12,0.7249218014771809
PURE_UBFC,osc_real,100,subject13,subject13,0.6551641581837584
PURE_UBFC,osc_real,100,subject14,subject14,0.6757816959484428
PURE_UBFC,osc_real,100,subject15,subject15,0.4360428581780884
PURE_UBFC,osc_real,100,subject16,subject16,0.7470989000364023
PURE_UBFC,osc_real,100,subject17,subject17,0.7591714240605559
PURE_UBFC,osc_real,100,subject18,subject18,0.7676657280005885
PURE_UBFC,osc_real,100,subject20,subject20,0.4881992939701017
PURE_UBFC,osc_real,100,subject22,subject22,0.5719026629685411
PURE_UBFC,osc_real,100,subject23,subject23,0.7730439147108865
PURE_UBFC,osc_real,100,subject24,subject24,0.7450841015633672
PURE_UBFC,osc_real,100,subject25,subject25,0.6588814114801373
PURE_UBFC,osc_real,100,subject26,subject26,0.337159379768586
PURE_UBFC,osc_real,100,subject27,subject27,0.5183572502148238
PURE_UBFC,osc_real,100,subject3,subject3,0.6774844273921509
PURE_UBFC,osc_real,100,subject30,subject30,0.4991247296349036
PURE_UBFC,osc_real,100,subject31,subject31,0.8527479421996366
PURE_UBFC,osc_real,100,subject32,subject32,0.7505236286533584
PURE_UBFC,osc_real,100,subject33,subject33,0.6752887944930784
PURE_UBFC,osc_real,100,subject34,subject34,0.693423872304595
PURE_UBFC,osc_real,100,subject35,subject35,0.7827422537533895
PURE_UBFC,osc_real,100,subject36,subject36,0.7863065267845493
PURE_UBFC,osc_real,100,subject37,subject37,0.6861891747760118
PURE_UBFC,osc_real,100,subject38,subject38,0.7519640461714115
PURE_UBFC,osc_real,100,subject39,subject39,0.40570078467922
PURE_UBFC,osc_real,100,subject4,subject4,0.7055666801340613
PURE_UBFC,osc_real,100,subject40,subject40,0.7816467890988722
PURE_UBFC,osc_real,100,subject41,subject41,0.5649498743791584
PURE_UBFC,osc_real,100,subject42,subject42,0.8221146132225832
PURE_UBFC,osc_real,100,subject43,subject43,0.5758745888570214
PURE_UBFC,osc_real,100,subject44,subject44,0.6956322006260626
PURE_UBFC,osc_real,100,subject45,subject45,0.7710884549801814
PURE_UBFC,osc_real,100,subject46,subject46,0.7535579160670087
PURE_UBFC,osc_real,100,subject47,subject47,0.7888262984481906
PURE_UBFC,osc_real,100,subject48,subject48,0.5484798438524049
PURE_UBFC,osc_real,100,subject49,subject49,0.7340750492311112
PURE_UBFC,osc_real,100,subject5,subject5,0.7901117185362494
PURE_UBFC,osc_real,100,subject8,subject8,0.7794302339787319
PURE_UBFC,osc_real,100,subject9,subject9,0.5444752343998962
PURE_UBFC,osc_real,202,subject1,subject1,0.3910150178948135
PURE_UBFC,osc_real,202,subject10,subject10,0.6611337004539655
PURE_UBFC,osc_real,202,subject11,subject11,0.4371102474217516
PURE_UBFC,osc_real,202,subject12,subject12,0.7291173412820413
PURE_UBFC,osc_real,202,subject13,subject13,0.5822168255728852
PURE_UBFC,osc_real,202,subject14,subject14,0.6440998343979478
PURE_UBFC,osc_real,202,subject15,subject15,0.3701702678014004
PURE_UBFC,osc_real,202,subject16,subject16,0.6894718230567821
PURE_UBFC,osc_real,202,subject17,subject17,0.7277087854177485
PURE_UBFC,osc_real,202,subject18,subject18,0.7015341901877148
PURE_UBFC,osc_real,202,subject20,subject20,0.301330523432206
PURE_UBFC,osc_real,202,subject22,subject22,0.4675307513068786
PURE_UBFC,osc_real,202,subject23,subject23,0.7414162608011552
PURE_UBFC,osc_real,202,subject24,subject24,0.7147857173885707
PURE_UBFC,osc_real,202,subject25,subject25,0.5858274837462325
PURE_UBFC,osc_real,202,subject26,subject26,0.5260984826696516
PURE_UBFC,osc_real,202,subject27,subject27,0.4398043972328785
PURE_UBFC,osc_real,202,subject3,subject3,0.6969487683593386
PURE_UBFC,osc_real,202,subject30,subject30,0.3766903698548695
PURE_UBFC,osc_real,202,subject31,subject31,0.8473558421522654
PURE_UBFC,osc_real,202,subject32,subject32,0.71045118934429
PURE_UBFC,osc_real,202,subject33,subject33,0.61727051904007
PURE_UBFC,osc_real,202,subject34,subject34,0.5898428888807811
PURE_UBFC,osc_real,202,subject35,subject35,0.7337445398299026
PURE_UBFC,osc_real,202,subject36,subject36,0.6594748477124838
PURE_UBFC,osc_real,202,subject37,subject37,0.6707628463113461
PURE_UBFC,osc_real,202,subject38,subject38,0.6234236113703616
PURE_UBFC,osc_real,202,subject39,subject39,0.7106604692446681
PURE_UBFC,osc_real,202,subject4,subject4,0.548618089643205
PURE_UBFC,osc_real,202,subject40,subject40,0.8040930381519306
PURE_UBFC,osc_real,202,subject41,subject41,0.4984603081667725
PURE_UBFC,osc_real,202,subject42,subject42,0.7698856614747444
PURE_UBFC,osc_real,202,subject43,subject43,0.4440738886723083
PURE_UBFC,osc_real,202,subject44,subject44,0.6963397005821041
PURE_UBFC,osc_real,202,subject45,subject45,0.7647516175588696
PURE_UBFC,osc_real,202,subject46,subject46,0.7310380482170133
PURE_UBFC,osc_real,202,subject47,subject47,0.7644980371060193
PURE_UBFC,osc_real,202,subject48,subject48,0.5291503260450716
PURE_UBFC,osc_real,202,subject49,subject49,0.6205219150300534
PURE_UBFC,osc_real,202,subject5,subject5,0.749305789596353
PURE_UBFC,osc_real,202,subject8,subject8,0.7041893205109274
PURE_UBFC,osc_real,202,subject9,subject9,0.4971012972110851
UBFC_MMPD,none,42,subject10,subject10_L1_MO1_E1_S4_GE2_GL2_H2_MA2,0.1808363792531354
UBFC_MMPD,none,42,subject10,subject10_L1_MO1_E2_S4_GE2_GL2_H2_MA2,0.2445552283877834
UBFC_MMPD,none,42,subject10,subject10_L1_MO2_E2_S4_GE2_GL2_H2_MA2,0.1510095232263348
UBFC_MMPD,none,42,subject10,subject10_L1_MO3_E2_S4_GE2_GL2_H2_MA2,0.1704839136328183
UBFC_MMPD,none,42,subject10,subject10_L1_MO4_E2_S4_GE2_GL2_H2_MA2,0.1722815204508852
UBFC_MMPD,none,42,subject10,subject10_L2_MO1_E1_S4_GE2_GL2_H2_MA2,0.1039842574343471
UBFC_MMPD,none,42,subject10,subject10_L2_MO1_E2_S4_GE2_GL2_H2_MA2,0.171097798454173
UBFC_MMPD,none,42,subject10,subject10_L2_MO2_E2_S4_GE2_GL2_H2_MA2,0.0955730334280016
UBFC_MMPD,none,42,subject10,subject10_L2_MO3_E2_S4_GE2_GL2_H2_MA2,0.1109051236066829
UBFC_MMPD,none,42,subject10,subject10_L2_MO4_E2_S4_GE2_GL2_H2_MA2,0.1420019117834649
UBFC_MMPD,none,42,subject10,subject10_L3_MO1_E1_S4_GE2_GL2_H2_MA2,0.118437050454474
UBFC_MMPD,none,42,subject10,subject10_L3_MO1_E2_S4_GE2_GL2_H2_MA2,0.1415923344790114
UBFC_MMPD,none,42,subject10,subject10_L3_MO2_E2_S4_GE2_GL2_H2_MA2,0.1188228982895
UBFC_MMPD,none,42,subject10,subject10_L3_MO3_E2_S4_GE2_GL2_H2_MA2,0.1654917936001438
UBFC_MMPD,none,42,subject10,subject10_L3_MO4_E2_S4_GE2_GL2_H2_MA2,0.1379911584702143
UBFC_MMPD,none,42,subject10,subject10_L4_MO1_E1_S4_GE2_GL2_H2_MA2,0.1216540390192143
UBFC_MMPD,none,42,subject10,subject10_L4_MO1_E2_S4_GE2_GL2_H2_MA2,0.1034529126246492
UBFC_MMPD,none,42,subject10,subject10_L4_MO2_E2_S4_GE2_GL2_H2_MA2,0.1275025325779768
UBFC_MMPD,none,42,subject10,subject10_L4_MO3_E2_S4_GE2_GL2_H2_MA2,0.129740733813135
UBFC_MMPD,none,42,subject10,subject10_L4_MO4_E2_S4_GE2_GL2_H2_MA2,0.1389647558268473
UBFC_MMPD,none,42,subject11,subject11_L1_MO1_E1_S5_GE1_GL2_H2_MA2,0.1592391201039779
UBFC_MMPD,none,42,subject11,subject11_L1_MO1_E2_S5_GE1_GL2_H2_MA2,0.1454346931313646
UBFC_MMPD,none,42,subject11,subject11_L1_MO2_E2_S5_GE1_GL2_H2_MA2,0.1015908800448574
UBFC_MMPD,none,42,subject11,subject11_L1_MO3_E2_S5_GE1_GL2_H2_MA2,0.1151147593361721
UBFC_MMPD,none,42,subject11,subject11_L1_MO4_E2_S5_GE1_GL2_H2_MA2,0.1876464578850718
UBFC_MMPD,none,42,subject11,subject11_L2_MO1_E1_S5_GE1_GL2_H2_MA2,0.1131556823545723
UBFC_MMPD,none,42,subject11,subject11_L2_MO1_E2_S5_GE1_GL2_H2_MA2,0.1304474647490156
UBFC_MMPD,none,42,subject11,subject11_L2_MO2_E2_S5_GE1_GL2_H2_MA2,0.1242563058833949
UBFC_MMPD,none,42,subject11,subject11_L2_MO3_E2_S5_GE1_GL2_H2_MA2,0.131499413051187
UBFC_MMPD,none,42,subject11,subject11_L2_MO4_E2_S5_GE1_GL2_H2_MA2,0.1250369180877698
UBFC_MMPD,none,42,subject11,subject11_L3_MO1_E1_S5_GE1_GL2_H2_MA2,0.2136520792650012
UBFC_MMPD,none,42,subject11,subject11_L3_MO1_E2_S5_GE1_GL2_H2_MA2,0.2278487417896534
UBFC_MMPD,none,42,subject11,subject11_L3_MO2_E2_S5_GE1_GL2_H2_MA2,0.1538116476447017
UBFC_MMPD,none,42,subject11,subject11_L3_MO3_E2_S5_GE1_GL2_H2_MA2,0.0908989744447371
UBFC_MMPD,none,42,subject11,subject11_L3_MO4_E2_S5_GE1_GL2_H2_MA2,0.1365093399998437
UBFC_MMPD,none,42,subject11,subject11_L4_MO1_E1_S5_GE1_GL2_H2_MA2,0.0861537384140267
UBFC_MMPD,none,42,subject11,subject11_L4_MO1_E2_S5_GE1_GL2_H2_MA2,0.1463640511739497
UBFC_MMPD,none,42,subject11,subject11_L4_MO2_E2_S5_GE1_GL2_H2_MA2,0.1333473462744232
UBFC_MMPD,none,42,subject11,subject11_L4_MO3_E2_S5_GE1_GL2_H2_MA2,0.1663487923936091
UBFC_MMPD,none,42,subject11,subject11_L4_MO4_E2_S5_GE1_GL2_H2_MA2,0.1347266002135174
UBFC_MMPD,none,42,subject12,subject12_L1_MO1_E1_S3_GE2_GL1_H2_MA2,0.1278143939034114
UBFC_MMPD,none,42,subject12,subject12_L1_MO1_E2_S3_GE2_GL1_H2_MA2,0.1509870464738391
UBFC_MMPD,none,42,subject12,subject12_L1_MO2_E2_S3_GE2_GL1_H2_MA2,0.1366347893133871
UBFC_MMPD,none,42,subject12,subject12_L1_MO3_E2_S3_GE2_GL1_H2_MA2,0.0904459480238997
UBFC_MMPD,none,42,subject12,subject12_L1_MO4_E2_S3_GE2_GL1_H2_MA2,0.1202356893997393
UBFC_MMPD,none,42,subject12,subject12_L2_MO1_E1_S3_GE2_GL1_H2_MA2,0.1652731761014687
UBFC_MMPD,none,42,subject12,subject12_L2_MO1_E2_S3_GE2_GL1_H2_MA2,0.1072104814109021
UBFC_MMPD,none,42,subject12,subject12_L2_MO2_E2_S3_GE2_GL1_H2_MA2,0.1020121429399954
UBFC_MMPD,none,42,subject12,subject12_L2_MO3_E2_S3_GE2_GL1_H2_MA2,0.1706712506321402
UBFC_MMPD,none,42,subject12,subject12_L2_MO4_E2_S3_GE2_GL1_H2_MA2,0.1287544879868644
UBFC_MMPD,none,42,subject12,subject12_L3_MO1_E1_S3_GE2_GL1_H2_MA2,0.2700342945539357
UBFC_MMPD,none,42,subject12,subject12_L3_MO1_E2_S3_GE2_GL1_H2_MA2,0.1708460188324121
UBFC_MMPD,none,42,subject12,subject12_L3_MO2_E2_S3_GE2_GL1_H2_MA2,0.1595902626588243
UBFC_MMPD,none,42,subject12,subject12_L3_MO3_E2_S3_GE2_GL1_H2_MA2,0.1582572146529212
UBFC_MMPD,none,42,subject12,subject12_L3_MO4_E2_S3_GE2_GL1_H2_MA2,0.1689741612666027
UBFC_MMPD,none,42,subject12,subject12_L4_MO1_E1_S3_GE2_GL1_H2_MA2,0.1722325239640367
UBFC_MMPD,none,42,subject12,subject12_L4_MO1_E2_S3_GE2_GL1_H2_MA2,0.2861249437861527
UBFC_MMPD,none,42,subject12,subject12_L4_MO2_E2_S3_GE2_GL1_H2_MA2,0.1336499057446419
UBFC_MMPD,none,42,subject12,subject12_L4_MO3_E2_S3_GE2_GL1_H2_MA2,0.127058417860244
UBFC_MMPD,none,42,subject12,subject12_L4_MO4_E2_S3_GE2_GL1_H2_MA2,0.1241589738764139
UBFC_MMPD,none,42,subject13,subject13_L1_MO1_E1_S5_GE1_GL2_H2_MA2,0.1046347809900455
UBFC_MMPD,none,42,subject13,subject13_L1_MO1_E2_S5_GE1_GL2_H2_MA2,0.1870092057925688
UBFC_MMPD,none,42,subject13,subject13_L1_MO2_E2_S5_GE1_GL2_H2_MA2,0.1454518270792532
UBFC_MMPD,none,42,subject13,subject13_L1_MO3_E2_S5_GE1_GL2_H2_MA2,0.2199728856506516
UBFC_MMPD,none,42,subject13,subject13_L1_MO4_E2_S5_GE1_GL2_H2_MA2,0.1220883495413198
UBFC_MMPD,none,42,subject13,subject13_L2_MO1_E1_S5_GE1_GL2_H2_MA2,0.0624802426253996
UBFC_MMPD,none,42,subject13,subject13_L2_MO1_E2_S5_GE1_GL2_H2_MA2,0.276609143883805
UBFC_MMPD,none,42,subject13,subject13_L2_MO2_E2_S5_GE1_GL2_H2_MA2,0.1050957816032582
UBFC_MMPD,none,42,subject13,subject13_L2_MO3_E2_S5_GE1_GL2_H2_MA2,0.2900222867409049
UBFC_MMPD,none,42,subject13,subject13_L2_MO4_E2_S5_GE1_GL2_H2_MA2,0.1610500499224174
UBFC_MMPD,none,42,subject13,subject13_L3_MO1_E1_S5_GE1_GL2_H2_MA2,0.1397876243773315
UBFC_MMPD,none,42,subject13,subject13_L3_MO1_E2_S5_GE1_GL2_H2_MA2,0.2765872245992336
UBFC_MMPD,none,42,subject13,subject13_L3_MO2_E2_S5_GE1_GL2_H2_MA2,0.1371921785365511
UBFC_MMPD,none,42,subject13,subject13_L3_MO3_E2_S5_GE1_GL2_H2_MA2,0.2771551599993082
UBFC_MMPD,none,42,subject13,subject13_L3_MO4_E2_S5_GE1_GL2_H2_MA2,0.1145782707271745
UBFC_MMPD,none,42,subject13,subject13_L4_MO1_E1_S5_GE1_GL2_H2_MA2,0.1552339930797248
UBFC_MMPD,none,42,subject13,subject13_L4_MO1_E2_S5_GE1_GL2_H2_MA2,0.4132636078852539
UBFC_MMPD,none,42,subject13,subject13_L4_MO2_E2_S5_GE1_GL2_H2_MA2,0.124140667667971
UBFC_MMPD,none,42,subject13,subject13_L4_MO3_E2_S5_GE1_GL2_H2_MA2,0.3110337844229586
UBFC_MMPD,none,42,subject13,subject13_L4_MO4_E2_S5_GE1_GL2_H2_MA2,0.1244907614408524
UBFC_MMPD,none,42,subject14,subject14_L1_MO1_E1_S6_GE1_GL2_H2_MA2,0.0790014413805022
UBFC_MMPD,none,42,subject14,subject14_L1_MO1_E2_S6_GE1_GL2_H2_MA2,0.1194554410628273
UBFC_MMPD,none,42,subject14,subject14_L1_MO2_E2_S6_GE1_GL2_H2_MA2,0.0932546170493869
UBFC_MMPD,none,42,subject14,subject14_L1_MO3_E2_S6_GE1_GL2_H2_MA2,0.156933927245563
UBFC_MMPD,none,42,subject14,subject14_L1_MO4_E2_S6_GE1_GL2_H2_MA2,0.1547870000840497
UBFC_MMPD,none,42,subject14,subject14_L2_MO1_E1_S6_GE1_GL2_H2_MA2,0.0428997922727833
UBFC_MMPD,none,42,subject14,subject14_L2_MO1_E2_S6_GE1_GL2_H2_MA2,0.1343221975375577
UBFC_MMPD,none,42,subject14,subject14_L2_MO2_E2_S6_GE1_GL2_H2_MA2,0.1434928676749456
UBFC_MMPD,none,42,subject14,subject14_L2_MO3_E2_S6_GE1_GL2_H2_MA2,0.1247510005980728
UBFC_MMPD,none,42,subject14,subject14_L2_MO4_E2_S6_GE1_GL2_H2_MA2,0.1382364454987775
UBFC_MMPD,none,42,subject14,subject14_L3_MO1_E1_S6_GE1_GL2_H2_MA2,0.0735196248384111
UBFC_MMPD,none,42,subject14,subject14_L3_MO1_E2_S6_GE1_GL2_H2_MA2,0.1951085799537239
UBFC_MMPD,none,42,subject14,subject14_L3_MO2_E2_S6_GE1_GL2_H2_MA2,0.1089061457815917
UBFC_MMPD,none,42,subject14,subject14_L3_MO3_E2_S6_GE1_GL2_H2_MA2,0.1797102829234102
UBFC_MMPD,none,42,subject14,subject14_L3_MO4_E2_S6_GE1_GL2_H2_MA2,0.187963787682189
UBFC_MMPD,none,42,subject14,subject14_L4_MO1_E1_S6_GE1_GL2_H2_MA2,0.0781809635198531
UBFC_MMPD,none,42,subject14,subject14_L4_MO1_E2_S6_GE1_GL2_H2_MA2,0.1078413874628193
UBFC_MMPD,none,42,subject14,subject14_L4_MO2_E2_S6_GE1_GL2_H2_MA2,0.0913717801421149
UBFC_MMPD,none,42,subject14,subject14_L4_MO3_E2_S6_GE1_GL2_H2_MA2,0.1000012999676944
UBFC_MMPD,none,42,subject14,subject14_L4_MO4_E2_S6_GE1_GL2_H2_MA2,0.2477239198134388
UBFC_MMPD,none,42,subject15,subject15_L1_MO1_E1_S6_GE2_GL2_H2_MA2,0.1016727798017317
UBFC_MMPD,none,42,subject15,subject15_L1_MO1_E2_S6_GE2_GL2_H2_MA2,0.1172045821907927
UBFC_MMPD,none,42,subject15,subject15_L1_MO2_E2_S6_GE2_GL2_H2_MA2,0.0883545560571978
UBFC_MMPD,none,42,subject15,subject15_L1_MO3_E2_S6_GE2_GL2_H2_MA2,0.1557724674657604
UBFC_MMPD,none,42,subject15,subject15_L1_MO4_E2_S6_GE2_GL2_H2_MA2,0.1242993750775493
UBFC_MMPD,none,42,subject15,subject15_L2_MO1_E1_S6_GE2_GL2_H2_MA2,0.1117705876580499
UBFC_MMPD,none,42,subject15,subject15_L2_MO1_E2_S6_GE2_GL2_H2_MA2,0.1198922840629933
UBFC_MMPD,none,42,subject15,subject15_L2_MO2_E2_S6_GE2_GL2_H2_MA2,0.119535873911539
UBFC_MMPD,none,42,subject15,subject15_L2_MO3_E2_S6_GE2_GL2_H2_MA2,0.1172830760934006
UBFC_MMPD,none,42,subject15,subject15_L2_MO4_E2_S6_GE2_GL2_H2_MA2,0.0915473450978315
UBFC_MMPD,none,42,subject15,subject15_L3_MO1_E1_S6_GE2_GL2_H2_MA2,0.1398802841897372
UBFC_MMPD,none,42,subject15,subject15_L3_MO1_E2_S6_GE2_GL2_H2_MA2,0.1221551772048087
UBFC_MMPD,none,42,subject15,subject15_L3_MO2_E2_S6_GE2_GL2_H2_MA2,0.1474875788336426
UBFC_MMPD,none,42,subject15,subject15_L3_MO3_E2_S6_GE2_GL2_H2_MA2,0.1275477730614638
UBFC_MMPD,none,42,subject15,subject15_L3_MO4_E2_S6_GE2_GL2_H2_MA2,0.177385328878415
UBFC_MMPD,none,42,subject15,subject15_L4_MO1_E1_S6_GE2_GL2_H2_MA2,0.1941907204939943
UBFC_MMPD,none,42,subject15,subject15_L4_MO1_E2_S6_GE2_GL2_H2_MA2,0.125476143355777
UBFC_MMPD,none,42,subject15,subject15_L4_MO2_E2_S6_GE2_GL2_H2_MA2,0.1324653743211563
UBFC_MMPD,none,42,subject15,subject15_L4_MO3_E2_S6_GE2_GL2_H2_MA2,0.1300251356389592
UBFC_MMPD,none,42,subject15,subject15_L4_MO4_E2_S6_GE2_GL2_H2_MA2,0.1114208930602261
UBFC_MMPD,none,42,subject16,subject16_L1_MO1_E1_S6_GE1_GL2_H2_MA2,0.0843533672815508
UBFC_MMPD,none,42,subject16,subject16_L1_MO1_E2_S6_GE1_GL2_H2_MA2,0.1317186128271439
UBFC_MMPD,none,42,subject16,subject16_L1_MO2_E2_S6_GE1_GL2_H2_MA2,0.1279770657097583
UBFC_MMPD,none,42,subject16,subject16_L1_MO3_E2_S6_GE1_GL2_H2_MA2,0.0853727572907861
UBFC_MMPD,none,42,subject16,subject16_L1_MO4_E2_S6_GE1_GL2_H2_MA2,0.1175617520545022
UBFC_MMPD,none,42,subject16,subject16_L2_MO1_E1_S6_GE1_GL2_H2_MA2,0.1690340570663209
UBFC_MMPD,none,42,subject16,subject16_L2_MO1_E2_S6_GE1_GL2_H2_MA2,0.1184943082842476
UBFC_MMPD,none,42,subject16,subject16_L2_MO2_E2_S6_GE1_GL2_H2_MA2,0.1109801796979475
UBFC_MMPD,none,42,subject16,subject16_L2_MO3_E2_S6_GE1_GL2_H2_MA2,0.1020825127101869
UBFC_MMPD,none,42,subject16,subject16_L2_MO4_E2_S6_GE1_GL2_H2_MA2,0.1274886604717678
UBFC_MMPD,none,42,subject16,subject16_L3_MO1_E1_S6_GE1_GL2_H2_MA2,0.0962086043584439
UBFC_MMPD,none,42,subject16,subject16_L3_MO1_E2_S6_GE1_GL2_H2_MA2,0.1372466002601254
UBFC_MMPD,none,42,subject16,subject16_L3_MO2_E2_S6_GE1_GL2_H2_MA2,0.1299596761345097
UBFC_MMPD,none,42,subject16,subject16_L3_MO3_E2_S6_GE1_GL2_H2_MA2,0.1036889077759744
UBFC_MMPD,none,42,subject16,subject16_L3_MO4_E2_S6_GE1_GL2_H2_MA2,0.1202827083593526
UBFC_MMPD,none,42,subject16,subject16_L4_MO1_E1_S6_GE1_GL2_H2_MA2,0.0649542873857066
UBFC_MMPD,none,42,subject16,subject16_L4_MO1_E2_S6_GE1_GL2_H2_MA2,0.1566756830647293
UBFC_MMPD,none,42,subject16,subject16_L4_MO2_E2_S6_GE1_GL2_H2_MA2,0.0747777239926351
UBFC_MMPD,none,42,subject16,subject16_L4_MO3_E2_S6_GE1_GL2_H2_MA2,0.1601620419621282
UBFC_MMPD,none,42,subject16,subject16_L4_MO4_E2_S6_GE1_GL2_H2_MA2,0.0905252446267953
UBFC_MMPD,none,42,subject17,subject17_L1_MO1_E1_S4_GE1_GL2_H2_MA2,0.0814718435950884
UBFC_MMPD,none,42,subject17,subject17_L1_MO1_E2_S4_GE1_GL2_H2_MA2,0.1208634079437702
UBFC_MMPD,none,42,subject17,subject17_L1_MO2_E2_S4_GE1_GL2_H2_MA2,0.1123572545443598
UBFC_MMPD,none,42,subject17,subject17_L1_MO3_E2_S4_GE1_GL2_H2_MA2,0.1339678686880182
UBFC_MMPD,none,42,subject17,subject17_L1_MO4_E2_S4_GE1_GL2_H2_MA2,0.1309825538028808
UBFC_MMPD,none,42,subject17,subject17_L2_MO1_E1_S4_GE1_GL2_H2_MA2,0.0698850608767315
UBFC_MMPD,none,42,subject17,subject17_L2_MO1_E2_S4_GE1_GL2_H2_MA2,0.0870139325927252
UBFC_MMPD,none,42,subject17,subject17_L2_MO2_E2_S4_GE1_GL2_H2_MA2,0.1433586955124962
UBFC_MMPD,none,42,subject17,subject17_L2_MO3_E2_S4_GE1_GL2_H2_MA2,0.1407092137482552
UBFC_MMPD,none,42,subject17,subject17_L2_MO4_E2_S4_GE1_GL2_H2_MA2,0.1059420890855745
UBFC_MMPD,none,42,subject17,subject17_L3_MO1_E1_S4_GE1_GL2_H2_MA2,0.0719557675814845
UBFC_MMPD,none,42,subject17,subject17_L3_MO1_E2_S4_GE1_GL2_H2_MA2,0.1543879693458096
UBFC_MMPD,none,42,subject17,subject17_L3_MO2_E2_S4_GE1_GL2_H2_MA2,0.0732653171624339
UBFC_MMPD,none,42,subject17,subject17_L3_MO3_E2_S4_GE1_GL2_H2_MA2,0.1967752161057659
UBFC_MMPD,none,42,subject17,subject17_L3_MO4_E2_S4_GE1_GL2_H2_MA2,0.142635475910369
UBFC_MMPD,none,42,subject17,subject17_L4_MO1_E1_S4_GE1_GL2_H2_MA2,0.0702566998018328
UBFC_MMPD,none,42,subject17,subject17_L4_MO1_E2_S4_GE1_GL2_H2_MA2,0.1414972443725519
UBFC_MMPD,none,42,subject17,subject17_L4_MO2_E2_S4_GE1_GL2_H2_MA2,0.0869659089275732
UBFC_MMPD,none,42,subject17,subject17_L4_MO3_E2_S4_GE1_GL2_H2_MA2,0.1213017899703359
UBFC_MMPD,none,42,subject17,subject17_L4_MO4_E2_S4_GE1_GL2_H2_MA2,0.1191753743456112
UBFC_MMPD,none,42,subject18,subject18_L1_MO1_E1_S3_GE2_GL1_H1_MA2,0.2526113569803616
UBFC_MMPD,none,42,subject18,subject18_L1_MO1_E2_S3_GE2_GL1_H1_MA2,0.1703759453928651
UBFC_MMPD,none,42,subject18,subject18_L1_MO2_E2_S3_GE2_GL1_H1_MA2,0.1204782908764119
UBFC_MMPD,none,42,subject18,subject18_L1_MO3_E2_S3_GE2_GL1_H1_MA2,0.1900611970857368
UBFC_MMPD,none,42,subject18,subject18_L1_MO4_E2_S3_GE2_GL1_H1_MA2,0.136557441061598
UBFC_MMPD,none,42,subject18,subject18_L2_MO1_E1_S3_GE2_GL1_H1_MA2,0.2738783150584945
UBFC_MMPD,none,42,subject18,subject18_L2_MO1_E2_S3_GE2_GL1_H1_MA2,0.3486658261314513
UBFC_MMPD,none,42,subject18,subject18_L2_MO2_E2_S3_GE2_GL1_H1_MA2,0.0957383244200022
UBFC_MMPD,none,42,subject18,subject18_L2_MO3_E2_S3_GE2_GL1_H1_MA2,0.1750252965011368
UBFC_MMPD,none,42,subject18,subject18_L2_MO4_E2_S3_GE2_GL1_H1_MA2,0.1285245031562953
UBFC_MMPD,none,42,subject18,subject18_L3_MO1_E1_S3_GE2_GL1_H1_MA2,0.1660153467021934
UBFC_MMPD,none,42,subject18,subject18_L3_MO1_E2_S3_GE2_GL1_H1_MA2,0.3213104860020052
UBFC_MMPD,none,42,subject18,subject18_L3_MO2_E2_S3_GE2_GL1_H1_MA2,0.1392016894960784
UBFC_MMPD,none,42,subject18,subject18_L3_MO3_E2_S3_GE2_GL1_H1_MA2,0.2098234306979051
UBFC_MMPD,none,42,subject18,subject18_L3_MO4_E2_S3_GE2_GL1_H1_MA2,0.1346161036255807
UBFC_MMPD,none,42,subject18,subject18_L4_MO1_E1_S3_GE2_GL1_H1_MA2,0.1693100841823601
UBFC_MMPD,none,42,subject18,subject18_L4_MO1_E2_S3_GE2_GL1_H1_MA2,0.119013471711783
UBFC_MMPD,none,42,subject18,subject18_L4_MO2_E2_S3_GE2_GL1_H1_MA2,0.1167307263238186
UBFC_MMPD,none,42,subject18,subject18_L4_MO3_E2_S3_GE2_GL1_H1_MA2,0.1299709531016476
UBFC_MMPD,none,42,subject18,subject18_L4_MO4_E2_S3_GE2_GL1_H1_MA2,0.1493815774644399
UBFC_MMPD,none,42,subject19,subject19_L1_MO1_E1_S3_GE2_GL2_H1_MA2,0.3052305269269751
UBFC_MMPD,none,42,subject19,subject19_L1_MO1_E2_S3_GE2_GL2_H1_MA2,0.245849741417108
UBFC_MMPD,none,42,subject19,subject19_L1_MO2_E2_S3_GE2_GL2_H1_MA2,0.1110532805023479
UBFC_MMPD,none,42,subject19,subject19_L1_MO3_E2_S3_GE2_GL2_H1_MA2,0.2614116338843922
UBFC_MMPD,none,42,subject19,subject19_L1_MO4_E2_S3_GE2_GL2_H1_MA2,0.1205149804751772
UBFC_MMPD,none,42,subject19,subject19_L2_MO1_E1_S3_GE2_GL2_H1_MA2,0.2887479351940344
UBFC_MMPD,none,42,subject19,subject19_L2_MO1_E2_S3_GE2_GL2_H1_MA2,0.2878458786629315
UBFC_MMPD,none,42,subject19,subject19_L2_MO2_E2_S3_GE2_GL2_H1_MA2,0.0973789256595329
UBFC_MMPD,none,42,subject19,subject19_L2_MO3_E2_S3_GE2_GL2_H1_MA2,0.2962577810974884
UBFC_MMPD,none,42,subject19,subject19_L2_MO4_E2_S3_GE2_GL2_H1_MA2,0.1512006264137705
UBFC_MMPD,none,42,subject19,subject19_L3_MO1_E1_S3_GE2_GL2_H1_MA2,0.4346540902738569
UBFC_MMPD,none,42,subject19,subject19_L3_MO1_E2_S3_GE2_GL2_H1_MA2,0.4614434355244027
UBFC_MMPD,none,42,subject19,subject19_L3_MO2_E2_S3_GE2_GL2_H1_MA2,0.1076446119170431
UBFC_MMPD,none,42,subject19,subject19_L3_MO3_E2_S3_GE2_GL2_H1_MA2,0.1531890331373085
UBFC_MMPD,none,42,subject19,subject19_L3_MO4_E2_S3_GE2_GL2_H1_MA2,0.1500767728165906
UBFC_MMPD,none,42,subject19,subject19_L4_MO1_E1_S3_GE2_GL2_H1_MA2,0.478114436134477
UBFC_MMPD,none,42,subject19,subject19_L4_MO1_E2_S3_GE2_GL2_H1_MA2,0.2306675603729409
UBFC_MMPD,none,42,subject19,subject19_L4_MO2_E2_S3_GE2_GL2_H1_MA2,0.0998752068517821
UBFC_MMPD,none,42,subject19,subject19_L4_MO3_E2_S3_GE2_GL2_H1_MA2,0.1712420174335423
UBFC_MMPD,none,42,subject19,subject19_L4_MO4_E2_S3_GE2_GL2_H1_MA2,0.1452069281565216
UBFC_MMPD,none,42,subject1,subject1_L1_MO1_E1_S4_GE1_GL1_H2_MA2,0.1141217032356726
UBFC_MMPD,none,42,subject1,subject1_L1_MO1_E2_S4_GE1_GL1_H2_MA2,0.1129404954458717
UBFC_MMPD,none,42,subject1,subject1_L1_MO2_E2_S4_GE1_GL1_H2_MA2,0.1062431131739942
UBFC_MMPD,none,42,subject1,subject1_L1_MO3_E2_S4_GE1_GL1_H2_MA2,0.1047999291110744
UBFC_MMPD,none,42,subject1,subject1_L1_MO4_E2_S4_GE1_GL1_H2_MA2,0.0788187022841374
UBFC_MMPD,none,42,subject1,subject1_L2_MO1_E1_S4_GE1_GL1_H2_MA2,0.1172294017990305
UBFC_MMPD,none,42,subject1,subject1_L2_MO1_E2_S4_GE1_GL1_H2_MA2,0.176807004979956
UBFC_MMPD,none,42,subject1,subject1_L2_MO2_E2_S4_GE1_GL1_H2_MA2,0.0967632377893788
UBFC_MMPD,none,42,subject1,subject1_L2_MO3_E2_S4_GE1_GL1_H2_MA2,0.1229266613145823
UBFC_MMPD,none,42,subject1,subject1_L2_MO4_E2_S4_GE1_GL1_H2_MA2,0.0797129389574396
UBFC_MMPD,none,42,subject1,subject1_L3_MO1_E1_S4_GE1_GL1_H2_MA2,0.1671931613374707
UBFC_MMPD,none,42,subject1,subject1_L3_MO1_E2_S4_GE1_GL1_H2_MA2,0.1185484256094283
UBFC_MMPD,none,42,subject1,subject1_L3_MO2_E2_S4_GE1_GL1_H2_MA2,0.1091328129350337
UBFC_MMPD,none,42,subject1,subject1_L3_MO3_E2_S4_GE1_GL1_H2_MA2,0.1071789648629313
UBFC_MMPD,none,42,subject1,subject1_L3_MO4_E2_S4_GE1_GL1_H2_MA2,0.1038451638265933
UBFC_MMPD,none,42,subject1,subject1_L4_MO1_E1_S4_GE1_GL1_H2_MA2,0.115737301572201
UBFC_MMPD,none,42,subject1,subject1_L4_MO1_E2_S4_GE1_GL1_H2_MA2,0.1246284712251198
UBFC_MMPD,none,42,subject1,subject1_L4_MO2_E2_S4_GE1_GL1_H2_MA2,0.0715341372673215
UBFC_MMPD,none,42,subject1,subject1_L4_MO3_E2_S4_GE1_GL1_H2_MA2,0.1072993281912662
UBFC_MMPD,none,42,subject1,subject1_L4_MO4_E2_S4_GE1_GL1_H2_MA2,0.1264145742597091
UBFC_MMPD,none,42,subject20,subject20_L1_MO1_E1_S3_GE1_GL2_H2_MA2,0.2145191530349971
UBFC_MMPD,none,42,subject20,subject20_L1_MO1_E2_S3_GE1_GL2_H2_MA2,0.3703296145494639
UBFC_MMPD,none,42,subject20,subject20_L1_MO2_E2_S3_GE1_GL2_H2_MA2,0.0959528254145212
UBFC_MMPD,none,42,subject20,subject20_L1_MO3_E2_S3_GE1_GL2_H2_MA2,0.1636331494140392
UBFC_MMPD,none,42,subject20,subject20_L1_MO4_E2_S3_GE1_GL2_H2_MA2,0.1262349237015569
UBFC_MMPD,none,42,subject20,subject20_L2_MO1_E1_S3_GE1_GL2_H2_MA2,0.373518455498876
UBFC_MMPD,none,42,subject20,subject20_L2_MO1_E2_S3_GE1_GL2_H2_MA2,0.3905770153646751
UBFC_MMPD,none,42,subject20,subject20_L2_MO2_E2_S3_GE1_GL2_H2_MA2,0.1089452178688802
UBFC_MMPD,none,42,subject20,subject20_L2_MO3_E2_S3_GE1_GL2_H2_MA2,0.2521240626960403
UBFC_MMPD,none,42,subject20,subject20_L2_MO4_E2_S3_GE1_GL2_H2_MA2,0.1522087760103126
UBFC_MMPD,none,42,subject20,subject20_L3_MO1_E1_S3_GE1_GL2_H2_MA2,0.3083404168386732
UBFC_MMPD,none,42,subject20,subject20_L3_MO1_E2_S3_GE1_GL2_H2_MA2,0.3992911898564754
UBFC_MMPD,none,42,subject20,subject20_L3_MO2_E2_S3_GE1_GL2_H2_MA2,0.1654188317873105
UBFC_MMPD,none,42,subject20,subject20_L3_MO3_E2_S3_GE1_GL2_H2_MA2,0.2891005271977562
UBFC_MMPD,none,42,subject20,subject20_L3_MO4_E2_S3_GE1_GL2_H2_MA2,0.1525621277336222
UBFC_MMPD,none,42,subject20,subject20_L4_MO1_E1_S3_GE1_GL2_H2_MA2,0.0903050349285531
UBFC_MMPD,none,42,subject20,subject20_L4_MO1_E2_S3_GE1_GL2_H2_MA2,0.2597768338187314
UBFC_MMPD,none,42,subject20,subject20_L4_MO2_E2_S3_GE1_GL2_H2_MA2,0.1008946484020221
UBFC_MMPD,none,42,subject20,subject20_L4_MO3_E2_S3_GE1_GL2_H2_MA2,0.1725964794508228
UBFC_MMPD,none,42,subject20,subject20_L4_MO4_E2_S3_GE1_GL2_H2_MA2,0.1211384840813153
UBFC_MMPD,none,42,subject21,subject21_L1_MO1_E1_S3_GE2_GL1_H2_MA1,0.1628478929422333
UBFC_MMPD,none,42,subject21,subject21_L1_MO1_E2_S3_GE2_GL1_H2_MA1,0.3417385814326544
UBFC_MMPD,none,42,subject21,subject21_L1_MO2_E2_S3_GE2_GL1_H2_MA1,0.140904574172917
UBFC_MMPD,none,42,subject21,subject21_L1_MO3_E2_S3_GE2_GL1_H2_MA1,0.2288699419517596
UBFC_MMPD,none,42,subject21,subject21_L1_MO4_E2_S3_GE2_GL1_H2_MA1,0.1292668412219644
UBFC_MMPD,none,42,subject21,subject21_L2_MO1_E1_S3_GE2_GL1_H2_MA1,0.1896257991158259
UBFC_MMPD,none,42,subject21,subject21_L2_MO1_E2_S3_GE2_GL1_H2_MA1,0.2670767508392972
UBFC_MMPD,none,42,subject21,subject21_L2_MO2_E2_S3_GE2_GL1_H2_MA1,0.0991405961314575
UBFC_MMPD,none,42,subject21,subject21_L2_MO3_E2_S3_GE2_GL1_H2_MA1,0.1272288041827813
UBFC_MMPD,none,42,subject21,subject21_L2_MO4_E2_S3_GE2_GL1_H2_MA1,0.1276276897563566
UBFC_MMPD,none,42,subject21,subject21_L3_MO1_E1_S3_GE2_GL1_H2_MA1,0.3423002093287165
UBFC_MMPD,none,42,subject21,subject21_L3_MO1_E2_S3_GE2_GL1_H2_MA1,0.298079439863776
UBFC_MMPD,none,42,subject21,subject21_L3_MO2_E2_S3_GE2_GL1_H2_MA1,0.1420303705996972
UBFC_MMPD,none,42,subject21,subject21_L3_MO3_E2_S3_GE2_GL1_H2_MA1,0.2024822935526589
UBFC_MMPD,none,42,subject21,subject21_L3_MO4_E2_S3_GE2_GL1_H2_MA1,0.1410720133823975
UBFC_MMPD,none,42,subject21,subject21_L4_MO1_E1_S3_GE2_GL1_H2_MA1,0.0858464882157482
UBFC_MMPD,none,42,subject21,subject21_L4_MO1_E2_S3_GE2_GL1_H2_MA1,0.2014962131148061
UBFC_MMPD,none,42,subject21,subject21_L4_MO2_E2_S3_GE2_GL1_H2_MA1,0.1549147650833698
UBFC_MMPD,none,42,subject21,subject21_L4_MO3_E2_S3_GE2_GL1_H2_MA1,0.1417458288172446
UBFC_MMPD,none,42,subject21,subject21_L4_MO4_E2_S3_GE2_GL1_H2_MA1,0.139123157127509
UBFC_MMPD,none,42,subject22,subject22_L1_MO1_E1_S3_GE2_GL2_H2_MA2,0.1591472910064508
UBFC_MMPD,none,42,subject22,subject22_L1_MO1_E2_S3_GE2_GL2_H2_MA2,0.2444280424001837
UBFC_MMPD,none,42,subject22,subject22_L1_MO2_E2_S3_GE2_GL2_H2_MA2,0.0899583056136233
UBFC_MMPD,none,42,subject22,subject22_L1_MO3_E2_S3_GE2_GL2_H2_MA2,0.133479641397942
UBFC_MMPD,none,42,subject22,subject22_L1_MO4_E2_S3_GE2_GL2_H2_MA2,0.117281036076726
UBFC_MMPD,none,42,subject22,subject22_L2_MO1_E1_S3_GE2_GL2_H2_MA2,0.1631285218141429
UBFC_MMPD,none,42,subject22,subject22_L2_MO1_E2_S3_GE2_GL2_H2_MA2,0.2817972593181879
UBFC_MMPD,none,42,subject22,subject22_L2_MO2_E2_S3_GE2_GL2_H2_MA2,0.2498011933895867
UBFC_MMPD,none,42,subject22,subject22_L2_MO3_E2_S3_GE2_GL2_H2_MA2,0.1744893147754591
UBFC_MMPD,none,42,subject22,subject22_L2_MO4_E2_S3_GE2_GL2_H2_MA2,0.1233260127061625
UBFC_MMPD,none,42,subject22,subject22_L3_MO1_E1_S3_GE2_GL2_H2_MA2,0.2140807568727586
UBFC_MMPD,none,42,subject22,subject22_L3_MO1_E2_S3_GE2_GL2_H2_MA2,0.4531322251119758
UBFC_MMPD,none,42,subject22,subject22_L3_MO2_E2_S3_GE2_GL2_H2_MA2,0.2623351439267464
UBFC_MMPD,none,42,subject22,subject22_L3_MO3_E2_S3_GE2_GL2_H2_MA2,0.1891207382450921
UBFC_MMPD,none,42,subject22,subject22_L3_MO4_E2_S3_GE2_GL2_H2_MA2,0.1009413055146528
UBFC_MMPD,none,42,subject22,subject22_L4_MO1_E1_S3_GE2_GL2_H2_MA2,0.1748771755810642
UBFC_MMPD,none,42,subject22,subject22_L4_MO1_E2_S3_GE2_GL2_H2_MA2,0.2031308052425447
UBFC_MMPD,none,42,subject22,subject22_L4_MO2_E2_S3_GE2_GL2_H2_MA2,0.1168930872450366
UBFC_MMPD,none,42,subject22,subject22_L4_MO3_E2_S3_GE2_GL2_H2_MA2,0.2491973445481682
UBFC_MMPD,none,42,subject22,subject22_L4_MO4_E2_S3_GE2_GL2_H2_MA2,0.1182209187132985
UBFC_MMPD,none,42,subject23,subject23_L1_MO1_E1_S5_GE2_GL2_H2_MA2,0.167663745947431
UBFC_MMPD,none,42,subject23,subject23_L1_MO1_E2_S5_GE2_GL2_H2_MA2,0.2152626989363916
UBFC_MMPD,none,42,subject23,subject23_L1_MO2_E2_S5_GE2_GL2_H2_MA2,0.0778727407060583
UBFC_MMPD,none,42,subject23,subject23_L1_MO3_E2_S5_GE2_GL2_H2_MA2,0.1187955343549851
UBFC_MMPD,none,42,subject23,subject23_L1_MO4_E2_S5_GE2_GL2_H2_MA2,0.1033129291496956
UBFC_MMPD,none,42,subject23,subject23_L2_MO1_E1_S5_GE2_GL2_H2_MA2,0.105164241115976
UBFC_MMPD,none,42,subject23,subject23_L2_MO1_E2_S5_GE2_GL2_H2_MA2,0.1859440791310438
UBFC_MMPD,none,42,subject23,subject23_L2_MO2_E2_S5_GE2_GL2_H2_MA2,0.084086831914416
UBFC_MMPD,none,42,subject23,subject23_L2_MO3_E2_S5_GE2_GL2_H2_MA2,0.2408420488988562
UBFC_MMPD,none,42,subject23,subject23_L2_MO4_E2_S5_GE2_GL2_H2_MA2,0.1187389028253633
UBFC_MMPD,none,42,subject23,subject23_L3_MO1_E1_S5_GE2_GL2_H2_MA2,0.2209138568478851
UBFC_MMPD,none,42,subject23,subject23_L3_MO1_E2_S5_GE2_GL2_H2_MA2,0.3589029855075332
UBFC_MMPD,none,42,subject23,subject23_L3_MO2_E2_S5_GE2_GL2_H2_MA2,0.1069759209064484
UBFC_MMPD,none,42,subject23,subject23_L3_MO3_E2_S5_GE2_GL2_H2_MA2,0.2641911658779148
UBFC_MMPD,none,42,subject23,subject23_L3_MO4_E2_S5_GE2_GL2_H2_MA2,0.0874177931215736
UBFC_MMPD,none,42,subject23,subject23_L4_MO1_E1_S5_GE2_GL2_H2_MA2,0.1748578832217914
UBFC_MMPD,none,42,subject23,subject23_L4_MO1_E2_S5_GE2_GL2_H2_MA2,0.1043025956967503
UBFC_MMPD,none,42,subject23,subject23_L4_MO2_E2_S5_GE2_GL2_H2_MA2,0.0859890513498447
UBFC_MMPD,none,42,subject23,subject23_L4_MO3_E2_S5_GE2_GL2_H2_MA2,0.1333495508158172
UBFC_MMPD,none,42,subject23,subject23_L4_MO4_E2_S5_GE2_GL2_H2_MA2,0.2455959796149497
UBFC_MMPD,none,42,subject24,subject24_L1_MO1_E1_S3_GE2_GL2_H2_MA1,0.4968055631053715
UBFC_MMPD,none,42,subject24,subject24_L1_MO1_E2_S3_GE2_GL2_H2_MA1,0.3015021495254604
UBFC_MMPD,none,42,subject24,subject24_L1_MO2_E2_S3_GE2_GL2_H2_MA1,0.1576777434340981
UBFC_MMPD,none,42,subject24,subject24_L1_MO3_E2_S3_GE2_GL2_H2_MA1,0.3885015827128922
UBFC_MMPD,none,42,subject24,subject24_L1_MO4_E2_S3_GE2_GL2_H2_MA1,0.1361149565663833
UBFC_MMPD,none,42,subject24,subject24_L2_MO1_E1_S3_GE2_GL2_H2_MA1,0.5301141313657426
UBFC_MMPD,none,42,subject24,subject24_L2_MO1_E2_S3_GE2_GL2_H2_MA1,0.4198990574671111
UBFC_MMPD,none,42,subject24,subject24_L2_MO2_E2_S3_GE2_GL2_H2_MA1,0.0937395959400183
UBFC_MMPD,none,42,subject24,subject24_L2_MO3_E2_S3_GE2_GL2_H2_MA1,0.2405626921162652
UBFC_MMPD,none,42,subject24,subject24_L2_MO4_E2_S3_GE2_GL2_H2_MA1,0.091290276885402
UBFC_MMPD,none,42,subject24,subject24_L3_MO1_E1_S3_GE2_GL2_H2_MA1,0.3605382037830286
UBFC_MMPD,none,42,subject24,subject24_L3_MO1_E2_S3_GE2_GL2_H2_MA1,0.3732094869310501
UBFC_MMPD,none,42,subject24,subject24_L3_MO2_E2_S3_GE2_GL2_H2_MA1,0.1341509983441014
UBFC_MMPD,none,42,subject24,subject24_L3_MO3_E2_S3_GE2_GL2_H2_MA1,0.295701870792148
UBFC_MMPD,none,42,subject24,subject24_L3_MO4_E2_S3_GE2_GL2_H2_MA1,0.1295044698181705
UBFC_MMPD,none,42,subject24,subject24_L4_MO1_E1_S3_GE2_GL2_H2_MA1,0.2828395032903673
UBFC_MMPD,none,42,subject24,subject24_L4_MO1_E2_S3_GE2_GL2_H2_MA1,0.140549843188383
UBFC_MMPD,none,42,subject24,subject24_L4_MO2_E2_S3_GE2_GL2_H2_MA1,0.1078698921650419
UBFC_MMPD,none,42,subject24,subject24_L4_MO3_E2_S3_GE2_GL2_H2_MA1,0.3762870558807094
UBFC_MMPD,none,42,subject24,subject24_L4_MO4_E2_S3_GE2_GL2_H2_MA1,0.1168549555184906
UBFC_MMPD,none,42,subject25,subject25_L1_MO1_E1_S3_GE2_GL2_H1_MA2,0.2244072248462567
UBFC_MMPD,none,42,subject25,subject25_L1_MO1_E2_S3_GE2_GL2_H1_MA2,0.3743291999362416
UBFC_MMPD,none,42,subject25,subject25_L1_MO2_E2_S3_GE2_GL2_H1_MA2,0.140309296245931
UBFC_MMPD,none,42,subject25,subject25_L1_MO3_E2_S3_GE2_GL2_H1_MA2,0.2391511180253415
UBFC_MMPD,none,42,subject25,subject25_L1_MO4_E2_S3_GE2_GL2_H1_MA2,0.1008296738630832
UBFC_MMPD,none,42,subject25,subject25_L2_MO1_E1_S3_GE2_GL2_H1_MA2,0.2105709662322849
UBFC_MMPD,none,42,subject25,subject25_L2_MO1_E2_S3_GE2_GL2_H1_MA2,0.266552810918714
UBFC_MMPD,none,42,subject25,subject25_L2_MO2_E2_S3_GE2_GL2_H1_MA2,0.1104436370016374
UBFC_MMPD,none,42,subject25,subject25_L2_MO3_E2_S3_GE2_GL2_H1_MA2,0.2945200692200561
UBFC_MMPD,none,42,subject25,subject25_L2_MO4_E2_S3_GE2_GL2_H1_MA2,0.0922402051897859
UBFC_MMPD,none,42,subject25,subject25_L3_MO1_E1_S3_GE2_GL2_H1_MA2,0.3275113963826561
UBFC_MMPD,none,42,subject25,subject25_L3_MO1_E2_S3_GE2_GL2_H1_MA2,0.442544417495893
UBFC_MMPD,none,42,subject25,subject25_L3_MO2_E2_S3_GE2_GL2_H1_MA2,0.0907052602862942
UBFC_MMPD,none,42,subject25,subject25_L3_MO3_E2_S3_GE2_GL2_H1_MA2,0.2932048917246757
UBFC_MMPD,none,42,subject25,subject25_L3_MO4_E2_S3_GE2_GL2_H1_MA2,0.1054147030553764
UBFC_MMPD,none,42,subject25,subject25_L4_MO1_E1_S3_GE2_GL2_H1_MA2,0.332265076407294
UBFC_MMPD,none,42,subject25,subject25_L4_MO1_E2_S3_GE2_GL2_H1_MA2,0.2622703043173601
UBFC_MMPD,none,42,subject25,subject25_L4_MO2_E2_S3_GE2_GL2_H1_MA2,0.1115601460593248
UBFC_MMPD,none,42,subject25,subject25_L4_MO3_E2_S3_GE2_GL2_H1_MA2,0.1554565294944465
UBFC_MMPD,none,42,subject25,subject25_L4_MO4_E2_S3_GE2_GL2_H1_MA2,0.1270414038151461
UBFC_MMPD,none,42,subject26,subject26_L1_MO1_E1_S6_GE1_GL2_H2_MA2,0.2047672018536619
UBFC_MMPD,none,42,subject26,subject26_L1_MO1_E2_S6_GE1_GL2_H2_MA2,0.1348599234409236
UBFC_MMPD,none,42,subject26,subject26_L1_MO2_E2_S6_GE1_GL2_H2_MA2,0.1414216612957651
UBFC_MMPD,none,42,subject26,subject26_L1_MO3_E2_S6_GE1_GL2_H2_MA2,0.1257966010631707
UBFC_MMPD,none,42,subject26,subject26_L1_MO4_E2_S6_GE1_GL2_H2_MA2,0.1552395744185073
UBFC_MMPD,none,42,subject26,subject26_L2_MO1_E1_S6_GE1_GL2_H2_MA2,0.1873777657197732
UBFC_MMPD,none,42,subject26,subject26_L2_MO1_E2_S6_GE1_GL2_H2_MA2,0.1658699282892929
UBFC_MMPD,none,42,subject26,subject26_L2_MO2_E2_S6_GE1_GL2_H2_MA2,0.2128676011750456
UBFC_MMPD,none,42,subject26,subject26_L2_MO3_E2_S6_GE1_GL2_H2_MA2,0.1471835125879302
UBFC_MMPD,none,42,subject26,subject26_L2_MO4_E2_S6_GE1_GL2_H2_MA2,0.1441086869884565
UBFC_MMPD,none,42,subject26,subject26_L3_MO1_E1_S6_GE1_GL2_H2_MA2,0.1678843989587075
UBFC_MMPD,none,42,subject26,subject26_L3_MO1_E2_S6_GE1_GL2_H2_MA2,0.21262971746995
UBFC_MMPD,none,42,subject26,subject26_L3_MO2_E2_S6_GE1_GL2_H2_MA2,0.1497364041304931
UBFC_MMPD,none,42,subject26,subject26_L3_MO3_E2_S6_GE1_GL2_H2_MA2,0.1900622685758548
UBFC_MMPD,none,42,subject26,subject26_L3_MO4_E2_S6_GE1_GL2_H2_MA2,0.0981449240676139
UBFC_MMPD,none,42,subject26,subject26_L4_MO1_E1_S6_GE1_GL2_H2_MA2,0.1204599604053009
UBFC_MMPD,none,42,subject26,subject26_L4_MO1_E2_S6_GE1_GL2_H2_MA2,0.1434006197228286
UBFC_MMPD,none,42,subject26,subject26_L4_MO2_E2_S6_GE1_GL2_H2_MA2,0.1346913977251956
UBFC_MMPD,none,42,subject26,subject26_L4_MO3_E2_S6_GE1_GL2_H2_MA2,0.122000266583412
UBFC_MMPD,none,42,subject26,subject26_L4_MO4_E2_S6_GE1_GL2_H2_MA2,0.1407114417315843
UBFC_MMPD,none,42,subject27,subject27_L1_MO1_E1_S3_GE2_GL2_H2_MA1,0.5355191188594541
UBFC_MMPD,none,42,subject27,subject27_L1_MO1_E2_S3_GE2_GL2_H2_MA1,0.2547748449162169
UBFC_MMPD,none,42,subject27,subject27_L1_MO2_E2_S3_GE2_GL2_H2_MA1,0.1394337306367478
UBFC_MMPD,none,42,subject27,subject27_L1_MO3_E2_S3_GE2_GL2_H2_MA1,0.3342999051446208
UBFC_MMPD,none,42,subject27,subject27_L1_MO4_E2_S3_GE2_GL2_H2_MA1,0.1222750090864413
UBFC_MMPD,none,42,subject27,subject27_L2_MO1_E1_S3_GE2_GL2_H2_MA1,0.3177404585481317
UBFC_MMPD,none,42,subject27,subject27_L2_MO1_E2_S3_GE2_GL2_H2_MA1,0.2174770409474
UBFC_MMPD,none,42,subject27,subject27_L2_MO2_E2_S3_GE2_GL2_H2_MA1,0.138991219651814
UBFC_MMPD,none,42,subject27,subject27_L2_MO3_E2_S3_GE2_GL2_H2_MA1,0.1915778423441605
UBFC_MMPD,none,42,subject27,subject27_L2_MO4_E2_S3_GE2_GL2_H2_MA1,0.1261354925716483
UBFC_MMPD,none,42,subject27,subject27_L3_MO1_E1_S3_GE2_GL2_H2_MA1,0.4989619050573236
UBFC_MMPD,none,42,subject27,subject27_L3_MO1_E2_S3_GE2_GL2_H2_MA1,0.3138187517665611
UBFC_MMPD,none,42,subject27,subject27_L3_MO2_E2_S3_GE2_GL2_H2_MA1,0.1651801326098717
UBFC_MMPD,none,42,subject27,subject27_L3_MO3_E2_S3_GE2_GL2_H2_MA1,0.373994988306664
UBFC_MMPD,none,42,subject27,subject27_L3_MO4_E2_S3_GE2_GL2_H2_MA1,0.1297823500279412
UBFC_MMPD,none,42,subject27,subject27_L4_MO1_E1_S3_GE2_GL2_H2_MA1,0.4898794070873473
UBFC_MMPD,none,42,subject27,subject27_L4_MO1_E2_S3_GE2_GL2_H2_MA1,0.2866484140573071
UBFC_MMPD,none,42,subject27,subject27_L4_MO2_E2_S3_GE2_GL2_H2_MA1,0.1560180093172468
UBFC_MMPD,none,42,subject27,subject27_L4_MO3_E2_S3_GE2_GL2_H2_MA1,0.1838554257882344
UBFC_MMPD,none,42,subject27,subject27_L4_MO4_E2_S3_GE2_GL2_H2_MA1,0.1204181940362805
UBFC_MMPD,none,42,subject28,subject28_L1_MO1_E1_S5_GE2_GL2_H2_MA2,0.2261459563493733
UBFC_MMPD,none,42,subject28,subject28_L1_MO1_E2_S5_GE2_GL2_H2_MA2,0.1437178075413483
UBFC_MMPD,none,42,subject28,subject28_L1_MO2_E2_S5_GE2_GL2_H2_MA2,0.094562454971326
UBFC_MMPD,none,42,subject28,subject28_L1_MO3_E2_S5_GE2_GL2_H2_MA2,0.1321737998047427
UBFC_MMPD,none,42,subject28,subject28_L1_MO4_E2_S5_GE2_GL2_H2_MA2,0.1632271476259114
UBFC_MMPD,none,42,subject28,subject28_L2_MO1_E1_S5_GE2_GL2_H2_MA2,0.1813015251117263
UBFC_MMPD,none,42,subject28,subject28_L2_MO1_E2_S5_GE2_GL2_H2_MA2,0.2139769250162603
UBFC_MMPD,none,42,subject28,subject28_L2_MO2_E2_S5_GE2_GL2_H2_MA2,0.0945127205604507
UBFC_MMPD,none,42,subject28,subject28_L2_MO3_E2_S5_GE2_GL2_H2_MA2,0.1067822420560056
UBFC_MMPD,none,42,subject28,subject28_L2_MO4_E2_S5_GE2_GL2_H2_MA2,0.128932471099757
UBFC_MMPD,none,42,subject28,subject28_L3_MO1_E1_S5_GE2_GL2_H2_MA2,0.2265813951915815
UBFC_MMPD,none,42,subject28,subject28_L3_MO1_E2_S5_GE2_GL2_H2_MA2,0.1348606414163679
UBFC_MMPD,none,42,subject28,subject28_L3_MO2_E2_S5_GE2_GL2_H2_MA2,0.1060693885608921
UBFC_MMPD,none,42,subject28,subject28_L3_MO3_E2_S5_GE2_GL2_H2_MA2,0.1294015393887708
UBFC_MMPD,none,42,subject28,subject28_L3_MO4_E2_S5_GE2_GL2_H2_MA2,0.1124249521279663
UBFC_MMPD,none,42,subject28,subject28_L4_MO1_E1_S5_GE2_GL2_H2_MA2,0.1153542139100934
UBFC_MMPD,none,42,subject28,subject28_L4_MO1_E2_S5_GE2_GL2_H2_MA2,0.1045861984264198
UBFC_MMPD,none,42,subject28,subject28_L4_MO2_E2_S5_GE2_GL2_H2_MA2,0.0929092522038067
UBFC_MMPD,none,42,subject28,subject28_L4_MO3_E2_S5_GE2_GL2_H2_MA2,0.1248857462310214
UBFC_MMPD,none,42,subject28,subject28_L4_MO4_E2_S5_GE2_GL2_H2_MA2,0.1347350614613609
UBFC_MMPD,none,42,subject29,subject29_L1_MO1_E1_S3_GE2_GL1_H1_MA2,0.1372993037970293
UBFC_MMPD,none,42,subject29,subject29_L1_MO1_E2_S3_GE2_GL1_H1_MA2,0.2723911401419355
UBFC_MMPD,none,42,subject29,subject29_L1_MO2_E2_S3_GE2_GL1_H1_MA2,0.278180239436783
UBFC_MMPD,none,42,subject29,subject29_L1_MO3_E2_S3_GE2_GL1_H1_MA2,0.2771256346052321
UBFC_MMPD,none,42,subject29,subject29_L1_MO4_E2_S3_GE2_GL1_H1_MA2,0.1086541776969899
UBFC_MMPD,none,42,subject29,subject29_L2_MO1_E1_S3_GE2_GL1_H1_MA2,0.2075152821391825
UBFC_MMPD,none,42,subject29,subject29_L2_MO1_E2_S3_GE2_GL1_H1_MA2,0.3028297800309744
UBFC_MMPD,none,42,subject29,subject29_L2_MO2_E2_S3_GE2_GL1_H1_MA2,0.2103272337870244
UBFC_MMPD,none,42,subject29,subject29_L2_MO3_E2_S3_GE2_GL1_H1_MA2,0.2075133087459557
UBFC_MMPD,none,42,subject29,subject29_L2_MO4_E2_S3_GE2_GL1_H1_MA2,0.1459614952118338
UBFC_MMPD,none,42,subject29,subject29_L3_MO1_E1_S3_GE2_GL1_H1_MA2,0.2239056834980451
UBFC_MMPD,none,42,subject29,subject29_L3_MO1_E2_S3_GE2_GL1_H1_MA2,0.5520393363729981
UBFC_MMPD,none,42,subject29,subject29_L3_MO2_E2_S3_GE2_GL1_H1_MA2,0.3943879388358132
UBFC_MMPD,none,42,subject29,subject29_L3_MO3_E2_S3_GE2_GL1_H1_MA2,0.2761662001224352
UBFC_MMPD,none,42,subject29,subject29_L3_MO4_E2_S3_GE2_GL1_H1_MA2,0.1399485363871529
UBFC_MMPD,none,42,subject29,subject29_L4_MO1_E1_S3_GE2_GL1_H1_MA2,0.2858497450659665
UBFC_MMPD,none,42,subject29,subject29_L4_MO1_E2_S3_GE2_GL1_H1_MA2,0.3587736999333824
UBFC_MMPD,none,42,subject29,subject29_L4_MO2_E2_S3_GE2_GL1_H1_MA2,0.1911325088659158
UBFC_MMPD,none,42,subject29,subject29_L4_MO3_E2_S3_GE2_GL1_H1_MA2,0.2089024383522969
UBFC_MMPD,none,42,subject29,subject29_L4_MO4_E2_S3_GE2_GL1_H1_MA2,0.2049839985160106
UBFC_MMPD,none,42,subject2,subject2_L1_MO1_E1_S4_GE1_GL1_H1_MA2,0.1704044830562096
UBFC_MMPD,none,42,subject2,subject2_L1_MO1_E2_S4_GE1_GL1_H1_MA2,0.4097009868353796
UBFC_MMPD,none,42,subject2,subject2_L1_MO2_E2_S4_GE1_GL1_H1_MA2,0.1629721991741325
UBFC_MMPD,none,42,subject2,subject2_L1_MO3_E2_S4_GE1_GL1_H1_MA2,0.2460345552283102
UBFC_MMPD,none,42,subject2,subject2_L1_MO4_E2_S4_GE1_GL1_H1_MA2,0.1187723939268026
UBFC_MMPD,none,42,subject2,subject2_L2_MO1_E1_S4_GE1_GL1_H1_MA2,0.1705350359827816
UBFC_MMPD,none,42,subject2,subject2_L2_MO1_E2_S4_GE1_GL1_H1_MA2,0.357503707018518
UBFC_MMPD,none,42,subject2,subject2_L2_MO2_E2_S4_GE1_GL1_H1_MA2,0.1167611930113645
UBFC_MMPD,none,42,subject2,subject2_L2_MO3_E2_S4_GE1_GL1_H1_MA2,0.2330067792108505
UBFC_MMPD,none,42,subject2,subject2_L2_MO4_E2_S4_GE1_GL1_H1_MA2,0.1082430961556673
UBFC_MMPD,none,42,subject2,subject2_L3_MO1_E1_S4_GE1_GL1_H1_MA2,0.3050580985292622
UBFC_MMPD,none,42,subject2,subject2_L3_MO1_E2_S4_GE1_GL1_H1_MA2,0.4792739316318101
UBFC_MMPD,none,42,subject2,subject2_L3_MO2_E2_S4_GE1_GL1_H1_MA2,0.1310691862574334
UBFC_MMPD,none,42,subject2,subject2_L3_MO3_E2_S4_GE1_GL1_H1_MA2,0.1701463817428305
UBFC_MMPD,none,42,subject2,subject2_L3_MO4_E2_S4_GE1_GL1_H1_MA2,0.1364433308751831
UBFC_MMPD,none,42,subject2,subject2_L4_MO1_E1_S4_GE1_GL1_H1_MA2,0.1490704938422864
UBFC_MMPD,none,42,subject2,subject2_L4_MO1_E2_S4_GE1_GL1_H1_MA2,0.4753337557912351
UBFC_MMPD,none,42,subject2,subject2_L4_MO2_E2_S4_GE1_GL1_H1_MA2,0.0763654792163041
UBFC_MMPD,none,42,subject2,subject2_L4_MO3_E2_S4_GE1_GL1_H1_MA2,0.2084637737432379
UBFC_MMPD,none,42,subject2,subject2_L4_MO4_E2_S4_GE1_GL1_H1_MA2,0.1025118962600812
UBFC_MMPD,none,42,subject30,subject30_L1_MO1_E1_S6_GE1_GL2_H2_MA2,0.1266592594736831
UBFC_MMPD,none,42,subject30,subject30_L1_MO1_E2_S6_GE1_GL2_H2_MA2,0.1165417846390069
UBFC_MMPD,none,42,subject30,subject30_L1_MO2_E2_S6_GE1_GL2_H2_MA2,0.0459215051622458
UBFC_MMPD,none,42,subject30,subject30_L1_MO3_E2_S6_GE1_GL2_H2_MA2,0.1057816934019515
UBFC_MMPD,none,42,subject30,subject30_L1_MO4_E2_S6_GE1_GL2_H2_MA2,0.1773754142803963
UBFC_MMPD,none,42,subject30,subject30_L2_MO1_E1_S6_GE1_GL2_H2_MA2,0.1222351615061129
UBFC_MMPD,none,42,subject30,subject30_L2_MO1_E2_S6_GE1_GL2_H2_MA2,0.111485200871491
UBFC_MMPD,none,42,subject30,subject30_L2_MO2_E2_S6_GE1_GL2_H2_MA2,0.1166250773246186
UBFC_MMPD,none,42,subject30,subject30_L2_MO3_E2_S6_GE1_GL2_H2_MA2,0.1768707562272154
UBFC_MMPD,none,42,subject30,subject30_L2_MO4_E2_S6_GE1_GL2_H2_MA2,0.1324943404760632
UBFC_MMPD,none,42,subject30,subject30_L3_MO1_E1_S6_GE1_GL2_H2_MA2,0.1636453740186995
UBFC_MMPD,none,42,subject30,subject30_L3_MO1_E2_S6_GE1_GL2_H2_MA2,0.2056115602542754
UBFC_MMPD,none,42,subject30,subject30_L3_MO2_E2_S6_GE1_GL2_H2_MA2,0.0993461577855215
UBFC_MMPD,none,42,subject30,subject30_L3_MO3_E2_S6_GE1_GL2_H2_MA2,0.3597763136366588
UBFC_MMPD,none,42,subject30,subject30_L3_MO4_E2_S6_GE1_GL2_H2_MA2,0.1602870699553432
UBFC_MMPD,none,42,subject30,subject30_L4_MO1_E1_S6_GE1_GL2_H2_MA2,0.1730101209655457
UBFC_MMPD,none,42,subject30,subject30_L4_MO1_E2_S6_GE1_GL2_H2_MA2,0.1287039047024408
UBFC_MMPD,none,42,subject30,subject30_L4_MO2_E2_S6_GE1_GL2_H2_MA2,0.0898946483218385
UBFC_MMPD,none,42,subject30,subject30_L4_MO3_E2_S6_GE1_GL2_H2_MA2,0.1836628017271873
UBFC_MMPD,none,42,subject30,subject30_L4_MO4_E2_S6_GE1_GL2_H2_MA2,0.158447690307827
UBFC_MMPD,none,42,subject31,subject31_L1_MO1_E1_S5_GE1_GL2_H2_MA2,0.0756883367270978
UBFC_MMPD,none,42,subject31,subject31_L1_MO1_E2_S5_GE1_GL2_H2_MA2,0.1930282892954284
UBFC_MMPD,none,42,subject31,subject31_L1_MO2_E2_S5_GE1_GL2_H2_MA2,0.0900324089512881
UBFC_MMPD,none,42,subject31,subject31_L1_MO3_E2_S5_GE1_GL2_H2_MA2,0.1159694065693713
UBFC_MMPD,none,42,subject31,subject31_L1_MO4_E2_S5_GE1_GL2_H2_MA2,0.1678399715446346
UBFC_MMPD,none,42,subject31,subject31_L2_MO1_E1_S5_GE1_GL2_H2_MA2,0.160464870210495
UBFC_MMPD,none,42,subject31,subject31_L2_MO1_E2_S5_GE1_GL2_H2_MA2,0.1300628173066536
UBFC_MMPD,none,42,subject31,subject31_L2_MO2_E2_S5_GE1_GL2_H2_MA2,0.1188945426327869
UBFC_MMPD,none,42,subject31,subject31_L2_MO3_E2_S5_GE1_GL2_H2_MA2,0.2025604042108878
UBFC_MMPD,none,42,subject31,subject31_L2_MO4_E2_S5_GE1_GL2_H2_MA2,0.1953581067294101
UBFC_MMPD,none,42,subject31,subject31_L3_MO1_E1_S5_GE1_GL2_H2_MA2,0.2085245818850932
UBFC_MMPD,none,42,subject31,subject31_L3_MO1_E2_S5_GE1_GL2_H2_MA2,0.1949574394542473
UBFC_MMPD,none,42,subject31,subject31_L3_MO2_E2_S5_GE1_GL2_H2_MA2,0.1077601571965084
UBFC_MMPD,none,42,subject31,subject31_L3_MO3_E2_S5_GE1_GL2_H2_MA2,0.1107053595281161
UBFC_MMPD,none,42,subject31,subject31_L3_MO4_E2_S5_GE1_GL2_H2_MA2,0.1841941021148914
UBFC_MMPD,none,42,subject31,subject31_L4_MO1_E1_S5_GE1_GL2_H2_MA2,0.1051475210187085
UBFC_MMPD,none,42,subject31,subject31_L4_MO1_E2_S5_GE1_GL2_H2_MA2,0.1213559056687492
UBFC_MMPD,none,42,subject31,subject31_L4_MO2_E2_S5_GE1_GL2_H2_MA2,0.069575368003739
UBFC_MMPD,none,42,subject31,subject31_L4_MO3_E2_S5_GE1_GL2_H2_MA2,0.1454241923198943
UBFC_MMPD,none,42,subject31,subject31_L4_MO4_E2_S5_GE1_GL2_H2_MA2,0.1908728684721144
UBFC_MMPD,none,42,subject32,subject32_L1_MO1_E1_S3_GE2_GL2_H2_MA2,0.6075639683322436
UBFC_MMPD,none,42,subject32,subject32_L1_MO1_E2_S3_GE2_GL2_H2_MA2,0.5445038368895225
UBFC_MMPD,none,42,subject32,subject32_L1_MO2_E2_S3_GE2_GL2_H2_MA2,0.3267412026263027
UBFC_MMPD,none,42,subject32,subject32_L1_MO3_E2_S3_GE2_GL2_H2_MA2,0.4811430483966299
UBFC_MMPD,none,42,subject32,subject32_L1_MO4_E2_S3_GE2_GL2_H2_MA2,0.1366337554270175
UBFC_MMPD,none,42,subject32,subject32_L2_MO1_E1_S3_GE2_GL2_H2_MA2,0.6480632659250319
UBFC_MMPD,none,42,subject32,subject32_L2_MO1_E2_S3_GE2_GL2_H2_MA2,0.5734777497211334
UBFC_MMPD,none,42,subject32,subject32_L2_MO2_E2_S3_GE2_GL2_H2_MA2,0.3706030830917814
UBFC_MMPD,none,42,subject32,subject32_L2_MO3_E2_S3_GE2_GL2_H2_MA2,0.3235052878028536
UBFC_MMPD,none,42,subject32,subject32_L2_MO4_E2_S3_GE2_GL2_H2_MA2,0.1239275459758342
UBFC_MMPD,none,42,subject32,subject32_L3_MO1_E1_S3_GE2_GL2_H2_MA2,0.6239723956073272
UBFC_MMPD,none,42,subject32,subject32_L3_MO1_E2_S3_GE2_GL2_H2_MA2,0.6080219727749464
UBFC_MMPD,none,42,subject32,subject32_L3_MO2_E2_S3_GE2_GL2_H2_MA2,0.564011914180851
UBFC_MMPD,none,42,subject32,subject32_L3_MO3_E2_S3_GE2_GL2_H2_MA2,0.3666939088596939
UBFC_MMPD,none,42,subject32,subject32_L3_MO4_E2_S3_GE2_GL2_H2_MA2,0.1086188570675992
UBFC_MMPD,none,42,subject32,subject32_L4_MO1_E1_S3_GE2_GL2_H2_MA2,0.6369069237997079
UBFC_MMPD,none,42,subject32,subject32_L4_MO1_E2_S3_GE2_GL2_H2_MA2,0.3817612081115508
UBFC_MMPD,none,42,subject32,subject32_L4_MO2_E2_S3_GE2_GL2_H2_MA2,0.1766089553171332
UBFC_MMPD,none,42,subject32,subject32_L4_MO3_E2_S3_GE2_GL2_H2_MA2,0.2953510648436651
UBFC_MMPD,none,42,subject32,subject32_L4_MO4_E2_S3_GE2_GL2_H2_MA2,0.209450089819517
UBFC_MMPD,none,42,subject33,subject33_L1_MO1_E1_S3_GE2_GL2_H2_MA2,0.1299014640668625
UBFC_MMPD,none,42,subject33,subject33_L1_MO1_E2_S3_GE2_GL2_H2_MA2,0.3295829708323186
UBFC_MMPD,none,42,subject33,subject33_L1_MO2_E2_S3_GE2_GL2_H2_MA2,0.1198849690583748
UBFC_MMPD,none,42,subject33,subject33_L1_MO3_E2_S3_GE2_GL2_H2_MA2,0.4051969523770325
UBFC_MMPD,none,42,subject33,subject33_L1_MO4_E2_S3_GE2_GL2_H2_MA2,0.1222542221756813
UBFC_MMPD,none,42,subject33,subject33_L2_MO1_E1_S3_GE2_GL2_H2_MA2,0.2253670539203639
UBFC_MMPD,none,42,subject33,subject33_L2_MO1_E2_S3_GE2_GL2_H2_MA2,0.2460039143813512
UBFC_MMPD,none,42,subject33,subject33_L2_MO2_E2_S3_GE2_GL2_H2_MA2,0.1938715346476522
UBFC_MMPD,none,42,subject33,subject33_L2_MO3_E2_S3_GE2_GL2_H2_MA2,0.3870874226970623
UBFC_MMPD,none,42,subject33,subject33_L2_MO4_E2_S3_GE2_GL2_H2_MA2,0.1016228175967801
UBFC_MMPD,none,42,subject33,subject33_L3_MO1_E1_S3_GE2_GL2_H2_MA2,0.1696416110396954
UBFC_MMPD,none,42,subject33,subject33_L3_MO1_E2_S3_GE2_GL2_H2_MA2,0.3583256868797936
UBFC_MMPD,none,42,subject33,subject33_L3_MO2_E2_S3_GE2_GL2_H2_MA2,0.2675060971760238
UBFC_MMPD,none,42,subject33,subject33_L3_MO3_E2_S3_GE2_GL2_H2_MA2,0.304799664393894
UBFC_MMPD,none,42,subject33,subject33_L3_MO4_E2_S3_GE2_GL2_H2_MA2,0.1794561729354427
UBFC_MMPD,none,42,subject33,subject33_L4_MO1_E1_S3_GE2_GL2_H2_MA2,0.1297964305070979
UBFC_MMPD,none,42,subject33,subject33_L4_MO1_E2_S3_GE2_GL2_H2_MA2,0.2296578340756212
UBFC_MMPD,none,42,subject33,subject33_L4_MO2_E2_S3_GE2_GL2_H2_MA2,0.1007079301854947
UBFC_MMPD,none,42,subject33,subject33_L4_MO3_E2_S3_GE2_GL2_H2_MA2,0.1520793926121509
UBFC_MMPD,none,42,subject33,subject33_L4_MO4_E2_S3_GE2_GL2_H2_MA2,0.1739066609791486
UBFC_MMPD,none,42,subject3,subject3_L1_MO1_E1_S3_GE1_GL2_H1_MA2,0.1304324511112945
UBFC_MMPD,none,42,subject3,subject3_L1_MO1_E2_S3_GE1_GL2_H1_MA2,0.1073971533158547
UBFC_MMPD,none,42,subject3,subject3_L1_MO2_E2_S3_GE1_GL2_H1_MA2,0.1429877475514215
UBFC_MMPD,none,42,subject3,subject3_L1_MO3_E2_S3_GE1_GL2_H1_MA2,0.1113262505680495
UBFC_MMPD,none,42,subject3,subject3_L1_MO4_E2_S3_GE1_GL2_H1_MA2,0.1233526993161042
UBFC_MMPD,none,42,subject3,subject3_L2_MO1_E1_S3_GE1_GL2_H1_MA2,0.0857434884224888
UBFC_MMPD,none,42,subject3,subject3_L2_MO1_E2_S3_GE1_GL2_H1_MA2,0.1213697386890702
UBFC_MMPD,none,42,subject3,subject3_L2_MO2_E2_S3_GE1_GL2_H1_MA2,0.1755176885263875
UBFC_MMPD,none,42,subject3,subject3_L2_MO3_E2_S3_GE1_GL2_H1_MA2,0.1513863770798319
UBFC_MMPD,none,42,subject3,subject3_L2_MO4_E2_S3_GE1_GL2_H1_MA2,0.1575270277061923
UBFC_MMPD,none,42,subject3,subject3_L3_MO1_E1_S3_GE1_GL2_H1_MA2,0.1448018389042894
UBFC_MMPD,none,42,subject3,subject3_L3_MO1_E2_S3_GE1_GL2_H1_MA2,0.1210264377401617
UBFC_MMPD,none,42,subject3,subject3_L3_MO2_E2_S3_GE1_GL2_H1_MA2,0.1406391970353309
UBFC_MMPD,none,42,subject3,subject3_L3_MO3_E2_S3_GE1_GL2_H1_MA2,0.1845378009862893
UBFC_MMPD,none,42,subject3,subject3_L3_MO4_E2_S3_GE1_GL2_H1_MA2,0.1499376120659125
UBFC_MMPD,none,42,subject3,subject3_L4_MO1_E1_S3_GE1_GL2_H1_MA2,0.1485566341167689
UBFC_MMPD,none,42,subject3,subject3_L4_MO1_E2_S3_GE1_GL2_H1_MA2,0.149704366519113
UBFC_MMPD,none,42,subject3,subject3_L4_MO2_E2_S3_GE1_GL2_H1_MA2,0.1321996456538268
UBFC_MMPD,none,42,subject3,subject3_L4_MO3_E2_S3_GE1_GL2_H1_MA2,0.1221691952949942
UBFC_MMPD,none,42,subject3,subject3_L4_MO4_E2_S3_GE1_GL2_H1_MA2,0.1377849153079292
UBFC_MMPD,none,42,subject4,subject4_L1_MO1_E1_S3_GE1_GL2_H1_MA2,0.3982902407848678
UBFC_MMPD,none,42,subject4,subject4_L1_MO1_E2_S3_GE1_GL2_H1_MA2,0.1857652144725303
UBFC_MMPD,none,42,subject4,subject4_L1_MO2_E2_S3_GE1_GL2_H1_MA2,0.079157827148166
UBFC_MMPD,none,42,subject4,subject4_L1_MO3_E2_S3_GE1_GL2_H1_MA2,0.1617931660096463
UBFC_MMPD,none,42,subject4,subject4_L1_MO4_E2_S3_GE1_GL2_H1_MA2,0.1216237232707901
UBFC_MMPD,none,42,subject4,subject4_L2_MO1_E1_S3_GE1_GL2_H1_MA2,0.2932872393783814
UBFC_MMPD,none,42,subject4,subject4_L2_MO1_E2_S3_GE1_GL2_H1_MA2,0.3912532830226496
UBFC_MMPD,none,42,subject4,subject4_L2_MO2_E2_S3_GE1_GL2_H1_MA2,0.1275086277108495
UBFC_MMPD,none,42,subject4,subject4_L2_MO3_E2_S3_GE1_GL2_H1_MA2,0.1485577212200957
UBFC_MMPD,none,42,subject4,subject4_L2_MO4_E2_S3_GE1_GL2_H1_MA2,0.1212566050842845
UBFC_MMPD,none,42,subject4,subject4_L3_MO1_E1_S3_GE1_GL2_H1_MA2,0.3638243890005123
UBFC_MMPD,none,42,subject4,subject4_L3_MO1_E2_S3_GE1_GL2_H1_MA2,0.3520741730979306
UBFC_MMPD,none,42,subject4,subject4_L3_MO2_E2_S3_GE1_GL2_H1_MA2,0.1175242000191818
UBFC_MMPD,none,42,subject4,subject4_L3_MO3_E2_S3_GE1_GL2_H1_MA2,0.2264975990815383
UBFC_MMPD,none,42,subject4,subject4_L3_MO4_E2_S3_GE1_GL2_H1_MA2,0.1084104894973051
UBFC_MMPD,none,42,subject4,subject4_L4_MO1_E1_S3_GE1_GL2_H1_MA2,0.3182088785430936
UBFC_MMPD,none,42,subject4,subject4_L4_MO1_E2_S3_GE1_GL2_H1_MA2,0.3626444156065316
UBFC_MMPD,none,42,subject4,subject4_L4_MO2_E2_S3_GE1_GL2_H1_MA2,0.1466354083844968
UBFC_MMPD,none,42,subject4,subject4_L4_MO3_E2_S3_GE1_GL2_H1_MA2,0.2777418172893438
UBFC_MMPD,none,42,subject4,subject4_L4_MO4_E2_S3_GE1_GL2_H1_MA2,0.1128614139610558
UBFC_MMPD,none,42,subject5,subject5_L1_MO1_E1_S3_GE2_GL1_H1_MA1,0.1614436819945976
UBFC_MMPD,none,42,subject5,subject5_L1_MO1_E2_S3_GE2_GL1_H1_MA1,0.1768177310448868
UBFC_MMPD,none,42,subject5,subject5_L1_MO2_E2_S3_GE2_GL1_H1_MA1,0.1634426710686076
UBFC_MMPD,none,42,subject5,subject5_L1_MO3_E2_S3_GE2_GL1_H1_MA1,0.26541895341276
UBFC_MMPD,none,42,subject5,subject5_L1_MO4_E2_S3_GE2_GL1_H1_MA1,0.1201986853744832
UBFC_MMPD,none,42,subject5,subject5_L2_MO1_E1_S3_GE2_GL1_H1_MA1,0.3298112425929167
UBFC_MMPD,none,42,subject5,subject5_L2_MO1_E2_S3_GE2_GL1_H1_MA1,0.2444940786348482
UBFC_MMPD,none,42,subject5,subject5_L2_MO2_E2_S3_GE2_GL1_H1_MA1,0.1788035632977109
UBFC_MMPD,none,42,subject5,subject5_L2_MO3_E2_S3_GE2_GL1_H1_MA1,0.2582507456844086
UBFC_MMPD,none,42,subject5,subject5_L2_MO4_E2_S3_GE2_GL1_H1_MA1,0.14124524359346
UBFC_MMPD,none,42,subject5,subject5_L3_MO1_E1_S3_GE2_GL1_H1_MA1,0.0814608575143951
UBFC_MMPD,none,42,subject5,subject5_L3_MO1_E2_S3_GE2_GL1_H1_MA1,0.2562807584844198
UBFC_MMPD,none,42,subject5,subject5_L3_MO2_E2_S3_GE2_GL1_H1_MA1,0.1253646367792515
UBFC_MMPD,none,42,subject5,subject5_L3_MO3_E2_S3_GE2_GL1_H1_MA1,0.1664347196615787
UBFC_MMPD,none,42,subject5,subject5_L3_MO4_E2_S3_GE2_GL1_H1_MA1,0.1302096126865045
UBFC_MMPD,none,42,subject5,subject5_L4_MO1_E1_S3_GE2_GL1_H1_MA1,0.2649085983575915
UBFC_MMPD,none,42,subject5,subject5_L4_MO1_E2_S3_GE2_GL1_H1_MA1,0.193612070256912
UBFC_MMPD,none,42,subject5,subject5_L4_MO2_E2_S3_GE2_GL1_H1_MA1,0.1157588057419453
UBFC_MMPD,none,42,subject5,subject5_L4_MO3_E2_S3_GE2_GL1_H1_MA1,0.1919848075842106
UBFC_MMPD,none,42,subject5,subject5_L4_MO4_E2_S3_GE2_GL1_H1_MA1,0.1508332855483661
UBFC_MMPD,none,42,subject6,subject6_L1_MO1_E1_S3_GE1_GL2_H2_MA2,0.3621402999655428
UBFC_MMPD,none,42,subject6,subject6_L1_MO1_E2_S3_GE1_GL2_H2_MA2,0.3361692766581581
UBFC_MMPD,none,42,subject6,subject6_L1_MO2_E2_S3_GE1_GL2_H2_MA2,0.1807420001037072
UBFC_MMPD,none,42,subject6,subject6_L1_MO3_E2_S3_GE1_GL2_H2_MA2,0.2808706943878368
UBFC_MMPD,none,42,subject6,subject6_L1_MO4_E2_S3_GE1_GL2_H2_MA2,0.1219698277735343
UBFC_MMPD,none,42,subject6,subject6_L2_MO1_E1_S3_GE1_GL2_H2_MA2,0.1488200985677828
UBFC_MMPD,none,42,subject6,subject6_L2_MO1_E2_S3_GE1_GL2_H2_MA2,0.1810792240046957
UBFC_MMPD,none,42,subject6,subject6_L2_MO2_E2_S3_GE1_GL2_H2_MA2,0.1565526166961277
UBFC_MMPD,none,42,subject6,subject6_L2_MO3_E2_S3_GE1_GL2_H2_MA2,0.1608981237214147
UBFC_MMPD,none,42,subject6,subject6_L2_MO4_E2_S3_GE1_GL2_H2_MA2,0.1249181006255527
UBFC_MMPD,none,42,subject6,subject6_L3_MO1_E1_S3_GE1_GL2_H2_MA2,0.1294871180154446
UBFC_MMPD,none,42,subject6,subject6_L3_MO1_E2_S3_GE1_GL2_H2_MA2,0.3285638385975141
UBFC_MMPD,none,42,subject6,subject6_L3_MO2_E2_S3_GE1_GL2_H2_MA2,0.1294674619967111
UBFC_MMPD,none,42,subject6,subject6_L3_MO3_E2_S3_GE1_GL2_H2_MA2,0.3371799766859853
UBFC_MMPD,none,42,subject6,subject6_L3_MO4_E2_S3_GE1_GL2_H2_MA2,0.0951706305887026
UBFC_MMPD,none,42,subject6,subject6_L4_MO1_E1_S3_GE1_GL2_H2_MA2,0.2271517553316456
UBFC_MMPD,none,42,subject6,subject6_L4_MO1_E2_S3_GE1_GL2_H2_MA2,0.2564037818406063
UBFC_MMPD,none,42,subject6,subject6_L4_MO2_E2_S3_GE1_GL2_H2_MA2,0.223216308479741
UBFC_MMPD,none,42,subject6,subject6_L4_MO3_E2_S3_GE1_GL2_H2_MA2,0.2023287841823731
UBFC_MMPD,none,42,subject6,subject6_L4_MO4_E2_S3_GE1_GL2_H2_MA2,0.13696599837661
UBFC_MMPD,none,42,subject7,subject7_L1_MO1_E1_S5_GE1_GL1_H2_MA2,0.22255854590975
UBFC_MMPD,none,42,subject7,subject7_L1_MO1_E2_S5_GE1_GL1_H2_MA2,0.1127189209251422
UBFC_MMPD,none,42,subject7,subject7_L1_MO2_E2_S5_GE1_GL1_H2_MA2,0.1330779963111208
UBFC_MMPD,none,42,subject7,subject7_L2_MO1_E1_S5_GE1_GL1_H2_MA2,0.2282420984593563
UBFC_MMPD,none,42,subject7,subject7_L3_MO1_E1_S5_GE1_GL1_H2_MA2,0.1308930087469491
UBFC_MMPD,none,42,subject7,subject7_L3_MO3_E2_S5_GE1_GL1_H2_MA2,0.119524120579211
UBFC_MMPD,none,42,subject7,subject7_L3_MO4_E2_S5_GE1_GL1_H2_MA2,0.1011745016448663
UBFC_MMPD,none,42,subject7,subject7_L4_MO1_E1_S5_GE1_GL1_H2_MA2,0.1370347745601121
UBFC_MMPD,none,42,subject7,subject7_L4_MO1_E2_S5_GE1_GL1_H2_MA2,0.2700409574272838
UBFC_MMPD,none,42,subject7,subject7_L4_MO2_E2_S5_GE1_GL1_H2_MA2,0.1188976243898908
UBFC_MMPD,none,42,subject7,subject7_L4_MO3_E2_S5_GE1_GL1_H2_MA2,0.123195407185926
UBFC_MMPD,none,42,subject7,subject7_L4_MO4_E2_S5_GE1_GL1_H2_MA2,0.1164395059645502
UBFC_MMPD,none,100,subject10,subject10_L1_MO1_E1_S4_GE2_GL2_H2_MA2,0.2042717702549344
UBFC_MMPD,none,100,subject10,subject10_L1_MO1_E2_S4_GE2_GL2_H2_MA2,0.1797287194653709
UBFC_MMPD,none,100,subject10,subject10_L1_MO2_E2_S4_GE2_GL2_H2_MA2,0.1320028974581311
UBFC_MMPD,none,100,subject10,subject10_L1_MO3_E2_S4_GE2_GL2_H2_MA2,0.1492251365315064
UBFC_MMPD,none,100,subject10,subject10_L1_MO4_E2_S4_GE2_GL2_H2_MA2,0.1748200265491749
UBFC_MMPD,none,100,subject10,subject10_L2_MO1_E1_S4_GE2_GL2_H2_MA2,0.1393058077066946
UBFC_MMPD,none,100,subject10,subject10_L2_MO1_E2_S4_GE2_GL2_H2_MA2,0.1224595869083131
UBFC_MMPD,none,100,subject10,subject10_L2_MO2_E2_S4_GE2_GL2_H2_MA2,0.1067307649155283
UBFC_MMPD,none,100,subject10,subject10_L2_MO3_E2_S4_GE2_GL2_H2_MA2,0.1385691972056022
UBFC_MMPD,none,100,subject10,subject10_L2_MO4_E2_S4_GE2_GL2_H2_MA2,0.1145572404816604
UBFC_MMPD,none,100,subject10,subject10_L3_MO1_E1_S4_GE2_GL2_H2_MA2,0.1146245456833725
UBFC_MMPD,none,100,subject10,subject10_L3_MO1_E2_S4_GE2_GL2_H2_MA2,0.1820293282819562
UBFC_MMPD,none,100,subject10,subject10_L3_MO2_E2_S4_GE2_GL2_H2_MA2,0.1275029741044965
UBFC_MMPD,none,100,subject10,subject10_L3_MO3_E2_S4_GE2_GL2_H2_MA2,0.1828732853881746
UBFC_MMPD,none,100,subject10,subject10_L3_MO4_E2_S4_GE2_GL2_H2_MA2,0.1380558791556202
UBFC_MMPD,none,100,subject10,subject10_L4_MO1_E1_S4_GE2_GL2_H2_MA2,0.0909147703548018
UBFC_MMPD,none,100,subject10,subject10_L4_MO1_E2_S4_GE2_GL2_H2_MA2,0.0988984591336728
UBFC_MMPD,none,100,subject10,subject10_L4_MO2_E2_S4_GE2_GL2_H2_MA2,0.1266213949070759
UBFC_MMPD,none,100,subject10,subject10_L4_MO3_E2_S4_GE2_GL2_H2_MA2,0.1535012182320775
UBFC_MMPD,none,100,subject10,subject10_L4_MO4_E2_S4_GE2_GL2_H2_MA2,0.160815477676024
UBFC_MMPD,none,100,subject11,subject11_L1_MO1_E1_S5_GE1_GL2_H2_MA2,0.1234877189262083
UBFC_MMPD,none,100,subject11,subject11_L1_MO1_E2_S5_GE1_GL2_H2_MA2,0.1251108774709164
UBFC_MMPD,none,100,subject11,subject11_L1_MO2_E2_S5_GE1_GL2_H2_MA2,0.1153998689853534
UBFC_MMPD,none,100,subject11,subject11_L1_MO3_E2_S5_GE1_GL2_H2_MA2,0.1272507987882234
UBFC_MMPD,none,100,subject11,subject11_L1_MO4_E2_S5_GE1_GL2_H2_MA2,0.1365756930343426
UBFC_MMPD,none,100,subject11,subject11_L2_MO1_E1_S5_GE1_GL2_H2_MA2,0.1329598240029529
UBFC_MMPD,none,100,subject11,subject11_L2_MO1_E2_S5_GE1_GL2_H2_MA2,0.129246610310892
UBFC_MMPD,none,100,subject11,subject11_L2_MO2_E2_S5_GE1_GL2_H2_MA2,0.105034383930507
UBFC_MMPD,none,100,subject11,subject11_L2_MO3_E2_S5_GE1_GL2_H2_MA2,0.1296637032099926
UBFC_MMPD,none,100,subject11,subject11_L2_MO4_E2_S5_GE1_GL2_H2_MA2,0.1438793630025528
UBFC_MMPD,none,100,subject11,subject11_L3_MO1_E1_S5_GE1_GL2_H2_MA2,0.1758096172318547
UBFC_MMPD,none,100,subject11,subject11_L3_MO1_E2_S5_GE1_GL2_H2_MA2,0.1366677907527774
UBFC_MMPD,none,100,subject11,subject11_L3_MO2_E2_S5_GE1_GL2_H2_MA2,0.0947102446803801
UBFC_MMPD,none,100,subject11,subject11_L3_MO3_E2_S5_GE1_GL2_H2_MA2,0.1413045042835773
UBFC_MMPD,none,100,subject11,subject11_L3_MO4_E2_S5_GE1_GL2_H2_MA2,0.1498730890346553
UBFC_MMPD,none,100,subject11,subject11_L4_MO1_E1_S5_GE1_GL2_H2_MA2,0.080857760217817
UBFC_MMPD,none,100,subject11,subject11_L4_MO1_E2_S5_GE1_GL2_H2_MA2,0.1748753149337741
UBFC_MMPD,none,100,subject11,subject11_L4_MO2_E2_S5_GE1_GL2_H2_MA2,0.2134881631112269
UBFC_MMPD,none,100,subject11,subject11_L4_MO3_E2_S5_GE1_GL2_H2_MA2,0.1846363940092163
UBFC_MMPD,none,100,subject11,subject11_L4_MO4_E2_S5_GE1_GL2_H2_MA2,0.133608084012119
UBFC_MMPD,none,100,subject12,subject12_L1_MO1_E1_S3_GE2_GL1_H2_MA2,0.0956595958445006
UBFC_MMPD,none,100,subject12,subject12_L1_MO1_E2_S3_GE2_GL1_H2_MA2,0.1719071072727755
UBFC_MMPD,none,100,subject12,subject12_L1_MO2_E2_S3_GE2_GL1_H2_MA2,0.1677553353094215
UBFC_MMPD,none,100,subject12,subject12_L1_MO3_E2_S3_GE2_GL1_H2_MA2,0.0903951010098064
UBFC_MMPD,none,100,subject12,subject12_L1_MO4_E2_S3_GE2_GL1_H2_MA2,0.1396627772737046
UBFC_MMPD,none,100,subject12,subject12_L2_MO1_E1_S3_GE2_GL1_H2_MA2,0.1374370905955277
UBFC_MMPD,none,100,subject12,subject12_L2_MO1_E2_S3_GE2_GL1_H2_MA2,0.1992123459043741
UBFC_MMPD,none,100,subject12,subject12_L2_MO2_E2_S3_GE2_GL1_H2_MA2,0.1041824489845768
UBFC_MMPD,none,100,subject12,subject12_L2_MO3_E2_S3_GE2_GL1_H2_MA2,0.1156606536445262
UBFC_MMPD,none,100,subject12,subject12_L2_MO4_E2_S3_GE2_GL1_H2_MA2,0.1420907622956501
UBFC_MMPD,none,100,subject12,subject12_L3_MO1_E1_S3_GE2_GL1_H2_MA2,0.2275686573887181
UBFC_MMPD,none,100,subject12,subject12_L3_MO1_E2_S3_GE2_GL1_H2_MA2,0.1079068023928372
UBFC_MMPD,none,100,subject12,subject12_L3_MO2_E2_S3_GE2_GL1_H2_MA2,0.1690445899597489
UBFC_MMPD,none,100,subject12,subject12_L3_MO3_E2_S3_GE2_GL1_H2_MA2,0.1523889241298809
UBFC_MMPD,none,100,subject12,subject12_L3_MO4_E2_S3_GE2_GL1_H2_MA2,0.1565339820197121
UBFC_MMPD,none,100,subject12,subject12_L4_MO1_E1_S3_GE2_GL1_H2_MA2,0.1375358346257255
UBFC_MMPD,none,100,subject12,subject12_L4_MO1_E2_S3_GE2_GL1_H2_MA2,0.189489851725751
UBFC_MMPD,none,100,subject12,subject12_L4_MO2_E2_S3_GE2_GL1_H2_MA2,0.2149238386970231
UBFC_MMPD,none,100,subject12,subject12_L4_MO3_E2_S3_GE2_GL1_H2_MA2,0.1421753341676959
UBFC_MMPD,none,100,subject12,subject12_L4_MO4_E2_S3_GE2_GL1_H2_MA2,0.1393737840962872
UBFC_MMPD,none,100,subject13,subject13_L1_MO1_E1_S5_GE1_GL2_H2_MA2,0.0773639499500371
UBFC_MMPD,none,100,subject13,subject13_L1_MO1_E2_S5_GE1_GL2_H2_MA2,0.1612093686838341
UBFC_MMPD,none,100,subject13,subject13_L1_MO2_E2_S5_GE1_GL2_H2_MA2,0.1350087596354006
UBFC_MMPD,none,100,subject13,subject13_L1_MO3_E2_S5_GE1_GL2_H2_MA2,0.1930316265403816
UBFC_MMPD,none,100,subject13,subject13_L1_MO4_E2_S5_GE1_GL2_H2_MA2,0.1711573901129315
UBFC_MMPD,none,100,subject13,subject13_L2_MO1_E1_S5_GE1_GL2_H2_MA2,0.0720067479002527
UBFC_MMPD,none,100,subject13,subject13_L2_MO1_E2_S5_GE1_GL2_H2_MA2,0.2557786311995796
UBFC_MMPD,none,100,subject13,subject13_L2_MO2_E2_S5_GE1_GL2_H2_MA2,0.0907974612094103
UBFC_MMPD,none,100,subject13,subject13_L2_MO3_E2_S5_GE1_GL2_H2_MA2,0.2636681342379898
UBFC_MMPD,none,100,subject13,subject13_L2_MO4_E2_S5_GE1_GL2_H2_MA2,0.1621601071616445
UBFC_MMPD,none,100,subject13,subject13_L3_MO1_E1_S5_GE1_GL2_H2_MA2,0.1246690980734206
UBFC_MMPD,none,100,subject13,subject13_L3_MO1_E2_S5_GE1_GL2_H2_MA2,0.2279088452604716
UBFC_MMPD,none,100,subject13,subject13_L3_MO2_E2_S5_GE1_GL2_H2_MA2,0.1501652515583262
UBFC_MMPD,none,100,subject13,subject13_L3_MO3_E2_S5_GE1_GL2_H2_MA2,0.2363828744010663
UBFC_MMPD,none,100,subject13,subject13_L3_MO4_E2_S5_GE1_GL2_H2_MA2,0.1017275409202633
UBFC_MMPD,none,100,subject13,subject13_L4_MO1_E1_S5_GE1_GL2_H2_MA2,0.1354276690461356
UBFC_MMPD,none,100,subject13,subject13_L4_MO1_E2_S5_GE1_GL2_H2_MA2,0.4745812158299535
UBFC_MMPD,none,100,subject13,subject13_L4_MO2_E2_S5_GE1_GL2_H2_MA2,0.0976095504232941
UBFC_MMPD,none,100,subject13,subject13_L4_MO3_E2_S5_GE1_GL2_H2_MA2,0.3343782841779155
UBFC_MMPD,none,100,subject13,subject13_L4_MO4_E2_S5_GE1_GL2_H2_MA2,0.1460366610127536
UBFC_MMPD,none,100,subject14,subject14_L1_MO1_E1_S6_GE1_GL2_H2_MA2,0.1132938416370598
UBFC_MMPD,none,100,subject14,subject14_L1_MO1_E2_S6_GE1_GL2_H2_MA2,0.140638187968615
UBFC_MMPD,none,100,subject14,subject14_L1_MO2_E2_S6_GE1_GL2_H2_MA2,0.0956015965580318
UBFC_MMPD,none,100,subject14,subject14_L1_MO3_E2_S6_GE1_GL2_H2_MA2,0.1466717948853505
UBFC_MMPD,none,100,subject14,subject14_L1_MO4_E2_S6_GE1_GL2_H2_MA2,0.1107265193817497
UBFC_MMPD,none,100,subject14,subject14_L2_MO1_E1_S6_GE1_GL2_H2_MA2,0.0866989855569692
UBFC_MMPD,none,100,subject14,subject14_L2_MO1_E2_S6_GE1_GL2_H2_MA2,0.1587202953246514
UBFC_MMPD,none,100,subject14,subject14_L2_MO2_E2_S6_GE1_GL2_H2_MA2,0.1666541992101055
UBFC_MMPD,none,100,subject14,subject14_L2_MO3_E2_S6_GE1_GL2_H2_MA2,0.1189516357948665
UBFC_MMPD,none,100,subject14,subject14_L2_MO4_E2_S6_GE1_GL2_H2_MA2,0.1673393209957339
UBFC_MMPD,none,100,subject14,subject14_L3_MO1_E1_S6_GE1_GL2_H2_MA2,0.0680710061958091
UBFC_MMPD,none,100,subject14,subject14_L3_MO1_E2_S6_GE1_GL2_H2_MA2,0.1669778224177953
UBFC_MMPD,none,100,subject14,subject14_L3_MO2_E2_S6_GE1_GL2_H2_MA2,0.08438440665421
UBFC_MMPD,none,100,subject14,subject14_L3_MO3_E2_S6_GE1_GL2_H2_MA2,0.1673836020770123
UBFC_MMPD,none,100,subject14,subject14_L3_MO4_E2_S6_GE1_GL2_H2_MA2,0.105223744369378
UBFC_MMPD,none,100,subject14,subject14_L4_MO1_E1_S6_GE1_GL2_H2_MA2,0.0536692744330071
UBFC_MMPD,none,100,subject14,subject14_L4_MO1_E2_S6_GE1_GL2_H2_MA2,0.093720243695332
UBFC_MMPD,none,100,subject14,subject14_L4_MO2_E2_S6_GE1_GL2_H2_MA2,0.1126970854052945
UBFC_MMPD,none,100,subject14,subject14_L4_MO3_E2_S6_GE1_GL2_H2_MA2,0.1306131190596438
UBFC_MMPD,none,100,subject14,subject14_L4_MO4_E2_S6_GE1_GL2_H2_MA2,0.3512581301540967
UBFC_MMPD,none,100,subject15,subject15_L1_MO1_E1_S6_GE2_GL2_H2_MA2,0.120236734841461
UBFC_MMPD,none,100,subject15,subject15_L1_MO1_E2_S6_GE2_GL2_H2_MA2,0.1111714225868285
UBFC_MMPD,none,100,subject15,subject15_L1_MO2_E2_S6_GE2_GL2_H2_MA2,0.1030834380051433
UBFC_MMPD,none,100,subject15,subject15_L1_MO3_E2_S6_GE2_GL2_H2_MA2,0.1048740425033956
UBFC_MMPD,none,100,subject15,subject15_L1_MO4_E2_S6_GE2_GL2_H2_MA2,0.1395313910296712
UBFC_MMPD,none,100,subject15,subject15_L2_MO1_E1_S6_GE2_GL2_H2_MA2,0.0924993165031244
UBFC_MMPD,none,100,subject15,subject15_L2_MO1_E2_S6_GE2_GL2_H2_MA2,0.1015586353199562
UBFC_MMPD,none,100,subject15,subject15_L2_MO2_E2_S6_GE2_GL2_H2_MA2,0.1217250606142763
UBFC_MMPD,none,100,subject15,subject15_L2_MO3_E2_S6_GE2_GL2_H2_MA2,0.09931178248367
UBFC_MMPD,none,100,subject15,subject15_L2_MO4_E2_S6_GE2_GL2_H2_MA2,0.1436877073582076
UBFC_MMPD,none,100,subject15,subject15_L3_MO1_E1_S6_GE2_GL2_H2_MA2,0.1155570888770238
UBFC_MMPD,none,100,subject15,subject15_L3_MO1_E2_S6_GE2_GL2_H2_MA2,0.1307682164761836
UBFC_MMPD,none,100,subject15,subject15_L3_MO2_E2_S6_GE2_GL2_H2_MA2,0.1038521706753606
UBFC_MMPD,none,100,subject15,subject15_L3_MO3_E2_S6_GE2_GL2_H2_MA2,0.1463905880282803
UBFC_MMPD,none,100,subject15,subject15_L3_MO4_E2_S6_GE2_GL2_H2_MA2,0.1183582768992251
UBFC_MMPD,none,100,subject15,subject15_L4_MO1_E1_S6_GE2_GL2_H2_MA2,0.1316242670285815
UBFC_MMPD,none,100,subject15,subject15_L4_MO1_E2_S6_GE2_GL2_H2_MA2,0.1021336490046625
UBFC_MMPD,none,100,subject15,subject15_L4_MO2_E2_S6_GE2_GL2_H2_MA2,0.1148752201211329
UBFC_MMPD,none,100,subject15,subject15_L4_MO3_E2_S6_GE2_GL2_H2_MA2,0.1362120087370865
UBFC_MMPD,none,100,subject15,subject15_L4_MO4_E2_S6_GE2_GL2_H2_MA2,0.0789138648397919
UBFC_MMPD,none,100,subject16,subject16_L1_MO1_E1_S6_GE1_GL2_H2_MA2,0.0871789595572586
UBFC_MMPD,none,100,subject16,subject16_L1_MO1_E2_S6_GE1_GL2_H2_MA2,0.1140428144241045
UBFC_MMPD,none,100,subject16,subject16_L1_MO2_E2_S6_GE1_GL2_H2_MA2,0.1414802157149608
UBFC_MMPD,none,100,subject16,subject16_L1_MO3_E2_S6_GE1_GL2_H2_MA2,0.1222701220572654
UBFC_MMPD,none,100,subject16,subject16_L1_MO4_E2_S6_GE1_GL2_H2_MA2,0.1612243523790207
UBFC_MMPD,none,100,subject16,subject16_L2_MO1_E1_S6_GE1_GL2_H2_MA2,0.1370535808691146
UBFC_MMPD,none,100,subject16,subject16_L2_MO1_E2_S6_GE1_GL2_H2_MA2,0.1415106309595919
UBFC_MMPD,none,100,subject16,subject16_L2_MO2_E2_S6_GE1_GL2_H2_MA2,0.1273817770222844
UBFC_MMPD,none,100,subject16,subject16_L2_MO3_E2_S6_GE1_GL2_H2_MA2,0.0970455327266083
UBFC_MMPD,none,100,subject16,subject16_L2_MO4_E2_S6_GE1_GL2_H2_MA2,0.1876602242477799
UBFC_MMPD,none,100,subject16,subject16_L3_MO1_E1_S6_GE1_GL2_H2_MA2,0.0808085906089808
UBFC_MMPD,none,100,subject16,subject16_L3_MO1_E2_S6_GE1_GL2_H2_MA2,0.124719169869099
UBFC_MMPD,none,100,subject16,subject16_L3_MO2_E2_S6_GE1_GL2_H2_MA2,0.0957867828679506
UBFC_MMPD,none,100,subject16,subject16_L3_MO3_E2_S6_GE1_GL2_H2_MA2,0.1094300378874631
UBFC_MMPD,none,100,subject16,subject16_L3_MO4_E2_S6_GE1_GL2_H2_MA2,0.0868704834443331
UBFC_MMPD,none,100,subject16,subject16_L4_MO1_E1_S6_GE1_GL2_H2_MA2,0.0683805712725823
UBFC_MMPD,none,100,subject16,subject16_L4_MO1_E2_S6_GE1_GL2_H2_MA2,0.0915736543173705
UBFC_MMPD,none,100,subject16,subject16_L4_MO2_E2_S6_GE1_GL2_H2_MA2,0.1022099320200616
UBFC_MMPD,none,100,subject16,subject16_L4_MO3_E2_S6_GE1_GL2_H2_MA2,0.1454062802451505
UBFC_MMPD,none,100,subject16,subject16_L4_MO4_E2_S6_GE1_GL2_H2_MA2,0.0964055265359862
UBFC_MMPD,none,100,subject17,subject17_L1_MO1_E1_S4_GE1_GL2_H2_MA2,0.0715855783620292
UBFC_MMPD,none,100,subject17,subject17_L1_MO1_E2_S4_GE1_GL2_H2_MA2,0.1103090743805797
UBFC_MMPD,none,100,subject17,subject17_L1_MO2_E2_S4_GE1_GL2_H2_MA2,0.1012354135000359
UBFC_MMPD,none,100,subject17,subject17_L1_MO3_E2_S4_GE1_GL2_H2_MA2,0.1174825298366274
UBFC_MMPD,none,100,subject17,subject17_L1_MO4_E2_S4_GE1_GL2_H2_MA2,0.1585365754152706
UBFC_MMPD,none,100,subject17,subject17_L2_MO1_E1_S4_GE1_GL2_H2_MA2,0.1099906341423071
UBFC_MMPD,none,100,subject17,subject17_L2_MO1_E2_S4_GE1_GL2_H2_MA2,0.1146241901687467
UBFC_MMPD,none,100,subject17,subject17_L2_MO2_E2_S4_GE1_GL2_H2_MA2,0.1924224312563639
UBFC_MMPD,none,100,subject17,subject17_L2_MO3_E2_S4_GE1_GL2_H2_MA2,0.1097791891512603
UBFC_MMPD,none,100,subject17,subject17_L2_MO4_E2_S4_GE1_GL2_H2_MA2,0.1316310737134106
UBFC_MMPD,none,100,subject17,subject17_L3_MO1_E1_S4_GE1_GL2_H2_MA2,0.0699066619289336
UBFC_MMPD,none,100,subject17,subject17_L3_MO1_E2_S4_GE1_GL2_H2_MA2,0.2072717718908963
UBFC_MMPD,none,100,subject17,subject17_L3_MO2_E2_S4_GE1_GL2_H2_MA2,0.0608982810808248
UBFC_MMPD,none,100,subject17,subject17_L3_MO3_E2_S4_GE1_GL2_H2_MA2,0.2056230505535894
UBFC_MMPD,none,100,subject17,subject17_L3_MO4_E2_S4_GE1_GL2_H2_MA2,0.1234757612257542
UBFC_MMPD,none,100,subject17,subject17_L4_MO1_E1_S4_GE1_GL2_H2_MA2,0.0597753884045063
UBFC_MMPD,none,100,subject17,subject17_L4_MO1_E2_S4_GE1_GL2_H2_MA2,0.1155362611030761
UBFC_MMPD,none,100,subject17,subject17_L4_MO2_E2_S4_GE1_GL2_H2_MA2,0.100331894197283
UBFC_MMPD,none,100,subject17,subject17_L4_MO3_E2_S4_GE1_GL2_H2_MA2,0.235007361494618
UBFC_MMPD,none,100,subject17,subject17_L4_MO4_E2_S4_GE1_GL2_H2_MA2,0.1229234775956368
UBFC_MMPD,none,100,subject18,subject18_L1_MO1_E1_S3_GE2_GL1_H1_MA2,0.2589176604321563
UBFC_MMPD,none,100,subject18,subject18_L1_MO1_E2_S3_GE2_GL1_H1_MA2,0.121362056596965
UBFC_MMPD,none,100,subject18,subject18_L1_MO2_E2_S3_GE2_GL1_H1_MA2,0.1165386740503299
UBFC_MMPD,none,100,subject18,subject18_L1_MO3_E2_S3_GE2_GL1_H1_MA2,0.2219568675308458
UBFC_MMPD,none,100,subject18,subject18_L1_MO4_E2_S3_GE2_GL1_H1_MA2,0.145121511151671
UBFC_MMPD,none,100,subject18,subject18_L2_MO1_E1_S3_GE2_GL1_H1_MA2,0.2207499916037242
UBFC_MMPD,none,100,subject18,subject18_L2_MO1_E2_S3_GE2_GL1_H1_MA2,0.3187959708729543
UBFC_MMPD,none,100,subject18,subject18_L2_MO2_E2_S3_GE2_GL1_H1_MA2,0.1739849894717636
UBFC_MMPD,none,100,subject18,subject18_L2_MO3_E2_S3_GE2_GL1_H1_MA2,0.1593028889782197
UBFC_MMPD,none,100,subject18,subject18_L2_MO4_E2_S3_GE2_GL1_H1_MA2,0.1497290092359953
UBFC_MMPD,none,100,subject18,subject18_L3_MO1_E1_S3_GE2_GL1_H1_MA2,0.261115615394026
UBFC_MMPD,none,100,subject18,subject18_L3_MO1_E2_S3_GE2_GL1_H1_MA2,0.2720213575890658
UBFC_MMPD,none,100,subject18,subject18_L3_MO2_E2_S3_GE2_GL1_H1_MA2,0.1650865753025896
UBFC_MMPD,none,100,subject18,subject18_L3_MO3_E2_S3_GE2_GL1_H1_MA2,0.2677164607614729
UBFC_MMPD,none,100,subject18,subject18_L3_MO4_E2_S3_GE2_GL1_H1_MA2,0.1182954914791666
UBFC_MMPD,none,100,subject18,subject18_L4_MO1_E1_S3_GE2_GL1_H1_MA2,0.2449196184342297
UBFC_MMPD,none,100,subject18,subject18_L4_MO1_E2_S3_GE2_GL1_H1_MA2,0.1162152601525384
UBFC_MMPD,none,100,subject18,subject18_L4_MO2_E2_S3_GE2_GL1_H1_MA2,0.1310995781341641
UBFC_MMPD,none,100,subject18,subject18_L4_MO3_E2_S3_GE2_GL1_H1_MA2,0.1354894994706276
UBFC_MMPD,none,100,subject18,subject18_L4_MO4_E2_S3_GE2_GL1_H1_MA2,0.1102745311366933
UBFC_MMPD,none,100,subject19,subject19_L1_MO1_E1_S3_GE2_GL2_H1_MA2,0.2647295396873104
UBFC_MMPD,none,100,subject19,subject19_L1_MO1_E2_S3_GE2_GL2_H1_MA2,0.240476240662689
UBFC_MMPD,none,100,subject19,subject19_L1_MO2_E2_S3_GE2_GL2_H1_MA2,0.2095633620672012
UBFC_MMPD,none,100,subject19,subject19_L1_MO3_E2_S3_GE2_GL2_H1_MA2,0.222164943018464
UBFC_MMPD,none,100,subject19,subject19_L1_MO4_E2_S3_GE2_GL2_H1_MA2,0.1311979417228177
UBFC_MMPD,none,100,subject19,subject19_L2_MO1_E1_S3_GE2_GL2_H1_MA2,0.3294433969683318
UBFC_MMPD,none,100,subject19,subject19_L2_MO1_E2_S3_GE2_GL2_H1_MA2,0.2129507526029781
UBFC_MMPD,none,100,subject19,subject19_L2_MO2_E2_S3_GE2_GL2_H1_MA2,0.09828575903352
UBFC_MMPD,none,100,subject19,subject19_L2_MO3_E2_S3_GE2_GL2_H1_MA2,0.2303665705358346
UBFC_MMPD,none,100,subject19,subject19_L2_MO4_E2_S3_GE2_GL2_H1_MA2,0.1506088899216721
UBFC_MMPD,none,100,subject19,subject19_L3_MO1_E1_S3_GE2_GL2_H1_MA2,0.3307588800806592
UBFC_MMPD,none,100,subject19,subject19_L3_MO1_E2_S3_GE2_GL2_H1_MA2,0.3295075844167652
UBFC_MMPD,none,100,subject19,subject19_L3_MO2_E2_S3_GE2_GL2_H1_MA2,0.1220417058306333
UBFC_MMPD,none,100,subject19,subject19_L3_MO3_E2_S3_GE2_GL2_H1_MA2,0.1376506637147306
UBFC_MMPD,none,100,subject19,subject19_L3_MO4_E2_S3_GE2_GL2_H1_MA2,0.1391677445870235
UBFC_MMPD,none,100,subject19,subject19_L4_MO1_E1_S3_GE2_GL2_H1_MA2,0.4066775397497756
UBFC_MMPD,none,100,subject19,subject19_L4_MO1_E2_S3_GE2_GL2_H1_MA2,0.2085718392228893
UBFC_MMPD,none,100,subject19,subject19_L4_MO2_E2_S3_GE2_GL2_H1_MA2,0.1135076476895264
UBFC_MMPD,none,100,subject19,subject19_L4_MO3_E2_S3_GE2_GL2_H1_MA2,0.1745160816500127
UBFC_MMPD,none,100,subject19,subject19_L4_MO4_E2_S3_GE2_GL2_H1_MA2,0.1243171839050885
UBFC_MMPD,none,100,subject1,subject1_L1_MO1_E1_S4_GE1_GL1_H2_MA2,0.1291954009901617
UBFC_MMPD,none,100,subject1,subject1_L1_MO1_E2_S4_GE1_GL1_H2_MA2,0.0996784553055194
UBFC_MMPD,none,100,subject1,subject1_L1_MO2_E2_S4_GE1_GL1_H2_MA2,0.0916161572120699
UBFC_MMPD,none,100,subject1,subject1_L1_MO3_E2_S4_GE1_GL1_H2_MA2,0.1637837665602444
UBFC_MMPD,none,100,subject1,subject1_L1_MO4_E2_S4_GE1_GL1_H2_MA2,0.085667539654714
UBFC_MMPD,none,100,subject1,subject1_L2_MO1_E1_S4_GE1_GL1_H2_MA2,0.135425461025544
UBFC_MMPD,none,100,subject1,subject1_L2_MO1_E2_S4_GE1_GL1_H2_MA2,0.1771282770568691
UBFC_MMPD,none,100,subject1,subject1_L2_MO2_E2_S4_GE1_GL1_H2_MA2,0.0900217079512884
UBFC_MMPD,none,100,subject1,subject1_L2_MO3_E2_S4_GE1_GL1_H2_MA2,0.1339230117945021
UBFC_MMPD,none,100,subject1,subject1_L2_MO4_E2_S4_GE1_GL1_H2_MA2,0.0916778759243625
UBFC_MMPD,none,100,subject1,subject1_L3_MO1_E1_S4_GE1_GL1_H2_MA2,0.1892796092837644
UBFC_MMPD,none,100,subject1,subject1_L3_MO1_E2_S4_GE1_GL1_H2_MA2,0.1325010494095224
UBFC_MMPD,none,100,subject1,subject1_L3_MO2_E2_S4_GE1_GL1_H2_MA2,0.0894679954640342
UBFC_MMPD,none,100,subject1,subject1_L3_MO3_E2_S4_GE1_GL1_H2_MA2,0.1068543529867391
UBFC_MMPD,none,100,subject1,subject1_L3_MO4_E2_S4_GE1_GL1_H2_MA2,0.1161798976866739
UBFC_MMPD,none,100,subject1,subject1_L4_MO1_E1_S4_GE1_GL1_H2_MA2,0.1810352394768136
UBFC_MMPD,none,100,subject1,subject1_L4_MO1_E2_S4_GE1_GL1_H2_MA2,0.1086453123040411
UBFC_MMPD,none,100,subject1,subject1_L4_MO2_E2_S4_GE1_GL1_H2_MA2,0.0665525375499486
UBFC_MMPD,none,100,subject1,subject1_L4_MO3_E2_S4_GE1_GL1_H2_MA2,0.1102740072709299
UBFC_MMPD,none,100,subject1,subject1_L4_MO4_E2_S4_GE1_GL1_H2_MA2,0.1213336403077398
UBFC_MMPD,none,100,subject20,subject20_L1_MO1_E1_S3_GE1_GL2_H2_MA2,0.2082363722867519
UBFC_MMPD,none,100,subject20,subject20_L1_MO1_E2_S3_GE1_GL2_H2_MA2,0.2840999838391148
UBFC_MMPD,none,100,subject20,subject20_L1_MO2_E2_S3_GE1_GL2_H2_MA2,0.1553886835671091
UBFC_MMPD,none,100,subject20,subject20_L1_MO3_E2_S3_GE1_GL2_H2_MA2,0.2789497625487599
UBFC_MMPD,none,100,subject20,subject20_L1_MO4_E2_S3_GE1_GL2_H2_MA2,0.1420405743086879
UBFC_MMPD,none,100,subject20,subject20_L2_MO1_E1_S3_GE1_GL2_H2_MA2,0.2891429307468082
UBFC_MMPD,none,100,subject20,subject20_L2_MO1_E2_S3_GE1_GL2_H2_MA2,0.3369108244933216
UBFC_MMPD,none,100,subject20,subject20_L2_MO2_E2_S3_GE1_GL2_H2_MA2,0.095925064038204
UBFC_MMPD,none,100,subject20,subject20_L2_MO3_E2_S3_GE1_GL2_H2_MA2,0.2984759480437416
UBFC_MMPD,none,100,subject20,subject20_L2_MO4_E2_S3_GE1_GL2_H2_MA2,0.1410608339277766
UBFC_MMPD,none,100,subject20,subject20_L3_MO1_E1_S3_GE1_GL2_H2_MA2,0.3496955743860915
UBFC_MMPD,none,100,subject20,subject20_L3_MO1_E2_S3_GE1_GL2_H2_MA2,0.2871354097895234
UBFC_MMPD,none,100,subject20,subject20_L3_MO2_E2_S3_GE1_GL2_H2_MA2,0.1204348421161787
UBFC_MMPD,none,100,subject20,subject20_L3_MO3_E2_S3_GE1_GL2_H2_MA2,0.2806328071382624
UBFC_MMPD,none,100,subject20,subject20_L3_MO4_E2_S3_GE1_GL2_H2_MA2,0.1294992046745193
UBFC_MMPD,none,100,subject20,subject20_L4_MO1_E1_S3_GE1_GL2_H2_MA2,0.1065488472323697
UBFC_MMPD,none,100,subject20,subject20_L4_MO1_E2_S3_GE1_GL2_H2_MA2,0.3069145116611888
UBFC_MMPD,none,100,subject20,subject20_L4_MO2_E2_S3_GE1_GL2_H2_MA2,0.091077507769763
UBFC_MMPD,none,100,subject20,subject20_L4_MO3_E2_S3_GE1_GL2_H2_MA2,0.1756691686620963
UBFC_MMPD,none,100,subject20,subject20_L4_MO4_E2_S3_GE1_GL2_H2_MA2,0.1472758883882659
UBFC_MMPD,none,100,subject21,subject21_L1_MO1_E1_S3_GE2_GL1_H2_MA1,0.1322316506603884
UBFC_MMPD,none,100,subject21,subject21_L1_MO1_E2_S3_GE2_GL1_H2_MA1,0.2644508087802656
UBFC_MMPD,none,100,subject21,subject21_L1_MO2_E2_S3_GE2_GL1_H2_MA1,0.1758473072313615
UBFC_MMPD,none,100,subject21,subject21_L1_MO3_E2_S3_GE2_GL1_H2_MA1,0.1497269580583574
UBFC_MMPD,none,100,subject21,subject21_L1_MO4_E2_S3_GE2_GL1_H2_MA1,0.1054461475284218
UBFC_MMPD,none,100,subject21,subject21_L2_MO1_E1_S3_GE2_GL1_H2_MA1,0.1463036454530474
UBFC_MMPD,none,100,subject21,subject21_L2_MO1_E2_S3_GE2_GL1_H2_MA1,0.199182027233286
UBFC_MMPD,none,100,subject21,subject21_L2_MO2_E2_S3_GE2_GL1_H2_MA1,0.226508485828643
UBFC_MMPD,none,100,subject21,subject21_L2_MO3_E2_S3_GE2_GL1_H2_MA1,0.1240833783713751
UBFC_MMPD,none,100,subject21,subject21_L2_MO4_E2_S3_GE2_GL1_H2_MA1,0.1140392331941481
UBFC_MMPD,none,100,subject21,subject21_L3_MO1_E1_S3_GE2_GL1_H2_MA1,0.1961274494858566
UBFC_MMPD,none,100,subject21,subject21_L3_MO1_E2_S3_GE2_GL1_H2_MA1,0.1283635615029898
UBFC_MMPD,none,100,subject21,subject21_L3_MO2_E2_S3_GE2_GL1_H2_MA1,0.1419032210162504
UBFC_MMPD,none,100,subject21,subject21_L3_MO3_E2_S3_GE2_GL1_H2_MA1,0.1888514799227642
UBFC_MMPD,none,100,subject21,subject21_L3_MO4_E2_S3_GE2_GL1_H2_MA1,0.1373011531570803
UBFC_MMPD,none,100,subject21,subject21_L4_MO1_E1_S3_GE2_GL1_H2_MA1,0.0832953889483444
UBFC_MMPD,none,100,subject21,subject21_L4_MO1_E2_S3_GE2_GL1_H2_MA1,0.1264437685376898
UBFC_MMPD,none,100,subject21,subject21_L4_MO2_E2_S3_GE2_GL1_H2_MA1,0.1052320537224344
UBFC_MMPD,none,100,subject21,subject21_L4_MO3_E2_S3_GE2_GL1_H2_MA1,0.1737005112205998
UBFC_MMPD,none,100,subject21,subject21_L4_MO4_E2_S3_GE2_GL1_H2_MA1,0.1121117442696334
UBFC_MMPD,none,100,subject22,subject22_L1_MO1_E1_S3_GE2_GL2_H2_MA2,0.2019069835204456
UBFC_MMPD,none,100,subject22,subject22_L1_MO1_E2_S3_GE2_GL2_H2_MA2,0.1805587158347024
UBFC_MMPD,none,100,subject22,subject22_L1_MO2_E2_S3_GE2_GL2_H2_MA2,0.1147109965057301
UBFC_MMPD,none,100,subject22,subject22_L1_MO3_E2_S3_GE2_GL2_H2_MA2,0.123753795302004
UBFC_MMPD,none,100,subject22,subject22_L1_MO4_E2_S3_GE2_GL2_H2_MA2,0.156854290793034
UBFC_MMPD,none,100,subject22,subject22_L2_MO1_E1_S3_GE2_GL2_H2_MA2,0.189993331655343
UBFC_MMPD,none,100,subject22,subject22_L2_MO1_E2_S3_GE2_GL2_H2_MA2,0.2410085826942299
UBFC_MMPD,none,100,subject22,subject22_L2_MO2_E2_S3_GE2_GL2_H2_MA2,0.2872987988774986
UBFC_MMPD,none,100,subject22,subject22_L2_MO3_E2_S3_GE2_GL2_H2_MA2,0.2116733005677553
UBFC_MMPD,none,100,subject22,subject22_L2_MO4_E2_S3_GE2_GL2_H2_MA2,0.1249339496724872
UBFC_MMPD,none,100,subject22,subject22_L3_MO1_E1_S3_GE2_GL2_H2_MA2,0.3100501922325031
UBFC_MMPD,none,100,subject22,subject22_L3_MO1_E2_S3_GE2_GL2_H2_MA2,0.3598320272414775
UBFC_MMPD,none,100,subject22,subject22_L3_MO2_E2_S3_GE2_GL2_H2_MA2,0.1670432343811308
UBFC_MMPD,none,100,subject22,subject22_L3_MO3_E2_S3_GE2_GL2_H2_MA2,0.2024654613959981
UBFC_MMPD,none,100,subject22,subject22_L3_MO4_E2_S3_GE2_GL2_H2_MA2,0.1104013064591171
UBFC_MMPD,none,100,subject22,subject22_L4_MO1_E1_S3_GE2_GL2_H2_MA2,0.1572097497468698
UBFC_MMPD,none,100,subject22,subject22_L4_MO1_E2_S3_GE2_GL2_H2_MA2,0.2237806976082685
UBFC_MMPD,none,100,subject22,subject22_L4_MO2_E2_S3_GE2_GL2_H2_MA2,0.1544185334580852
UBFC_MMPD,none,100,subject22,subject22_L4_MO3_E2_S3_GE2_GL2_H2_MA2,0.2570558304582484
UBFC_MMPD,none,100,subject22,subject22_L4_MO4_E2_S3_GE2_GL2_H2_MA2,0.1143952221960468
UBFC_MMPD,none,100,subject23,subject23_L1_MO1_E1_S5_GE2_GL2_H2_MA2,0.1804094525384904
UBFC_MMPD,none,100,subject23,subject23_L1_MO1_E2_S5_GE2_GL2_H2_MA2,0.2327262246101969
UBFC_MMPD,none,100,subject23,subject23_L1_MO2_E2_S5_GE2_GL2_H2_MA2,0.0811793692214187
UBFC_MMPD,none,100,subject23,subject23_L1_MO3_E2_S5_GE2_GL2_H2_MA2,0.1776108660573009
UBFC_MMPD,none,100,subject23,subject23_L1_MO4_E2_S5_GE2_GL2_H2_MA2,0.0938678175641797
UBFC_MMPD,none,100,subject23,subject23_L2_MO1_E1_S5_GE2_GL2_H2_MA2,0.1421266166816799
UBFC_MMPD,none,100,subject23,subject23_L2_MO1_E2_S5_GE2_GL2_H2_MA2,0.2032253975700558
UBFC_MMPD,none,100,subject23,subject23_L2_MO2_E2_S5_GE2_GL2_H2_MA2,0.0971996825030275
UBFC_MMPD,none,100,subject23,subject23_L2_MO3_E2_S5_GE2_GL2_H2_MA2,0.2807504331512007
UBFC_MMPD,none,100,subject23,subject23_L2_MO4_E2_S5_GE2_GL2_H2_MA2,0.0963410540332334
UBFC_MMPD,none,100,subject23,subject23_L3_MO1_E1_S5_GE2_GL2_H2_MA2,0.2635099808679518
UBFC_MMPD,none,100,subject23,subject23_L3_MO1_E2_S5_GE2_GL2_H2_MA2,0.3201233894502917
UBFC_MMPD,none,100,subject23,subject23_L3_MO2_E2_S5_GE2_GL2_H2_MA2,0.1464385746330994
UBFC_MMPD,none,100,subject23,subject23_L3_MO3_E2_S5_GE2_GL2_H2_MA2,0.254394697868668
UBFC_MMPD,none,100,subject23,subject23_L3_MO4_E2_S5_GE2_GL2_H2_MA2,0.1262017628596646
UBFC_MMPD,none,100,subject23,subject23_L4_MO1_E1_S5_GE2_GL2_H2_MA2,0.105995399551084
UBFC_MMPD,none,100,subject23,subject23_L4_MO1_E2_S5_GE2_GL2_H2_MA2,0.1130255622982669
UBFC_MMPD,none,100,subject23,subject23_L4_MO2_E2_S5_GE2_GL2_H2_MA2,0.1297767679051578
UBFC_MMPD,none,100,subject23,subject23_L4_MO3_E2_S5_GE2_GL2_H2_MA2,0.133823258526236
UBFC_MMPD,none,100,subject23,subject23_L4_MO4_E2_S5_GE2_GL2_H2_MA2,0.1570710290890705
UBFC_MMPD,none,100,subject24,subject24_L1_MO1_E1_S3_GE2_GL2_H2_MA1,0.5848559401659464
UBFC_MMPD,none,100,subject24,subject24_L1_MO1_E2_S3_GE2_GL2_H2_MA1,0.2665726499381413
UBFC_MMPD,none,100,subject24,subject24_L1_MO2_E2_S3_GE2_GL2_H2_MA1,0.1449258970508492
UBFC_MMPD,none,100,subject24,subject24_L1_MO3_E2_S3_GE2_GL2_H2_MA1,0.4021031618274167
UBFC_MMPD,none,100,subject24,subject24_L1_MO4_E2_S3_GE2_GL2_H2_MA1,0.1445075895164917
UBFC_MMPD,none,100,subject24,subject24_L2_MO1_E1_S3_GE2_GL2_H2_MA1,0.5156653343761719
UBFC_MMPD,none,100,subject24,subject24_L2_MO1_E2_S3_GE2_GL2_H2_MA1,0.3322406505587081
UBFC_MMPD,none,100,subject24,subject24_L2_MO2_E2_S3_GE2_GL2_H2_MA1,0.0901145726279923
UBFC_MMPD,none,100,subject24,subject24_L2_MO3_E2_S3_GE2_GL2_H2_MA1,0.3108325858314569
UBFC_MMPD,none,100,subject24,subject24_L2_MO4_E2_S3_GE2_GL2_H2_MA1,0.0962576621128349
UBFC_MMPD,none,100,subject24,subject24_L3_MO1_E1_S3_GE2_GL2_H2_MA1,0.3050393052060756
UBFC_MMPD,none,100,subject24,subject24_L3_MO1_E2_S3_GE2_GL2_H2_MA1,0.3583880065524421
UBFC_MMPD,none,100,subject24,subject24_L3_MO2_E2_S3_GE2_GL2_H2_MA1,0.1981294928175306
UBFC_MMPD,none,100,subject24,subject24_L3_MO3_E2_S3_GE2_GL2_H2_MA1,0.2498446985307903
UBFC_MMPD,none,100,subject24,subject24_L3_MO4_E2_S3_GE2_GL2_H2_MA1,0.1015343305721636
UBFC_MMPD,none,100,subject24,subject24_L4_MO1_E1_S3_GE2_GL2_H2_MA1,0.2291939373285465
UBFC_MMPD,none,100,subject24,subject24_L4_MO1_E2_S3_GE2_GL2_H2_MA1,0.1288862087394382
UBFC_MMPD,none,100,subject24,subject24_L4_MO2_E2_S3_GE2_GL2_H2_MA1,0.0714085745173965
UBFC_MMPD,none,100,subject24,subject24_L4_MO3_E2_S3_GE2_GL2_H2_MA1,0.3871274364360488
UBFC_MMPD,none,100,subject24,subject24_L4_MO4_E2_S3_GE2_GL2_H2_MA1,0.1452845811346228
UBFC_MMPD,none,100,subject25,subject25_L1_MO1_E1_S3_GE2_GL2_H1_MA2,0.1741940703642079
UBFC_MMPD,none,100,subject25,subject25_L1_MO1_E2_S3_GE2_GL2_H1_MA2,0.3362327983831011
UBFC_MMPD,none,100,subject25,subject25_L1_MO2_E2_S3_GE2_GL2_H1_MA2,0.1363100721496007
UBFC_MMPD,none,100,subject25,subject25_L1_MO3_E2_S3_GE2_GL2_H1_MA2,0.2262568613511563
UBFC_MMPD,none,100,subject25,subject25_L1_MO4_E2_S3_GE2_GL2_H1_MA2,0.1038952866415696
UBFC_MMPD,none,100,subject25,subject25_L2_MO1_E1_S3_GE2_GL2_H1_MA2,0.1915535925185828
UBFC_MMPD,none,100,subject25,subject25_L2_MO1_E2_S3_GE2_GL2_H1_MA2,0.296375505925073
UBFC_MMPD,none,100,subject25,subject25_L2_MO2_E2_S3_GE2_GL2_H1_MA2,0.2028510518830856
UBFC_MMPD,none,100,subject25,subject25_L2_MO3_E2_S3_GE2_GL2_H1_MA2,0.2685078586812744
UBFC_MMPD,none,100,subject25,subject25_L2_MO4_E2_S3_GE2_GL2_H1_MA2,0.1039115508075249
UBFC_MMPD,none,100,subject25,subject25_L3_MO1_E1_S3_GE2_GL2_H1_MA2,0.2707214802561051
UBFC_MMPD,none,100,subject25,subject25_L3_MO1_E2_S3_GE2_GL2_H1_MA2,0.3981302867477818
UBFC_MMPD,none,100,subject25,subject25_L3_MO2_E2_S3_GE2_GL2_H1_MA2,0.0907876589887371
UBFC_MMPD,none,100,subject25,subject25_L3_MO3_E2_S3_GE2_GL2_H1_MA2,0.2742650319375816
UBFC_MMPD,none,100,subject25,subject25_L3_MO4_E2_S3_GE2_GL2_H1_MA2,0.117041701479421
UBFC_MMPD,none,100,subject25,subject25_L4_MO1_E1_S3_GE2_GL2_H1_MA2,0.305791380110696
UBFC_MMPD,none,100,subject25,subject25_L4_MO1_E2_S3_GE2_GL2_H1_MA2,0.2623770631107986
UBFC_MMPD,none,100,subject25,subject25_L4_MO2_E2_S3_GE2_GL2_H1_MA2,0.1111438031921113
UBFC_MMPD,none,100,subject25,subject25_L4_MO3_E2_S3_GE2_GL2_H1_MA2,0.1838552572489248
UBFC_MMPD,none,100,subject25,subject25_L4_MO4_E2_S3_GE2_GL2_H1_MA2,0.0943612794547274
UBFC_MMPD,none,100,subject26,subject26_L1_MO1_E1_S6_GE1_GL2_H2_MA2,0.1445658500257161
UBFC_MMPD,none,100,subject26,subject26_L1_MO1_E2_S6_GE1_GL2_H2_MA2,0.1006536327515224
UBFC_MMPD,none,100,subject26,subject26_L1_MO2_E2_S6_GE1_GL2_H2_MA2,0.1532638015702419
UBFC_MMPD,none,100,subject26,subject26_L1_MO3_E2_S6_GE1_GL2_H2_MA2,0.1116766483723189
UBFC_MMPD,none,100,subject26,subject26_L1_MO4_E2_S6_GE1_GL2_H2_MA2,0.1591310713755217
UBFC_MMPD,none,100,subject26,subject26_L2_MO1_E1_S6_GE1_GL2_H2_MA2,0.1619193305359258
UBFC_MMPD,none,100,subject26,subject26_L2_MO1_E2_S6_GE1_GL2_H2_MA2,0.1755251245903178
UBFC_MMPD,none,100,subject26,subject26_L2_MO2_E2_S6_GE1_GL2_H2_MA2,0.1180554600389874
UBFC_MMPD,none,100,subject26,subject26_L2_MO3_E2_S6_GE1_GL2_H2_MA2,0.1716916060898601
UBFC_MMPD,none,100,subject26,subject26_L2_MO4_E2_S6_GE1_GL2_H2_MA2,0.1343657685718612
UBFC_MMPD,none,100,subject26,subject26_L3_MO1_E1_S6_GE1_GL2_H2_MA2,0.1546614712085957
UBFC_MMPD,none,100,subject26,subject26_L3_MO1_E2_S6_GE1_GL2_H2_MA2,0.1779865898158647
UBFC_MMPD,none,100,subject26,subject26_L3_MO2_E2_S6_GE1_GL2_H2_MA2,0.1623923284915615
UBFC_MMPD,none,100,subject26,subject26_L3_MO3_E2_S6_GE1_GL2_H2_MA2,0.1656676849524171
UBFC_MMPD,none,100,subject26,subject26_L3_MO4_E2_S6_GE1_GL2_H2_MA2,0.1200201992312173
UBFC_MMPD,none,100,subject26,subject26_L4_MO1_E1_S6_GE1_GL2_H2_MA2,0.1304880416796062
UBFC_MMPD,none,100,subject26,subject26_L4_MO1_E2_S6_GE1_GL2_H2_MA2,0.1129399845398791
UBFC_MMPD,none,100,subject26,subject26_L4_MO2_E2_S6_GE1_GL2_H2_MA2,0.1256276522696394
UBFC_MMPD,none,100,subject26,subject26_L4_MO3_E2_S6_GE1_GL2_H2_MA2,0.1115316633056839
UBFC_MMPD,none,100,subject26,subject26_L4_MO4_E2_S6_GE1_GL2_H2_MA2,0.2039205569541282
UBFC_MMPD,none,100,subject27,subject27_L1_MO1_E1_S3_GE2_GL2_H2_MA1,0.5238687394065172
UBFC_MMPD,none,100,subject27,subject27_L1_MO1_E2_S3_GE2_GL2_H2_MA1,0.2429187515649094
UBFC_MMPD,none,100,subject27,subject27_L1_MO2_E2_S3_GE2_GL2_H2_MA1,0.1361234028223344
UBFC_MMPD,none,100,subject27,subject27_L1_MO3_E2_S3_GE2_GL2_H2_MA1,0.359365778396036
UBFC_MMPD,none,100,subject27,subject27_L1_MO4_E2_S3_GE2_GL2_H2_MA1,0.1072743242086747
UBFC_MMPD,none,100,subject27,subject27_L2_MO1_E1_S3_GE2_GL2_H2_MA1,0.2637905169165778
UBFC_MMPD,none,100,subject27,subject27_L2_MO1_E2_S3_GE2_GL2_H2_MA1,0.1911845079487229
UBFC_MMPD,none,100,subject27,subject27_L2_MO2_E2_S3_GE2_GL2_H2_MA1,0.1541663455154004
UBFC_MMPD,none,100,subject27,subject27_L2_MO3_E2_S3_GE2_GL2_H2_MA1,0.1859360631457793
UBFC_MMPD,none,100,subject27,subject27_L2_MO4_E2_S3_GE2_GL2_H2_MA1,0.1043080787940859
UBFC_MMPD,none,100,subject27,subject27_L3_MO1_E1_S3_GE2_GL2_H2_MA1,0.4568434311473744
UBFC_MMPD,none,100,subject27,subject27_L3_MO1_E2_S3_GE2_GL2_H2_MA1,0.2728752554010681
UBFC_MMPD,none,100,subject27,subject27_L3_MO2_E2_S3_GE2_GL2_H2_MA1,0.1821815989552679
UBFC_MMPD,none,100,subject27,subject27_L3_MO3_E2_S3_GE2_GL2_H2_MA1,0.2670792668593322
UBFC_MMPD,none,100,subject27,subject27_L3_MO4_E2_S3_GE2_GL2_H2_MA1,0.1642406744313515
UBFC_MMPD,none,100,subject27,subject27_L4_MO1_E1_S3_GE2_GL2_H2_MA1,0.4696990999451224
UBFC_MMPD,none,100,subject27,subject27_L4_MO1_E2_S3_GE2_GL2_H2_MA1,0.2064262264883521
UBFC_MMPD,none,100,subject27,subject27_L4_MO2_E2_S3_GE2_GL2_H2_MA1,0.115578417645941
UBFC_MMPD,none,100,subject27,subject27_L4_MO3_E2_S3_GE2_GL2_H2_MA1,0.1755170392037758
UBFC_MMPD,none,100,subject27,subject27_L4_MO4_E2_S3_GE2_GL2_H2_MA1,0.1272232955602875
UBFC_MMPD,none,100,subject28,subject28_L1_MO1_E1_S5_GE2_GL2_H2_MA2,0.181779196145332
UBFC_MMPD,none,100,subject28,subject28_L1_MO1_E2_S5_GE2_GL2_H2_MA2,0.1802850864855595
UBFC_MMPD,none,100,subject28,subject28_L1_MO2_E2_S5_GE2_GL2_H2_MA2,0.1340768046375034
UBFC_MMPD,none,100,subject28,subject28_L1_MO3_E2_S5_GE2_GL2_H2_MA2,0.1604627224632458
UBFC_MMPD,none,100,subject28,subject28_L1_MO4_E2_S5_GE2_GL2_H2_MA2,0.1506013628922828
UBFC_MMPD,none,100,subject28,subject28_L2_MO1_E1_S5_GE2_GL2_H2_MA2,0.1204148714450828
UBFC_MMPD,none,100,subject28,subject28_L2_MO1_E2_S5_GE2_GL2_H2_MA2,0.0994348194989426
UBFC_MMPD,none,100,subject28,subject28_L2_MO2_E2_S5_GE2_GL2_H2_MA2,0.0890805832965566
UBFC_MMPD,none,100,subject28,subject28_L2_MO3_E2_S5_GE2_GL2_H2_MA2,0.0867471885832679
UBFC_MMPD,none,100,subject28,subject28_L2_MO4_E2_S5_GE2_GL2_H2_MA2,0.1278823826365326
UBFC_MMPD,none,100,subject28,subject28_L3_MO1_E1_S5_GE2_GL2_H2_MA2,0.2576473673333688
UBFC_MMPD,none,100,subject28,subject28_L3_MO1_E2_S5_GE2_GL2_H2_MA2,0.0990336232328698
UBFC_MMPD,none,100,subject28,subject28_L3_MO2_E2_S5_GE2_GL2_H2_MA2,0.1142513030983452
UBFC_MMPD,none,100,subject28,subject28_L3_MO3_E2_S5_GE2_GL2_H2_MA2,0.1127199928021095
UBFC_MMPD,none,100,subject28,subject28_L3_MO4_E2_S5_GE2_GL2_H2_MA2,0.127311491993848
UBFC_MMPD,none,100,subject28,subject28_L4_MO1_E1_S5_GE2_GL2_H2_MA2,0.1167918669954888
UBFC_MMPD,none,100,subject28,subject28_L4_MO1_E2_S5_GE2_GL2_H2_MA2,0.1184459052010892
UBFC_MMPD,none,100,subject28,subject28_L4_MO2_E2_S5_GE2_GL2_H2_MA2,0.1056526867731622
UBFC_MMPD,none,100,subject28,subject28_L4_MO3_E2_S5_GE2_GL2_H2_MA2,0.1184696278013655
UBFC_MMPD,none,100,subject28,subject28_L4_MO4_E2_S5_GE2_GL2_H2_MA2,0.1572209559926928
UBFC_MMPD,none,100,subject29,subject29_L1_MO1_E1_S3_GE2_GL1_H1_MA2,0.1399141324374118
UBFC_MMPD,none,100,subject29,subject29_L1_MO1_E2_S3_GE2_GL1_H1_MA2,0.3092632464866244
UBFC_MMPD,none,100,subject29,subject29_L1_MO2_E2_S3_GE2_GL1_H1_MA2,0.2409900847864949
UBFC_MMPD,none,100,subject29,subject29_L1_MO3_E2_S3_GE2_GL1_H1_MA2,0.31151170169886
UBFC_MMPD,none,100,subject29,subject29_L1_MO4_E2_S3_GE2_GL1_H1_MA2,0.092638547688215
UBFC_MMPD,none,100,subject29,subject29_L2_MO1_E1_S3_GE2_GL1_H1_MA2,0.2056413214912796
UBFC_MMPD,none,100,subject29,subject29_L2_MO1_E2_S3_GE2_GL1_H1_MA2,0.2537946991580098
UBFC_MMPD,none,100,subject29,subject29_L2_MO2_E2_S3_GE2_GL1_H1_MA2,0.1965622268571761
UBFC_MMPD,none,100,subject29,subject29_L2_MO3_E2_S3_GE2_GL1_H1_MA2,0.2798064044903637
UBFC_MMPD,none,100,subject29,subject29_L2_MO4_E2_S3_GE2_GL1_H1_MA2,0.134638644623039
UBFC_MMPD,none,100,subject29,subject29_L3_MO1_E1_S3_GE2_GL1_H1_MA2,0.1640609370982365
UBFC_MMPD,none,100,subject29,subject29_L3_MO1_E2_S3_GE2_GL1_H1_MA2,0.4855185519608972
UBFC_MMPD,none,100,subject29,subject29_L3_MO2_E2_S3_GE2_GL1_H1_MA2,0.2740625081483256
UBFC_MMPD,none,100,subject29,subject29_L3_MO3_E2_S3_GE2_GL1_H1_MA2,0.3256520679984555
UBFC_MMPD,none,100,subject29,subject29_L3_MO4_E2_S3_GE2_GL1_H1_MA2,0.1496530502274784
UBFC_MMPD,none,100,subject29,subject29_L4_MO1_E1_S3_GE2_GL1_H1_MA2,0.327626099182402
UBFC_MMPD,none,100,subject29,subject29_L4_MO1_E2_S3_GE2_GL1_H1_MA2,0.3703869958844095
UBFC_MMPD,none,100,subject29,subject29_L4_MO2_E2_S3_GE2_GL1_H1_MA2,0.2490797098522175
UBFC_MMPD,none,100,subject29,subject29_L4_MO3_E2_S3_GE2_GL1_H1_MA2,0.2405859785047656
UBFC_MMPD,none,100,subject29,subject29_L4_MO4_E2_S3_GE2_GL1_H1_MA2,0.1292784767765314
UBFC_MMPD,none,100,subject2,subject2_L1_MO1_E1_S4_GE1_GL1_H1_MA2,0.1477321370962502
UBFC_MMPD,none,100,subject2,subject2_L1_MO1_E2_S4_GE1_GL1_H1_MA2,0.3917495221830225
UBFC_MMPD,none,100,subject2,subject2_L1_MO2_E2_S4_GE1_GL1_H1_MA2,0.1386635128346195
UBFC_MMPD,none,100,subject2,subject2_L1_MO3_E2_S4_GE1_GL1_H1_MA2,0.2840235698601909
UBFC_MMPD,none,100,subject2,subject2_L1_MO4_E2_S4_GE1_GL1_H1_MA2,0.1124248886753362
UBFC_MMPD,none,100,subject2,subject2_L2_MO1_E1_S4_GE1_GL1_H1_MA2,0.1467611477785448
UBFC_MMPD,none,100,subject2,subject2_L2_MO1_E2_S4_GE1_GL1_H1_MA2,0.2258970864330365
UBFC_MMPD,none,100,subject2,subject2_L2_MO2_E2_S4_GE1_GL1_H1_MA2,0.1036271765989151
UBFC_MMPD,none,100,subject2,subject2_L2_MO3_E2_S4_GE1_GL1_H1_MA2,0.2882012648318488
UBFC_MMPD,none,100,subject2,subject2_L2_MO4_E2_S4_GE1_GL1_H1_MA2,0.1120074861442888
UBFC_MMPD,none,100,subject2,subject2_L3_MO1_E1_S4_GE1_GL1_H1_MA2,0.282346872915023
UBFC_MMPD,none,100,subject2,subject2_L3_MO1_E2_S4_GE1_GL1_H1_MA2,0.4163247149300645
UBFC_MMPD,none,100,subject2,subject2_L3_MO2_E2_S4_GE1_GL1_H1_MA2,0.1156060675387499
UBFC_MMPD,none,100,subject2,subject2_L3_MO3_E2_S4_GE1_GL1_H1_MA2,0.2223293270412404
UBFC_MMPD,none,100,subject2,subject2_L3_MO4_E2_S4_GE1_GL1_H1_MA2,0.1263715918491792
UBFC_MMPD,none,100,subject2,subject2_L4_MO1_E1_S4_GE1_GL1_H1_MA2,0.1260527159261004
UBFC_MMPD,none,100,subject2,subject2_L4_MO1_E2_S4_GE1_GL1_H1_MA2,0.3665141956796515
UBFC_MMPD,none,100,subject2,subject2_L4_MO2_E2_S4_GE1_GL1_H1_MA2,0.1155061656673101
UBFC_MMPD,none,100,subject2,subject2_L4_MO3_E2_S4_GE1_GL1_H1_MA2,0.2019857201996
UBFC_MMPD,none,100,subject2,subject2_L4_MO4_E2_S4_GE1_GL1_H1_MA2,0.1436628457032183
UBFC_MMPD,none,100,subject30,subject30_L1_MO1_E1_S6_GE1_GL2_H2_MA2,0.0956739326086431
UBFC_MMPD,none,100,subject30,subject30_L1_MO1_E2_S6_GE1_GL2_H2_MA2,0.0974994580202275
UBFC_MMPD,none,100,subject30,subject30_L1_MO2_E2_S6_GE1_GL2_H2_MA2,0.0704327330881633
UBFC_MMPD,none,100,subject30,subject30_L1_MO3_E2_S6_GE1_GL2_H2_MA2,0.1259673050291402
UBFC_MMPD,none,100,subject30,subject30_L1_MO4_E2_S6_GE1_GL2_H2_MA2,0.179290410902606
UBFC_MMPD,none,100,subject30,subject30_L2_MO1_E1_S6_GE1_GL2_H2_MA2,0.08332575963781
UBFC_MMPD,none,100,subject30,subject30_L2_MO1_E2_S6_GE1_GL2_H2_MA2,0.1946312957720497
UBFC_MMPD,none,100,subject30,subject30_L2_MO2_E2_S6_GE1_GL2_H2_MA2,0.080193220673372
UBFC_MMPD,none,100,subject30,subject30_L2_MO3_E2_S6_GE1_GL2_H2_MA2,0.1259713608574626
UBFC_MMPD,none,100,subject30,subject30_L2_MO4_E2_S6_GE1_GL2_H2_MA2,0.1363882022591823
UBFC_MMPD,none,100,subject30,subject30_L3_MO1_E1_S6_GE1_GL2_H2_MA2,0.1184904324890869
UBFC_MMPD,none,100,subject30,subject30_L3_MO1_E2_S6_GE1_GL2_H2_MA2,0.2661869286128095
UBFC_MMPD,none,100,subject30,subject30_L3_MO2_E2_S6_GE1_GL2_H2_MA2,0.1130213600208903
UBFC_MMPD,none,100,subject30,subject30_L3_MO3_E2_S6_GE1_GL2_H2_MA2,0.2039138052875141
UBFC_MMPD,none,100,subject30,subject30_L3_MO4_E2_S6_GE1_GL2_H2_MA2,0.1883105045126203
UBFC_MMPD,none,100,subject30,subject30_L4_MO1_E1_S6_GE1_GL2_H2_MA2,0.1418118157808665
UBFC_MMPD,none,100,subject30,subject30_L4_MO1_E2_S6_GE1_GL2_H2_MA2,0.1294003168268367
UBFC_MMPD,none,100,subject30,subject30_L4_MO2_E2_S6_GE1_GL2_H2_MA2,0.0930143950959098
UBFC_MMPD,none,100,subject30,subject30_L4_MO3_E2_S6_GE1_GL2_H2_MA2,0.1465346604575014
UBFC_MMPD,none,100,subject30,subject30_L4_MO4_E2_S6_GE1_GL2_H2_MA2,0.1749225120446613
UBFC_MMPD,none,100,subject31,subject31_L1_MO1_E1_S5_GE1_GL2_H2_MA2,0.0660066032724902
UBFC_MMPD,none,100,subject31,subject31_L1_MO1_E2_S5_GE1_GL2_H2_MA2,0.1610350355123111
UBFC_MMPD,none,100,subject31,subject31_L1_MO2_E2_S5_GE1_GL2_H2_MA2,0.0981562031927945
UBFC_MMPD,none,100,subject31,subject31_L1_MO3_E2_S5_GE1_GL2_H2_MA2,0.120448138859005
UBFC_MMPD,none,100,subject31,subject31_L1_MO4_E2_S5_GE1_GL2_H2_MA2,0.1259658060812703
UBFC_MMPD,none,100,subject31,subject31_L2_MO1_E1_S5_GE1_GL2_H2_MA2,0.1134263649399151
UBFC_MMPD,none,100,subject31,subject31_L2_MO1_E2_S5_GE1_GL2_H2_MA2,0.1467370878747038
UBFC_MMPD,none,100,subject31,subject31_L2_MO2_E2_S5_GE1_GL2_H2_MA2,0.1117356818862411
UBFC_MMPD,none,100,subject31,subject31_L2_MO3_E2_S5_GE1_GL2_H2_MA2,0.1717244252266936
UBFC_MMPD,none,100,subject31,subject31_L2_MO4_E2_S5_GE1_GL2_H2_MA2,0.1438321847985529
UBFC_MMPD,none,100,subject31,subject31_L3_MO1_E1_S5_GE1_GL2_H2_MA2,0.1240027061436261
UBFC_MMPD,none,100,subject31,subject31_L3_MO1_E2_S5_GE1_GL2_H2_MA2,0.1019390842916964
UBFC_MMPD,none,100,subject31,subject31_L3_MO2_E2_S5_GE1_GL2_H2_MA2,0.0814279587536615
UBFC_MMPD,none,100,subject31,subject31_L3_MO3_E2_S5_GE1_GL2_H2_MA2,0.1478280600765048
UBFC_MMPD,none,100,subject31,subject31_L3_MO4_E2_S5_GE1_GL2_H2_MA2,0.1292936955340969
UBFC_MMPD,none,100,subject31,subject31_L4_MO1_E1_S5_GE1_GL2_H2_MA2,0.0952118233764743
UBFC_MMPD,none,100,subject31,subject31_L4_MO1_E2_S5_GE1_GL2_H2_MA2,0.1253884194688394
UBFC_MMPD,none,100,subject31,subject31_L4_MO2_E2_S5_GE1_GL2_H2_MA2,0.0770596101849418
UBFC_MMPD,none,100,subject31,subject31_L4_MO3_E2_S5_GE1_GL2_H2_MA2,0.1377329240594736
UBFC_MMPD,none,100,subject31,subject31_L4_MO4_E2_S5_GE1_GL2_H2_MA2,0.1327841308311183
UBFC_MMPD,none,100,subject32,subject32_L1_MO1_E1_S3_GE2_GL2_H2_MA2,0.5696268040340036
UBFC_MMPD,none,100,subject32,subject32_L1_MO1_E2_S3_GE2_GL2_H2_MA2,0.4679592482982902
UBFC_MMPD,none,100,subject32,subject32_L1_MO2_E2_S3_GE2_GL2_H2_MA2,0.2671867683169378
UBFC_MMPD,none,100,subject32,subject32_L1_MO3_E2_S3_GE2_GL2_H2_MA2,0.4959470810546382
UBFC_MMPD,none,100,subject32,subject32_L1_MO4_E2_S3_GE2_GL2_H2_MA2,0.1094261711632198
UBFC_MMPD,none,100,subject32,subject32_L2_MO1_E1_S3_GE2_GL2_H2_MA2,0.6122344907097573
UBFC_MMPD,none,100,subject32,subject32_L2_MO1_E2_S3_GE2_GL2_H2_MA2,0.4985438573178279
UBFC_MMPD,none,100,subject32,subject32_L2_MO2_E2_S3_GE2_GL2_H2_MA2,0.5490266103007321
UBFC_MMPD,none,100,subject32,subject32_L2_MO3_E2_S3_GE2_GL2_H2_MA2,0.3503132791496541
UBFC_MMPD,none,100,subject32,subject32_L2_MO4_E2_S3_GE2_GL2_H2_MA2,0.1193456159151613
UBFC_MMPD,none,100,subject32,subject32_L3_MO1_E1_S3_GE2_GL2_H2_MA2,0.5861765365339224
UBFC_MMPD,none,100,subject32,subject32_L3_MO1_E2_S3_GE2_GL2_H2_MA2,0.4936778075576977
UBFC_MMPD,none,100,subject32,subject32_L3_MO2_E2_S3_GE2_GL2_H2_MA2,0.5684523120320939
UBFC_MMPD,none,100,subject32,subject32_L3_MO3_E2_S3_GE2_GL2_H2_MA2,0.3714379945304972
UBFC_MMPD,none,100,subject32,subject32_L3_MO4_E2_S3_GE2_GL2_H2_MA2,0.1440533227634576
UBFC_MMPD,none,100,subject32,subject32_L4_MO1_E1_S3_GE2_GL2_H2_MA2,0.6338736291139994
UBFC_MMPD,none,100,subject32,subject32_L4_MO1_E2_S3_GE2_GL2_H2_MA2,0.3144026163202131
UBFC_MMPD,none,100,subject32,subject32_L4_MO2_E2_S3_GE2_GL2_H2_MA2,0.2687877839750101
UBFC_MMPD,none,100,subject32,subject32_L4_MO3_E2_S3_GE2_GL2_H2_MA2,0.2814650062731181
UBFC_MMPD,none,100,subject32,subject32_L4_MO4_E2_S3_GE2_GL2_H2_MA2,0.1683615313983744
UBFC_MMPD,none,100,subject33,subject33_L1_MO1_E1_S3_GE2_GL2_H2_MA2,0.1138781713084679
UBFC_MMPD,none,100,subject33,subject33_L1_MO1_E2_S3_GE2_GL2_H2_MA2,0.1587280621380924
UBFC_MMPD,none,100,subject33,subject33_L1_MO2_E2_S3_GE2_GL2_H2_MA2,0.1353440976495454
UBFC_MMPD,none,100,subject33,subject33_L1_MO3_E2_S3_GE2_GL2_H2_MA2,0.242671304165733
UBFC_MMPD,none,100,subject33,subject33_L1_MO4_E2_S3_GE2_GL2_H2_MA2,0.1376800249044374
UBFC_MMPD,none,100,subject33,subject33_L2_MO1_E1_S3_GE2_GL2_H2_MA2,0.2319676027980526
UBFC_MMPD,none,100,subject33,subject33_L2_MO1_E2_S3_GE2_GL2_H2_MA2,0.1882827027520713
UBFC_MMPD,none,100,subject33,subject33_L2_MO2_E2_S3_GE2_GL2_H2_MA2,0.2444300612456244
UBFC_MMPD,none,100,subject33,subject33_L2_MO3_E2_S3_GE2_GL2_H2_MA2,0.2857016384046035
UBFC_MMPD,none,100,subject33,subject33_L2_MO4_E2_S3_GE2_GL2_H2_MA2,0.150139572380984
UBFC_MMPD,none,100,subject33,subject33_L3_MO1_E1_S3_GE2_GL2_H2_MA2,0.2220724806534665
UBFC_MMPD,none,100,subject33,subject33_L3_MO1_E2_S3_GE2_GL2_H2_MA2,0.27868802445348
UBFC_MMPD,none,100,subject33,subject33_L3_MO2_E2_S3_GE2_GL2_H2_MA2,0.1652014565960532
UBFC_MMPD,none,100,subject33,subject33_L3_MO3_E2_S3_GE2_GL2_H2_MA2,0.1982670935683098
UBFC_MMPD,none,100,subject33,subject33_L3_MO4_E2_S3_GE2_GL2_H2_MA2,0.1303333705257886
UBFC_MMPD,none,100,subject33,subject33_L4_MO1_E1_S3_GE2_GL2_H2_MA2,0.1373415589286043
UBFC_MMPD,none,100,subject33,subject33_L4_MO1_E2_S3_GE2_GL2_H2_MA2,0.1468999188140514
UBFC_MMPD,none,100,subject33,subject33_L4_MO2_E2_S3_GE2_GL2_H2_MA2,0.1499967819183729
UBFC_MMPD,none,100,subject33,subject33_L4_MO3_E2_S3_GE2_GL2_H2_MA2,0.1781414291497646
UBFC_MMPD,none,100,subject33,subject33_L4_MO4_E2_S3_GE2_GL2_H2_MA2,0.1915596766446111
UBFC_MMPD,none,100,subject3,subject3_L1_MO1_E1_S3_GE1_GL2_H1_MA2,0.135963531151027
UBFC_MMPD,none,100,subject3,subject3_L1_MO1_E2_S3_GE1_GL2_H1_MA2,0.1829102027041616
UBFC_MMPD,none,100,subject3,subject3_L1_MO2_E2_S3_GE1_GL2_H1_MA2,0.1177452559651062
UBFC_MMPD,none,100,subject3,subject3_L1_MO3_E2_S3_GE1_GL2_H1_MA2,0.1341492493824303
UBFC_MMPD,none,100,subject3,subject3_L1_MO4_E2_S3_GE1_GL2_H1_MA2,0.1437963528754104
UBFC_MMPD,none,100,subject3,subject3_L2_MO1_E1_S3_GE1_GL2_H1_MA2,0.1114877413313265
UBFC_MMPD,none,100,subject3,subject3_L2_MO1_E2_S3_GE1_GL2_H1_MA2,0.1671996827092109
UBFC_MMPD,none,100,subject3,subject3_L2_MO2_E2_S3_GE1_GL2_H1_MA2,0.2717823150708369
UBFC_MMPD,none,100,subject3,subject3_L2_MO3_E2_S3_GE1_GL2_H1_MA2,0.1517016969918787
UBFC_MMPD,none,100,subject3,subject3_L2_MO4_E2_S3_GE1_GL2_H1_MA2,0.1587649230581403
UBFC_MMPD,none,100,subject3,subject3_L3_MO1_E1_S3_GE1_GL2_H1_MA2,0.1337173596220581
UBFC_MMPD,none,100,subject3,subject3_L3_MO1_E2_S3_GE1_GL2_H1_MA2,0.109943979941439
UBFC_MMPD,none,100,subject3,subject3_L3_MO2_E2_S3_GE1_GL2_H1_MA2,0.097242517747276
UBFC_MMPD,none,100,subject3,subject3_L3_MO3_E2_S3_GE1_GL2_H1_MA2,0.1278527622014825
UBFC_MMPD,none,100,subject3,subject3_L3_MO4_E2_S3_GE1_GL2_H1_MA2,0.1210283338468457
UBFC_MMPD,none,100,subject3,subject3_L4_MO1_E1_S3_GE1_GL2_H1_MA2,0.1154682594671213
UBFC_MMPD,none,100,subject3,subject3_L4_MO1_E2_S3_GE1_GL2_H1_MA2,0.1466783614663902
UBFC_MMPD,none,100,subject3,subject3_L4_MO2_E2_S3_GE1_GL2_H1_MA2,0.1703113508922047
UBFC_MMPD,none,100,subject3,subject3_L4_MO3_E2_S3_GE1_GL2_H1_MA2,0.1099307086770632
UBFC_MMPD,none,100,subject3,subject3_L4_MO4_E2_S3_GE1_GL2_H1_MA2,0.1189457055773512
UBFC_MMPD,none,100,subject4,subject4_L1_MO1_E1_S3_GE1_GL2_H1_MA2,0.5240155257827126
UBFC_MMPD,none,100,subject4,subject4_L1_MO1_E2_S3_GE1_GL2_H1_MA2,0.2305511592558695
UBFC_MMPD,none,100,subject4,subject4_L1_MO2_E2_S3_GE1_GL2_H1_MA2,0.1241963278994027
UBFC_MMPD,none,100,subject4,subject4_L1_MO3_E2_S3_GE1_GL2_H1_MA2,0.1462257462807507
UBFC_MMPD,none,100,subject4,subject4_L1_MO4_E2_S3_GE1_GL2_H1_MA2,0.1152171209225008
UBFC_MMPD,none,100,subject4,subject4_L2_MO1_E1_S3_GE1_GL2_H1_MA2,0.3057566449049613
UBFC_MMPD,none,100,subject4,subject4_L2_MO1_E2_S3_GE1_GL2_H1_MA2,0.3506686529314762
UBFC_MMPD,none,100,subject4,subject4_L2_MO2_E2_S3_GE1_GL2_H1_MA2,0.1839202036665448
UBFC_MMPD,none,100,subject4,subject4_L2_MO3_E2_S3_GE1_GL2_H1_MA2,0.1804955787198162
UBFC_MMPD,none,100,subject4,subject4_L2_MO4_E2_S3_GE1_GL2_H1_MA2,0.1564561640863511
UBFC_MMPD,none,100,subject4,subject4_L3_MO1_E1_S3_GE1_GL2_H1_MA2,0.3954953770854728
UBFC_MMPD,none,100,subject4,subject4_L3_MO1_E2_S3_GE1_GL2_H1_MA2,0.2941165755955604
UBFC_MMPD,none,100,subject4,subject4_L3_MO2_E2_S3_GE1_GL2_H1_MA2,0.1317187581290393
UBFC_MMPD,none,100,subject4,subject4_L3_MO3_E2_S3_GE1_GL2_H1_MA2,0.3123594815526345
UBFC_MMPD,none,100,subject4,subject4_L3_MO4_E2_S3_GE1_GL2_H1_MA2,0.0919642363792095
UBFC_MMPD,none,100,subject4,subject4_L4_MO1_E1_S3_GE1_GL2_H1_MA2,0.359463652269422
UBFC_MMPD,none,100,subject4,subject4_L4_MO1_E2_S3_GE1_GL2_H1_MA2,0.4717458729884643
UBFC_MMPD,none,100,subject4,subject4_L4_MO2_E2_S3_GE1_GL2_H1_MA2,0.1845522157032307
UBFC_MMPD,none,100,subject4,subject4_L4_MO3_E2_S3_GE1_GL2_H1_MA2,0.2862500489710321
UBFC_MMPD,none,100,subject4,subject4_L4_MO4_E2_S3_GE1_GL2_H1_MA2,0.0882315904534538
UBFC_MMPD,none,100,subject5,subject5_L1_MO1_E1_S3_GE2_GL1_H1_MA1,0.2335674174725185
UBFC_MMPD,none,100,subject5,subject5_L1_MO1_E2_S3_GE2_GL1_H1_MA1,0.1970025320540662
UBFC_MMPD,none,100,subject5,subject5_L1_MO2_E2_S3_GE2_GL1_H1_MA1,0.1840661864101003
UBFC_MMPD,none,100,subject5,subject5_L1_MO3_E2_S3_GE2_GL1_H1_MA1,0.2411557961802403
UBFC_MMPD,none,100,subject5,subject5_L1_MO4_E2_S3_GE2_GL1_H1_MA1,0.114842602355356
UBFC_MMPD,none,100,subject5,subject5_L2_MO1_E1_S3_GE2_GL1_H1_MA1,0.3083847665715678
UBFC_MMPD,none,100,subject5,subject5_L2_MO1_E2_S3_GE2_GL1_H1_MA1,0.2376403161180487
UBFC_MMPD,none,100,subject5,subject5_L2_MO2_E2_S3_GE2_GL1_H1_MA1,0.1799547936203986
UBFC_MMPD,none,100,subject5,subject5_L2_MO3_E2_S3_GE2_GL1_H1_MA1,0.203631602520682
UBFC_MMPD,none,100,subject5,subject5_L2_MO4_E2_S3_GE2_GL1_H1_MA1,0.1615488923878448
UBFC_MMPD,none,100,subject5,subject5_L3_MO1_E1_S3_GE2_GL1_H1_MA1,0.1025401362103099
UBFC_MMPD,none,100,subject5,subject5_L3_MO1_E2_S3_GE2_GL1_H1_MA1,0.2259708923255397
UBFC_MMPD,none,100,subject5,subject5_L3_MO2_E2_S3_GE2_GL1_H1_MA1,0.145111695993715
UBFC_MMPD,none,100,subject5,subject5_L3_MO3_E2_S3_GE2_GL1_H1_MA1,0.1706891230824442
UBFC_MMPD,none,100,subject5,subject5_L3_MO4_E2_S3_GE2_GL1_H1_MA1,0.1295057009614325
UBFC_MMPD,none,100,subject5,subject5_L4_MO1_E1_S3_GE2_GL1_H1_MA1,0.318160787951485
UBFC_MMPD,none,100,subject5,subject5_L4_MO1_E2_S3_GE2_GL1_H1_MA1,0.2145638433056362
UBFC_MMPD,none,100,subject5,subject5_L4_MO2_E2_S3_GE2_GL1_H1_MA1,0.1112826664402193
UBFC_MMPD,none,100,subject5,subject5_L4_MO3_E2_S3_GE2_GL1_H1_MA1,0.1402575521058377
UBFC_MMPD,none,100,subject5,subject5_L4_MO4_E2_S3_GE2_GL1_H1_MA1,0.1551154337170883
UBFC_MMPD,none,100,subject6,subject6_L1_MO1_E1_S3_GE1_GL2_H2_MA2,0.3622114227224577
UBFC_MMPD,none,100,subject6,subject6_L1_MO1_E2_S3_GE1_GL2_H2_MA2,0.4299599345134191
UBFC_MMPD,none,100,subject6,subject6_L1_MO2_E2_S3_GE1_GL2_H2_MA2,0.236149099554673
UBFC_MMPD,none,100,subject6,subject6_L1_MO3_E2_S3_GE1_GL2_H2_MA2,0.3409941897183244
UBFC_MMPD,none,100,subject6,subject6_L1_MO4_E2_S3_GE1_GL2_H2_MA2,0.1479833107371816
UBFC_MMPD,none,100,subject6,subject6_L2_MO1_E1_S3_GE1_GL2_H2_MA2,0.1048094167360593
UBFC_MMPD,none,100,subject6,subject6_L2_MO1_E2_S3_GE1_GL2_H2_MA2,0.1936169378938416
UBFC_MMPD,none,100,subject6,subject6_L2_MO2_E2_S3_GE1_GL2_H2_MA2,0.1979710120406587
UBFC_MMPD,none,100,subject6,subject6_L2_MO3_E2_S3_GE1_GL2_H2_MA2,0.179995075132807
UBFC_MMPD,none,100,subject6,subject6_L2_MO4_E2_S3_GE1_GL2_H2_MA2,0.1068291124430781
UBFC_MMPD,none,100,subject6,subject6_L3_MO1_E1_S3_GE1_GL2_H2_MA2,0.1151662464783672
UBFC_MMPD,none,100,subject6,subject6_L3_MO1_E2_S3_GE1_GL2_H2_MA2,0.2975489972695964
UBFC_MMPD,none,100,subject6,subject6_L3_MO2_E2_S3_GE1_GL2_H2_MA2,0.2171286797771456
UBFC_MMPD,none,100,subject6,subject6_L3_MO3_E2_S3_GE1_GL2_H2_MA2,0.4218267520827798
UBFC_MMPD,none,100,subject6,subject6_L3_MO4_E2_S3_GE1_GL2_H2_MA2,0.1053400455927654
UBFC_MMPD,none,100,subject6,subject6_L4_MO1_E1_S3_GE1_GL2_H2_MA2,0.3106930355545199
UBFC_MMPD,none,100,subject6,subject6_L4_MO1_E2_S3_GE1_GL2_H2_MA2,0.1814249798745374
UBFC_MMPD,none,100,subject6,subject6_L4_MO2_E2_S3_GE1_GL2_H2_MA2,0.2334932240502554
UBFC_MMPD,none,100,subject6,subject6_L4_MO3_E2_S3_GE1_GL2_H2_MA2,0.2007126235403872
UBFC_MMPD,none,100,subject6,subject6_L4_MO4_E2_S3_GE1_GL2_H2_MA2,0.1377334434429602
UBFC_MMPD,none,100,subject7,subject7_L1_MO1_E1_S5_GE1_GL1_H2_MA2,0.1621461245703112
UBFC_MMPD,none,100,subject7,subject7_L1_MO1_E2_S5_GE1_GL1_H2_MA2,0.1061151404161821
UBFC_MMPD,none,100,subject7,subject7_L1_MO2_E2_S5_GE1_GL1_H2_MA2,0.1289897200667759
UBFC_MMPD,none,100,subject7,subject7_L2_MO1_E1_S5_GE1_GL1_H2_MA2,0.2155813356941007
UBFC_MMPD,none,100,subject7,subject7_L3_MO1_E1_S5_GE1_GL1_H2_MA2,0.1378429931961211
UBFC_MMPD,none,100,subject7,subject7_L3_MO3_E2_S5_GE1_GL1_H2_MA2,0.0970202731492187
UBFC_MMPD,none,100,subject7,subject7_L3_MO4_E2_S5_GE1_GL1_H2_MA2,0.1509496861191209
UBFC_MMPD,none,100,subject7,subject7_L4_MO1_E1_S5_GE1_GL1_H2_MA2,0.1631935673164349
UBFC_MMPD,none,100,subject7,subject7_L4_MO1_E2_S5_GE1_GL1_H2_MA2,0.2855821422960786
UBFC_MMPD,none,100,subject7,subject7_L4_MO2_E2_S5_GE1_GL1_H2_MA2,0.125868870013105
UBFC_MMPD,none,100,subject7,subject7_L4_MO3_E2_S5_GE1_GL1_H2_MA2,0.1707135519005223
UBFC_MMPD,none,100,subject7,subject7_L4_MO4_E2_S5_GE1_GL1_H2_MA2,0.1320044944862245
UBFC_MMPD,none,202,subject10,subject10_L1_MO1_E1_S4_GE2_GL2_H2_MA2,0.1657784103903078
UBFC_MMPD,none,202,subject10,subject10_L1_MO1_E2_S4_GE2_GL2_H2_MA2,0.2494402087005937
UBFC_MMPD,none,202,subject10,subject10_L1_MO2_E2_S4_GE2_GL2_H2_MA2,0.144153684945288
UBFC_MMPD,none,202,subject10,subject10_L1_MO3_E2_S4_GE2_GL2_H2_MA2,0.1526679661719154
UBFC_MMPD,none,202,subject10,subject10_L1_MO4_E2_S4_GE2_GL2_H2_MA2,0.1597055772443468
UBFC_MMPD,none,202,subject10,subject10_L2_MO1_E1_S4_GE2_GL2_H2_MA2,0.1124319213462332
UBFC_MMPD,none,202,subject10,subject10_L2_MO1_E2_S4_GE2_GL2_H2_MA2,0.2020832445490016
UBFC_MMPD,none,202,subject10,subject10_L2_MO2_E2_S4_GE2_GL2_H2_MA2,0.1281960259718683
UBFC_MMPD,none,202,subject10,subject10_L2_MO3_E2_S4_GE2_GL2_H2_MA2,0.1448147743471778
UBFC_MMPD,none,202,subject10,subject10_L2_MO4_E2_S4_GE2_GL2_H2_MA2,0.1348112276155082
UBFC_MMPD,none,202,subject10,subject10_L3_MO1_E1_S4_GE2_GL2_H2_MA2,0.1339451769479234
UBFC_MMPD,none,202,subject10,subject10_L3_MO1_E2_S4_GE2_GL2_H2_MA2,0.1410109335294093
UBFC_MMPD,none,202,subject10,subject10_L3_MO2_E2_S4_GE2_GL2_H2_MA2,0.1088664361665331
UBFC_MMPD,none,202,subject10,subject10_L3_MO3_E2_S4_GE2_GL2_H2_MA2,0.1343817354092266
UBFC_MMPD,none,202,subject10,subject10_L3_MO4_E2_S4_GE2_GL2_H2_MA2,0.1280616165965801
UBFC_MMPD,none,202,subject10,subject10_L4_MO1_E1_S4_GE2_GL2_H2_MA2,0.098329539401607
UBFC_MMPD,none,202,subject10,subject10_L4_MO1_E2_S4_GE2_GL2_H2_MA2,0.0875538509821194
UBFC_MMPD,none,202,subject10,subject10_L4_MO2_E2_S4_GE2_GL2_H2_MA2,0.1384029946485917
UBFC_MMPD,none,202,subject10,subject10_L4_MO3_E2_S4_GE2_GL2_H2_MA2,0.1646140167082443
UBFC_MMPD,none,202,subject10,subject10_L4_MO4_E2_S4_GE2_GL2_H2_MA2,0.1623990269382104
UBFC_MMPD,none,202,subject11,subject11_L1_MO1_E1_S5_GE1_GL2_H2_MA2,0.1794200146605541
UBFC_MMPD,none,202,subject11,subject11_L1_MO1_E2_S5_GE1_GL2_H2_MA2,0.205226837478154
UBFC_MMPD,none,202,subject11,subject11_L1_MO2_E2_S5_GE1_GL2_H2_MA2,0.1691049197258827
UBFC_MMPD,none,202,subject11,subject11_L1_MO3_E2_S5_GE1_GL2_H2_MA2,0.1346749354051127
UBFC_MMPD,none,202,subject11,subject11_L1_MO4_E2_S5_GE1_GL2_H2_MA2,0.1386412626816423
UBFC_MMPD,none,202,subject11,subject11_L2_MO1_E1_S5_GE1_GL2_H2_MA2,0.132775049643965
UBFC_MMPD,none,202,subject11,subject11_L2_MO1_E2_S5_GE1_GL2_H2_MA2,0.180175060250124
UBFC_MMPD,none,202,subject11,subject11_L2_MO2_E2_S5_GE1_GL2_H2_MA2,0.1240397795437238
UBFC_MMPD,none,202,subject11,subject11_L2_MO3_E2_S5_GE1_GL2_H2_MA2,0.1365149970259657
UBFC_MMPD,none,202,subject11,subject11_L2_MO4_E2_S5_GE1_GL2_H2_MA2,0.1187773689990055
UBFC_MMPD,none,202,subject11,subject11_L3_MO1_E1_S5_GE1_GL2_H2_MA2,0.1628669465790742
UBFC_MMPD,none,202,subject11,subject11_L3_MO1_E2_S5_GE1_GL2_H2_MA2,0.2169802256128182
UBFC_MMPD,none,202,subject11,subject11_L3_MO2_E2_S5_GE1_GL2_H2_MA2,0.1552728483999833
UBFC_MMPD,none,202,subject11,subject11_L3_MO3_E2_S5_GE1_GL2_H2_MA2,0.1167924070449517
UBFC_MMPD,none,202,subject11,subject11_L3_MO4_E2_S5_GE1_GL2_H2_MA2,0.1511799211388238
UBFC_MMPD,none,202,subject11,subject11_L4_MO1_E1_S5_GE1_GL2_H2_MA2,0.0875728093438169
UBFC_MMPD,none,202,subject11,subject11_L4_MO1_E2_S5_GE1_GL2_H2_MA2,0.2181129664526933
UBFC_MMPD,none,202,subject11,subject11_L4_MO2_E2_S5_GE1_GL2_H2_MA2,0.1376686707256017
UBFC_MMPD,none,202,subject11,subject11_L4_MO3_E2_S5_GE1_GL2_H2_MA2,0.1574138664127078
UBFC_MMPD,none,202,subject11,subject11_L4_MO4_E2_S5_GE1_GL2_H2_MA2,0.1190984778657466
UBFC_MMPD,none,202,subject12,subject12_L1_MO1_E1_S3_GE2_GL1_H2_MA2,0.0998219002096596
UBFC_MMPD,none,202,subject12,subject12_L1_MO1_E2_S3_GE2_GL1_H2_MA2,0.168188681157807
UBFC_MMPD,none,202,subject12,subject12_L1_MO2_E2_S3_GE2_GL1_H2_MA2,0.1435769233391811
UBFC_MMPD,none,202,subject12,subject12_L1_MO3_E2_S3_GE2_GL1_H2_MA2,0.1039130418837212
UBFC_MMPD,none,202,subject12,subject12_L1_MO4_E2_S3_GE2_GL1_H2_MA2,0.1215047186897514
UBFC_MMPD,none,202,subject12,subject12_L2_MO1_E1_S3_GE2_GL1_H2_MA2,0.183312414587603
UBFC_MMPD,none,202,subject12,subject12_L2_MO1_E2_S3_GE2_GL1_H2_MA2,0.1405284194140434
UBFC_MMPD,none,202,subject12,subject12_L2_MO2_E2_S3_GE2_GL1_H2_MA2,0.155728864981283
UBFC_MMPD,none,202,subject12,subject12_L2_MO3_E2_S3_GE2_GL1_H2_MA2,0.1374295928598748
UBFC_MMPD,none,202,subject12,subject12_L2_MO4_E2_S3_GE2_GL1_H2_MA2,0.1459707090216675
UBFC_MMPD,none,202,subject12,subject12_L3_MO1_E1_S3_GE2_GL1_H2_MA2,0.2223267924302678
UBFC_MMPD,none,202,subject12,subject12_L3_MO1_E2_S3_GE2_GL1_H2_MA2,0.0918290951589917
UBFC_MMPD,none,202,subject12,subject12_L3_MO2_E2_S3_GE2_GL1_H2_MA2,0.1502865147661335
UBFC_MMPD,none,202,subject12,subject12_L3_MO3_E2_S3_GE2_GL1_H2_MA2,0.1713101048039198
UBFC_MMPD,none,202,subject12,subject12_L3_MO4_E2_S3_GE2_GL1_H2_MA2,0.1338708554627328
UBFC_MMPD,none,202,subject12,subject12_L4_MO1_E1_S3_GE2_GL1_H2_MA2,0.1822719874220764
UBFC_MMPD,none,202,subject12,subject12_L4_MO1_E2_S3_GE2_GL1_H2_MA2,0.2819373251614935
UBFC_MMPD,none,202,subject12,subject12_L4_MO2_E2_S3_GE2_GL1_H2_MA2,0.1318975802276039
UBFC_MMPD,none,202,subject12,subject12_L4_MO3_E2_S3_GE2_GL1_H2_MA2,0.1576096757709038
UBFC_MMPD,none,202,subject12,subject12_L4_MO4_E2_S3_GE2_GL1_H2_MA2,0.1539255286572597
UBFC_MMPD,none,202,subject13,subject13_L1_MO1_E1_S5_GE1_GL2_H2_MA2,0.0857992068748016
UBFC_MMPD,none,202,subject13,subject13_L1_MO1_E2_S5_GE1_GL2_H2_MA2,0.149966483882436
UBFC_MMPD,none,202,subject13,subject13_L1_MO2_E2_S5_GE1_GL2_H2_MA2,0.1553199933199904
UBFC_MMPD,none,202,subject13,subject13_L1_MO3_E2_S5_GE1_GL2_H2_MA2,0.1490761302126363
UBFC_MMPD,none,202,subject13,subject13_L1_MO4_E2_S5_GE1_GL2_H2_MA2,0.1596025549225084
UBFC_MMPD,none,202,subject13,subject13_L2_MO1_E1_S5_GE1_GL2_H2_MA2,0.0605830465702164
UBFC_MMPD,none,202,subject13,subject13_L2_MO1_E2_S5_GE1_GL2_H2_MA2,0.2467951534649986
UBFC_MMPD,none,202,subject13,subject13_L2_MO2_E2_S5_GE1_GL2_H2_MA2,0.0985761242917821
UBFC_MMPD,none,202,subject13,subject13_L2_MO3_E2_S5_GE1_GL2_H2_MA2,0.2532644322474194
UBFC_MMPD,none,202,subject13,subject13_L2_MO4_E2_S5_GE1_GL2_H2_MA2,0.1626308990627687
UBFC_MMPD,none,202,subject13,subject13_L3_MO1_E1_S5_GE1_GL2_H2_MA2,0.1393049301820808
UBFC_MMPD,none,202,subject13,subject13_L3_MO1_E2_S5_GE1_GL2_H2_MA2,0.2236554913636808
UBFC_MMPD,none,202,subject13,subject13_L3_MO2_E2_S5_GE1_GL2_H2_MA2,0.1077438117953276
UBFC_MMPD,none,202,subject13,subject13_L3_MO3_E2_S5_GE1_GL2_H2_MA2,0.2833887727657714
UBFC_MMPD,none,202,subject13,subject13_L3_MO4_E2_S5_GE1_GL2_H2_MA2,0.0937320970621476
UBFC_MMPD,none,202,subject13,subject13_L4_MO1_E1_S5_GE1_GL2_H2_MA2,0.1173017299253414
UBFC_MMPD,none,202,subject13,subject13_L4_MO1_E2_S5_GE1_GL2_H2_MA2,0.4396341620098674
UBFC_MMPD,none,202,subject13,subject13_L4_MO2_E2_S5_GE1_GL2_H2_MA2,0.0960053271235521
UBFC_MMPD,none,202,subject13,subject13_L4_MO3_E2_S5_GE1_GL2_H2_MA2,0.3148168474343216
UBFC_MMPD,none,202,subject13,subject13_L4_MO4_E2_S5_GE1_GL2_H2_MA2,0.153062801012136
UBFC_MMPD,none,202,subject14,subject14_L1_MO1_E1_S6_GE1_GL2_H2_MA2,0.081006984445967
UBFC_MMPD,none,202,subject14,subject14_L1_MO1_E2_S6_GE1_GL2_H2_MA2,0.1323659725462444
UBFC_MMPD,none,202,subject14,subject14_L1_MO2_E2_S6_GE1_GL2_H2_MA2,0.0761307578023987
UBFC_MMPD,none,202,subject14,subject14_L1_MO3_E2_S6_GE1_GL2_H2_MA2,0.1256662626974844
UBFC_MMPD,none,202,subject14,subject14_L1_MO4_E2_S6_GE1_GL2_H2_MA2,0.1313301426997643
UBFC_MMPD,none,202,subject14,subject14_L2_MO1_E1_S6_GE1_GL2_H2_MA2,0.0586721162180442
UBFC_MMPD,none,202,subject14,subject14_L2_MO1_E2_S6_GE1_GL2_H2_MA2,0.1820366248527803
UBFC_MMPD,none,202,subject14,subject14_L2_MO2_E2_S6_GE1_GL2_H2_MA2,0.1329014658797918
UBFC_MMPD,none,202,subject14,subject14_L2_MO3_E2_S6_GE1_GL2_H2_MA2,0.1416718198268778
UBFC_MMPD,none,202,subject14,subject14_L2_MO4_E2_S6_GE1_GL2_H2_MA2,0.2736775295622888
UBFC_MMPD,none,202,subject14,subject14_L3_MO1_E1_S6_GE1_GL2_H2_MA2,0.0801173430339285
UBFC_MMPD,none,202,subject14,subject14_L3_MO1_E2_S6_GE1_GL2_H2_MA2,0.238567384319126
UBFC_MMPD,none,202,subject14,subject14_L3_MO2_E2_S6_GE1_GL2_H2_MA2,0.1157551451223281
UBFC_MMPD,none,202,subject14,subject14_L3_MO3_E2_S6_GE1_GL2_H2_MA2,0.2361104186180409
UBFC_MMPD,none,202,subject14,subject14_L3_MO4_E2_S6_GE1_GL2_H2_MA2,0.1519535166150294
UBFC_MMPD,none,202,subject14,subject14_L4_MO1_E1_S6_GE1_GL2_H2_MA2,0.0667251574267019
UBFC_MMPD,none,202,subject14,subject14_L4_MO1_E2_S6_GE1_GL2_H2_MA2,0.0908078564164125
UBFC_MMPD,none,202,subject14,subject14_L4_MO2_E2_S6_GE1_GL2_H2_MA2,0.0840322916222475
UBFC_MMPD,none,202,subject14,subject14_L4_MO3_E2_S6_GE1_GL2_H2_MA2,0.1239281932652618
UBFC_MMPD,none,202,subject14,subject14_L4_MO4_E2_S6_GE1_GL2_H2_MA2,0.410161368857049
UBFC_MMPD,none,202,subject15,subject15_L1_MO1_E1_S6_GE2_GL2_H2_MA2,0.0955270042854679
UBFC_MMPD,none,202,subject15,subject15_L1_MO1_E2_S6_GE2_GL2_H2_MA2,0.0828277361546261
UBFC_MMPD,none,202,subject15,subject15_L1_MO2_E2_S6_GE2_GL2_H2_MA2,0.0857225584183366
UBFC_MMPD,none,202,subject15,subject15_L1_MO3_E2_S6_GE2_GL2_H2_MA2,0.1658245539666802
UBFC_MMPD,none,202,subject15,subject15_L1_MO4_E2_S6_GE2_GL2_H2_MA2,0.1264779168570256
UBFC_MMPD,none,202,subject15,subject15_L2_MO1_E1_S6_GE2_GL2_H2_MA2,0.1030496848967561
UBFC_MMPD,none,202,subject15,subject15_L2_MO1_E2_S6_GE2_GL2_H2_MA2,0.1450010630450302
UBFC_MMPD,none,202,subject15,subject15_L2_MO2_E2_S6_GE2_GL2_H2_MA2,0.1308862243001027
UBFC_MMPD,none,202,subject15,subject15_L2_MO3_E2_S6_GE2_GL2_H2_MA2,0.1228231498381703
UBFC_MMPD,none,202,subject15,subject15_L2_MO4_E2_S6_GE2_GL2_H2_MA2,0.1907559732567889
UBFC_MMPD,none,202,subject15,subject15_L3_MO1_E1_S6_GE2_GL2_H2_MA2,0.1212372005844291
UBFC_MMPD,none,202,subject15,subject15_L3_MO1_E2_S6_GE2_GL2_H2_MA2,0.1222285761934449
UBFC_MMPD,none,202,subject15,subject15_L3_MO2_E2_S6_GE2_GL2_H2_MA2,0.1152148707555943
UBFC_MMPD,none,202,subject15,subject15_L3_MO3_E2_S6_GE2_GL2_H2_MA2,0.1508278469773709
UBFC_MMPD,none,202,subject15,subject15_L3_MO4_E2_S6_GE2_GL2_H2_MA2,0.123589599263663
UBFC_MMPD,none,202,subject15,subject15_L4_MO1_E1_S6_GE2_GL2_H2_MA2,0.1963473975152328
UBFC_MMPD,none,202,subject15,subject15_L4_MO1_E2_S6_GE2_GL2_H2_MA2,0.1199601501192459
UBFC_MMPD,none,202,subject15,subject15_L4_MO2_E2_S6_GE2_GL2_H2_MA2,0.1274236765352591
UBFC_MMPD,none,202,subject15,subject15_L4_MO3_E2_S6_GE2_GL2_H2_MA2,0.1209758008518399
UBFC_MMPD,none,202,subject15,subject15_L4_MO4_E2_S6_GE2_GL2_H2_MA2,0.1179363835201551
UBFC_MMPD,none,202,subject16,subject16_L1_MO1_E1_S6_GE1_GL2_H2_MA2,0.1012187345784899
UBFC_MMPD,none,202,subject16,subject16_L1_MO1_E2_S6_GE1_GL2_H2_MA2,0.1241761374970474
UBFC_MMPD,none,202,subject16,subject16_L1_MO2_E2_S6_GE1_GL2_H2_MA2,0.13907508898668
UBFC_MMPD,none,202,subject16,subject16_L1_MO3_E2_S6_GE1_GL2_H2_MA2,0.0790863781234327
UBFC_MMPD,none,202,subject16,subject16_L1_MO4_E2_S6_GE1_GL2_H2_MA2,0.1335589432909901
UBFC_MMPD,none,202,subject16,subject16_L2_MO1_E1_S6_GE1_GL2_H2_MA2,0.1214035665207957
UBFC_MMPD,none,202,subject16,subject16_L2_MO1_E2_S6_GE1_GL2_H2_MA2,0.1417663371098249
UBFC_MMPD,none,202,subject16,subject16_L2_MO2_E2_S6_GE1_GL2_H2_MA2,0.1679775306723197
UBFC_MMPD,none,202,subject16,subject16_L2_MO3_E2_S6_GE1_GL2_H2_MA2,0.1381259006809012
UBFC_MMPD,none,202,subject16,subject16_L2_MO4_E2_S6_GE1_GL2_H2_MA2,0.1261857050121123
UBFC_MMPD,none,202,subject16,subject16_L3_MO1_E1_S6_GE1_GL2_H2_MA2,0.0797794569458702
UBFC_MMPD,none,202,subject16,subject16_L3_MO1_E2_S6_GE1_GL2_H2_MA2,0.0905611871564831
UBFC_MMPD,none,202,subject16,subject16_L3_MO2_E2_S6_GE1_GL2_H2_MA2,0.2003138762685269
UBFC_MMPD,none,202,subject16,subject16_L3_MO3_E2_S6_GE1_GL2_H2_MA2,0.146697252331103
UBFC_MMPD,none,202,subject16,subject16_L3_MO4_E2_S6_GE1_GL2_H2_MA2,0.1074723733234297
UBFC_MMPD,none,202,subject16,subject16_L4_MO1_E1_S6_GE1_GL2_H2_MA2,0.0925886273125982
UBFC_MMPD,none,202,subject16,subject16_L4_MO1_E2_S6_GE1_GL2_H2_MA2,0.1348358666669337
UBFC_MMPD,none,202,subject16,subject16_L4_MO2_E2_S6_GE1_GL2_H2_MA2,0.0840477654073572
UBFC_MMPD,none,202,subject16,subject16_L4_MO3_E2_S6_GE1_GL2_H2_MA2,0.1914745610248531
UBFC_MMPD,none,202,subject16,subject16_L4_MO4_E2_S6_GE1_GL2_H2_MA2,0.0960667917501542
UBFC_MMPD,none,202,subject17,subject17_L1_MO1_E1_S4_GE1_GL2_H2_MA2,0.0731696473179376
UBFC_MMPD,none,202,subject17,subject17_L1_MO1_E2_S4_GE1_GL2_H2_MA2,0.1346872813497188
UBFC_MMPD,none,202,subject17,subject17_L1_MO2_E2_S4_GE1_GL2_H2_MA2,0.1089891038300637
UBFC_MMPD,none,202,subject17,subject17_L1_MO3_E2_S4_GE1_GL2_H2_MA2,0.1113165538734003
UBFC_MMPD,none,202,subject17,subject17_L1_MO4_E2_S4_GE1_GL2_H2_MA2,0.1317034504318493
UBFC_MMPD,none,202,subject17,subject17_L2_MO1_E1_S4_GE1_GL2_H2_MA2,0.1064457254507907
UBFC_MMPD,none,202,subject17,subject17_L2_MO1_E2_S4_GE1_GL2_H2_MA2,0.1171955387260558
UBFC_MMPD,none,202,subject17,subject17_L2_MO2_E2_S4_GE1_GL2_H2_MA2,0.1228043622761342
UBFC_MMPD,none,202,subject17,subject17_L2_MO3_E2_S4_GE1_GL2_H2_MA2,0.1135032673770352
UBFC_MMPD,none,202,subject17,subject17_L2_MO4_E2_S4_GE1_GL2_H2_MA2,0.1460423789613763
UBFC_MMPD,none,202,subject17,subject17_L3_MO1_E1_S4_GE1_GL2_H2_MA2,0.0770846959549382
UBFC_MMPD,none,202,subject17,subject17_L3_MO1_E2_S4_GE1_GL2_H2_MA2,0.2073265602543013
UBFC_MMPD,none,202,subject17,subject17_L3_MO2_E2_S4_GE1_GL2_H2_MA2,0.0685605492447941
UBFC_MMPD,none,202,subject17,subject17_L3_MO3_E2_S4_GE1_GL2_H2_MA2,0.232103971971727
UBFC_MMPD,none,202,subject17,subject17_L3_MO4_E2_S4_GE1_GL2_H2_MA2,0.1195575574893447
UBFC_MMPD,none,202,subject17,subject17_L4_MO1_E1_S4_GE1_GL2_H2_MA2,0.0794192824660948
UBFC_MMPD,none,202,subject17,subject17_L4_MO1_E2_S4_GE1_GL2_H2_MA2,0.1508151297034867
UBFC_MMPD,none,202,subject17,subject17_L4_MO2_E2_S4_GE1_GL2_H2_MA2,0.0934231448493482
UBFC_MMPD,none,202,subject17,subject17_L4_MO3_E2_S4_GE1_GL2_H2_MA2,0.1801410290087766
UBFC_MMPD,none,202,subject17,subject17_L4_MO4_E2_S4_GE1_GL2_H2_MA2,0.1436040118529269
UBFC_MMPD,none,202,subject18,subject18_L1_MO1_E1_S3_GE2_GL1_H1_MA2,0.2036652878873956
UBFC_MMPD,none,202,subject18,subject18_L1_MO1_E2_S3_GE2_GL1_H1_MA2,0.1652472455298166
UBFC_MMPD,none,202,subject18,subject18_L1_MO2_E2_S3_GE2_GL1_H1_MA2,0.226102326285116
UBFC_MMPD,none,202,subject18,subject18_L1_MO3_E2_S3_GE2_GL1_H1_MA2,0.2246596418343446
UBFC_MMPD,none,202,subject18,subject18_L1_MO4_E2_S3_GE2_GL1_H1_MA2,0.1047794540478879
UBFC_MMPD,none,202,subject18,subject18_L2_MO1_E1_S3_GE2_GL1_H1_MA2,0.2086869421343618
UBFC_MMPD,none,202,subject18,subject18_L2_MO1_E2_S3_GE2_GL1_H1_MA2,0.3643000104154233
UBFC_MMPD,none,202,subject18,subject18_L2_MO2_E2_S3_GE2_GL1_H1_MA2,0.1812455478313934
UBFC_MMPD,none,202,subject18,subject18_L2_MO3_E2_S3_GE2_GL1_H1_MA2,0.1558911664429203
UBFC_MMPD,none,202,subject18,subject18_L2_MO4_E2_S3_GE2_GL1_H1_MA2,0.1368176276308544
UBFC_MMPD,none,202,subject18,subject18_L3_MO1_E1_S3_GE2_GL1_H1_MA2,0.2159762266872086
UBFC_MMPD,none,202,subject18,subject18_L3_MO1_E2_S3_GE2_GL1_H1_MA2,0.2987640932119091
UBFC_MMPD,none,202,subject18,subject18_L3_MO2_E2_S3_GE2_GL1_H1_MA2,0.1451510651978497
UBFC_MMPD,none,202,subject18,subject18_L3_MO3_E2_S3_GE2_GL1_H1_MA2,0.2308803680201459
UBFC_MMPD,none,202,subject18,subject18_L3_MO4_E2_S3_GE2_GL1_H1_MA2,0.1512801949162336
UBFC_MMPD,none,202,subject18,subject18_L4_MO1_E1_S3_GE2_GL1_H1_MA2,0.1864617404070074
UBFC_MMPD,none,202,subject18,subject18_L4_MO1_E2_S3_GE2_GL1_H1_MA2,0.1742855927828236
UBFC_MMPD,none,202,subject18,subject18_L4_MO2_E2_S3_GE2_GL1_H1_MA2,0.1590500179762597
UBFC_MMPD,none,202,subject18,subject18_L4_MO3_E2_S3_GE2_GL1_H1_MA2,0.1836818808898172
UBFC_MMPD,none,202,subject18,subject18_L4_MO4_E2_S3_GE2_GL1_H1_MA2,0.1034517818050195
UBFC_MMPD,none,202,subject19,subject19_L1_MO1_E1_S3_GE2_GL2_H1_MA2,0.29823039237896
UBFC_MMPD,none,202,subject19,subject19_L1_MO1_E2_S3_GE2_GL2_H1_MA2,0.2602379519170732
UBFC_MMPD,none,202,subject19,subject19_L1_MO2_E2_S3_GE2_GL2_H1_MA2,0.1797177070469733
UBFC_MMPD,none,202,subject19,subject19_L1_MO3_E2_S3_GE2_GL2_H1_MA2,0.2560830983340078
UBFC_MMPD,none,202,subject19,subject19_L1_MO4_E2_S3_GE2_GL2_H1_MA2,0.1679562974136656
UBFC_MMPD,none,202,subject19,subject19_L2_MO1_E1_S3_GE2_GL2_H1_MA2,0.2665963053837611
UBFC_MMPD,none,202,subject19,subject19_L2_MO1_E2_S3_GE2_GL2_H1_MA2,0.1590770297107963
UBFC_MMPD,none,202,subject19,subject19_L2_MO2_E2_S3_GE2_GL2_H1_MA2,0.116554837670385
UBFC_MMPD,none,202,subject19,subject19_L2_MO3_E2_S3_GE2_GL2_H1_MA2,0.253096134476564
UBFC_MMPD,none,202,subject19,subject19_L2_MO4_E2_S3_GE2_GL2_H1_MA2,0.1267773342430735
UBFC_MMPD,none,202,subject19,subject19_L3_MO1_E1_S3_GE2_GL2_H1_MA2,0.3301878534731934
UBFC_MMPD,none,202,subject19,subject19_L3_MO1_E2_S3_GE2_GL2_H1_MA2,0.3802895956652115
UBFC_MMPD,none,202,subject19,subject19_L3_MO2_E2_S3_GE2_GL2_H1_MA2,0.1006034756752953
UBFC_MMPD,none,202,subject19,subject19_L3_MO3_E2_S3_GE2_GL2_H1_MA2,0.1282178898456849
UBFC_MMPD,none,202,subject19,subject19_L3_MO4_E2_S3_GE2_GL2_H1_MA2,0.1552197051009593
UBFC_MMPD,none,202,subject19,subject19_L4_MO1_E1_S3_GE2_GL2_H1_MA2,0.4537949031642536
UBFC_MMPD,none,202,subject19,subject19_L4_MO1_E2_S3_GE2_GL2_H1_MA2,0.1958265555709372
UBFC_MMPD,none,202,subject19,subject19_L4_MO2_E2_S3_GE2_GL2_H1_MA2,0.082401193526847
UBFC_MMPD,none,202,subject19,subject19_L4_MO3_E2_S3_GE2_GL2_H1_MA2,0.1449011554513024
UBFC_MMPD,none,202,subject19,subject19_L4_MO4_E2_S3_GE2_GL2_H1_MA2,0.1500270559249828
UBFC_MMPD,none,202,subject1,subject1_L1_MO1_E1_S4_GE1_GL1_H2_MA2,0.1163618349134611
UBFC_MMPD,none,202,subject1,subject1_L1_MO1_E2_S4_GE1_GL1_H2_MA2,0.121604623351476
UBFC_MMPD,none,202,subject1,subject1_L1_MO2_E2_S4_GE1_GL1_H2_MA2,0.0780268215052044
UBFC_MMPD,none,202,subject1,subject1_L1_MO3_E2_S4_GE1_GL1_H2_MA2,0.1084889167125052
UBFC_MMPD,none,202,subject1,subject1_L1_MO4_E2_S4_GE1_GL1_H2_MA2,0.0710876445733529
UBFC_MMPD,none,202,subject1,subject1_L2_MO1_E1_S4_GE1_GL1_H2_MA2,0.110972674687348
UBFC_MMPD,none,202,subject1,subject1_L2_MO1_E2_S4_GE1_GL1_H2_MA2,0.1444726637370193
UBFC_MMPD,none,202,subject1,subject1_L2_MO2_E2_S4_GE1_GL1_H2_MA2,0.0802134588008159
UBFC_MMPD,none,202,subject1,subject1_L2_MO3_E2_S4_GE1_GL1_H2_MA2,0.1056538087941488
UBFC_MMPD,none,202,subject1,subject1_L2_MO4_E2_S4_GE1_GL1_H2_MA2,0.0804359753451313
UBFC_MMPD,none,202,subject1,subject1_L3_MO1_E1_S4_GE1_GL1_H2_MA2,0.1773882842596578
UBFC_MMPD,none,202,subject1,subject1_L3_MO1_E2_S4_GE1_GL1_H2_MA2,0.1096344070241161
UBFC_MMPD,none,202,subject1,subject1_L3_MO2_E2_S4_GE1_GL1_H2_MA2,0.1435107827238104
UBFC_MMPD,none,202,subject1,subject1_L3_MO3_E2_S4_GE1_GL1_H2_MA2,0.1241655952200136
UBFC_MMPD,none,202,subject1,subject1_L3_MO4_E2_S4_GE1_GL1_H2_MA2,0.1173536632255222
UBFC_MMPD,none,202,subject1,subject1_L4_MO1_E1_S4_GE1_GL1_H2_MA2,0.1206799114790386
UBFC_MMPD,none,202,subject1,subject1_L4_MO1_E2_S4_GE1_GL1_H2_MA2,0.1191710725562819
UBFC_MMPD,none,202,subject1,subject1_L4_MO2_E2_S4_GE1_GL1_H2_MA2,0.1113141567874466
UBFC_MMPD,none,202,subject1,subject1_L4_MO3_E2_S4_GE1_GL1_H2_MA2,0.1297456626354531
UBFC_MMPD,none,202,subject1,subject1_L4_MO4_E2_S4_GE1_GL1_H2_MA2,0.088070911939133
UBFC_MMPD,none,202,subject20,subject20_L1_MO1_E1_S3_GE1_GL2_H2_MA2,0.2386122769145103
UBFC_MMPD,none,202,subject20,subject20_L1_MO1_E2_S3_GE1_GL2_H2_MA2,0.3549501289644665
UBFC_MMPD,none,202,subject20,subject20_L1_MO2_E2_S3_GE1_GL2_H2_MA2,0.1952975882285775
UBFC_MMPD,none,202,subject20,subject20_L1_MO3_E2_S3_GE1_GL2_H2_MA2,0.1843934636619987
UBFC_MMPD,none,202,subject20,subject20_L1_MO4_E2_S3_GE1_GL2_H2_MA2,0.1469314179208439
UBFC_MMPD,none,202,subject20,subject20_L2_MO1_E1_S3_GE1_GL2_H2_MA2,0.3242514839654422
UBFC_MMPD,none,202,subject20,subject20_L2_MO1_E2_S3_GE1_GL2_H2_MA2,0.3912273979006023
UBFC_MMPD,none,202,subject20,subject20_L2_MO2_E2_S3_GE1_GL2_H2_MA2,0.1290096653748293
UBFC_MMPD,none,202,subject20,subject20_L2_MO3_E2_S3_GE1_GL2_H2_MA2,0.2050437318997752
UBFC_MMPD,none,202,subject20,subject20_L2_MO4_E2_S3_GE1_GL2_H2_MA2,0.15649495267169
UBFC_MMPD,none,202,subject20,subject20_L3_MO1_E1_S3_GE1_GL2_H2_MA2,0.2822632987368426
UBFC_MMPD,none,202,subject20,subject20_L3_MO1_E2_S3_GE1_GL2_H2_MA2,0.537687405932936
UBFC_MMPD,none,202,subject20,subject20_L3_MO2_E2_S3_GE1_GL2_H2_MA2,0.1282264036786145
UBFC_MMPD,none,202,subject20,subject20_L3_MO3_E2_S3_GE1_GL2_H2_MA2,0.2248878704276845
UBFC_MMPD,none,202,subject20,subject20_L3_MO4_E2_S3_GE1_GL2_H2_MA2,0.1342136969693602
UBFC_MMPD,none,202,subject20,subject20_L4_MO1_E1_S3_GE1_GL2_H2_MA2,0.1253015301720444
UBFC_MMPD,none,202,subject20,subject20_L4_MO1_E2_S3_GE1_GL2_H2_MA2,0.3397815589682979
UBFC_MMPD,none,202,subject20,subject20_L4_MO2_E2_S3_GE1_GL2_H2_MA2,0.1348980987896534
UBFC_MMPD,none,202,subject20,subject20_L4_MO3_E2_S3_GE1_GL2_H2_MA2,0.2017727808565379
UBFC_MMPD,none,202,subject20,subject20_L4_MO4_E2_S3_GE1_GL2_H2_MA2,0.1171015899057079
UBFC_MMPD,none,202,subject21,subject21_L1_MO1_E1_S3_GE2_GL1_H2_MA1,0.1406710039551221
UBFC_MMPD,none,202,subject21,subject21_L1_MO1_E2_S3_GE2_GL1_H2_MA1,0.2888638810909432
UBFC_MMPD,none,202,subject21,subject21_L1_MO2_E2_S3_GE2_GL1_H2_MA1,0.2041157214607773
UBFC_MMPD,none,202,subject21,subject21_L1_MO3_E2_S3_GE2_GL1_H2_MA1,0.1525143806157551
UBFC_MMPD,none,202,subject21,subject21_L1_MO4_E2_S3_GE2_GL1_H2_MA1,0.0932031258162352
UBFC_MMPD,none,202,subject21,subject21_L2_MO1_E1_S3_GE2_GL1_H2_MA1,0.1219417998718477
UBFC_MMPD,none,202,subject21,subject21_L2_MO1_E2_S3_GE2_GL1_H2_MA1,0.2140436600924051
UBFC_MMPD,none,202,subject21,subject21_L2_MO2_E2_S3_GE2_GL1_H2_MA1,0.1090235224522727
UBFC_MMPD,none,202,subject21,subject21_L2_MO3_E2_S3_GE2_GL1_H2_MA1,0.1416599130371856
UBFC_MMPD,none,202,subject21,subject21_L2_MO4_E2_S3_GE2_GL1_H2_MA1,0.1386672453919832
UBFC_MMPD,none,202,subject21,subject21_L3_MO1_E1_S3_GE2_GL1_H2_MA1,0.2748522546523563
UBFC_MMPD,none,202,subject21,subject21_L3_MO1_E2_S3_GE2_GL1_H2_MA1,0.1968668705466624
UBFC_MMPD,none,202,subject21,subject21_L3_MO2_E2_S3_GE2_GL1_H2_MA1,0.184380016295747
UBFC_MMPD,none,202,subject21,subject21_L3_MO3_E2_S3_GE2_GL1_H2_MA1,0.2363866789539766
UBFC_MMPD,none,202,subject21,subject21_L3_MO4_E2_S3_GE2_GL1_H2_MA1,0.1257429530818428
UBFC_MMPD,none,202,subject21,subject21_L4_MO1_E1_S3_GE2_GL1_H2_MA1,0.0943785086231515
UBFC_MMPD,none,202,subject21,subject21_L4_MO1_E2_S3_GE2_GL1_H2_MA1,0.160638372333159
UBFC_MMPD,none,202,subject21,subject21_L4_MO2_E2_S3_GE2_GL1_H2_MA1,0.1346018200969607
UBFC_MMPD,none,202,subject21,subject21_L4_MO3_E2_S3_GE2_GL1_H2_MA1,0.1368652369646964
UBFC_MMPD,none,202,subject21,subject21_L4_MO4_E2_S3_GE2_GL1_H2_MA1,0.1449989775677439
UBFC_MMPD,none,202,subject22,subject22_L1_MO1_E1_S3_GE2_GL2_H2_MA2,0.1626307478990089
UBFC_MMPD,none,202,subject22,subject22_L1_MO1_E2_S3_GE2_GL2_H2_MA2,0.2336576906122256
UBFC_MMPD,none,202,subject22,subject22_L1_MO2_E2_S3_GE2_GL2_H2_MA2,0.1191264396920786
UBFC_MMPD,none,202,subject22,subject22_L1_MO3_E2_S3_GE2_GL2_H2_MA2,0.1197752875139825
UBFC_MMPD,none,202,subject22,subject22_L1_MO4_E2_S3_GE2_GL2_H2_MA2,0.1135578747998659
UBFC_MMPD,none,202,subject22,subject22_L2_MO1_E1_S3_GE2_GL2_H2_MA2,0.2002782213519345
UBFC_MMPD,none,202,subject22,subject22_L2_MO1_E2_S3_GE2_GL2_H2_MA2,0.2546412593946838
UBFC_MMPD,none,202,subject22,subject22_L2_MO2_E2_S3_GE2_GL2_H2_MA2,0.2748102572170556
UBFC_MMPD,none,202,subject22,subject22_L2_MO3_E2_S3_GE2_GL2_H2_MA2,0.1958867197440743
UBFC_MMPD,none,202,subject22,subject22_L2_MO4_E2_S3_GE2_GL2_H2_MA2,0.1243221110213166
UBFC_MMPD,none,202,subject22,subject22_L3_MO1_E1_S3_GE2_GL2_H2_MA2,0.1545620404375657
UBFC_MMPD,none,202,subject22,subject22_L3_MO1_E2_S3_GE2_GL2_H2_MA2,0.322057724952285
UBFC_MMPD,none,202,subject22,subject22_L3_MO2_E2_S3_GE2_GL2_H2_MA2,0.1854890928504358
UBFC_MMPD,none,202,subject22,subject22_L3_MO3_E2_S3_GE2_GL2_H2_MA2,0.2668738186346996
UBFC_MMPD,none,202,subject22,subject22_L3_MO4_E2_S3_GE2_GL2_H2_MA2,0.1156376354520024
UBFC_MMPD,none,202,subject22,subject22_L4_MO1_E1_S3_GE2_GL2_H2_MA2,0.1327917116168708
UBFC_MMPD,none,202,subject22,subject22_L4_MO1_E2_S3_GE2_GL2_H2_MA2,0.2152400053733463
UBFC_MMPD,none,202,subject22,subject22_L4_MO2_E2_S3_GE2_GL2_H2_MA2,0.1838948408271303
UBFC_MMPD,none,202,subject22,subject22_L4_MO3_E2_S3_GE2_GL2_H2_MA2,0.2149243896233824
UBFC_MMPD,none,202,subject22,subject22_L4_MO4_E2_S3_GE2_GL2_H2_MA2,0.117575823445578
UBFC_MMPD,none,202,subject23,subject23_L1_MO1_E1_S5_GE2_GL2_H2_MA2,0.1506482530684724
UBFC_MMPD,none,202,subject23,subject23_L1_MO1_E2_S5_GE2_GL2_H2_MA2,0.200963773179204
UBFC_MMPD,none,202,subject23,subject23_L1_MO2_E2_S5_GE2_GL2_H2_MA2,0.1273583842318669
UBFC_MMPD,none,202,subject23,subject23_L1_MO3_E2_S5_GE2_GL2_H2_MA2,0.187845266095942
UBFC_MMPD,none,202,subject23,subject23_L1_MO4_E2_S5_GE2_GL2_H2_MA2,0.1135976741068452
UBFC_MMPD,none,202,subject23,subject23_L2_MO1_E1_S5_GE2_GL2_H2_MA2,0.1219434291430689
UBFC_MMPD,none,202,subject23,subject23_L2_MO1_E2_S5_GE2_GL2_H2_MA2,0.2353026095701821
UBFC_MMPD,none,202,subject23,subject23_L2_MO2_E2_S5_GE2_GL2_H2_MA2,0.1469227835439149
UBFC_MMPD,none,202,subject23,subject23_L2_MO3_E2_S5_GE2_GL2_H2_MA2,0.277794025470385
UBFC_MMPD,none,202,subject23,subject23_L2_MO4_E2_S5_GE2_GL2_H2_MA2,0.114275500503774
UBFC_MMPD,none,202,subject23,subject23_L3_MO1_E1_S5_GE2_GL2_H2_MA2,0.1808437920066302
UBFC_MMPD,none,202,subject23,subject23_L3_MO1_E2_S5_GE2_GL2_H2_MA2,0.2420318443108038
UBFC_MMPD,none,202,subject23,subject23_L3_MO2_E2_S5_GE2_GL2_H2_MA2,0.1225637957420255
UBFC_MMPD,none,202,subject23,subject23_L3_MO3_E2_S5_GE2_GL2_H2_MA2,0.2773595587465426
UBFC_MMPD,none,202,subject23,subject23_L3_MO4_E2_S5_GE2_GL2_H2_MA2,0.1124500894947882
UBFC_MMPD,none,202,subject23,subject23_L4_MO1_E1_S5_GE2_GL2_H2_MA2,0.1398915446532442
UBFC_MMPD,none,202,subject23,subject23_L4_MO1_E2_S5_GE2_GL2_H2_MA2,0.1168453959156544
UBFC_MMPD,none,202,subject23,subject23_L4_MO2_E2_S5_GE2_GL2_H2_MA2,0.092349942966055
UBFC_MMPD,none,202,subject23,subject23_L4_MO3_E2_S5_GE2_GL2_H2_MA2,0.1781409505585588
UBFC_MMPD,none,202,subject23,subject23_L4_MO4_E2_S5_GE2_GL2_H2_MA2,0.2771276970476238
UBFC_MMPD,none,202,subject24,subject24_L1_MO1_E1_S3_GE2_GL2_H2_MA1,0.4390574352226566
UBFC_MMPD,none,202,subject24,subject24_L1_MO1_E2_S3_GE2_GL2_H2_MA1,0.2373512924237775
UBFC_MMPD,none,202,subject24,subject24_L1_MO2_E2_S3_GE2_GL2_H2_MA1,0.1641763507877276
UBFC_MMPD,none,202,subject24,subject24_L1_MO3_E2_S3_GE2_GL2_H2_MA1,0.4260936518846546
UBFC_MMPD,none,202,subject24,subject24_L1_MO4_E2_S3_GE2_GL2_H2_MA1,0.1312428222175471
UBFC_MMPD,none,202,subject24,subject24_L2_MO1_E1_S3_GE2_GL2_H2_MA1,0.5010948348690595
UBFC_MMPD,none,202,subject24,subject24_L2_MO1_E2_S3_GE2_GL2_H2_MA1,0.369655111061468
UBFC_MMPD,none,202,subject24,subject24_L2_MO2_E2_S3_GE2_GL2_H2_MA1,0.0890876185361782
UBFC_MMPD,none,202,subject24,subject24_L2_MO3_E2_S3_GE2_GL2_H2_MA1,0.2491745256224866
UBFC_MMPD,none,202,subject24,subject24_L2_MO4_E2_S3_GE2_GL2_H2_MA1,0.0834206997695021
UBFC_MMPD,none,202,subject24,subject24_L3_MO1_E1_S3_GE2_GL2_H2_MA1,0.3227555568091684
UBFC_MMPD,none,202,subject24,subject24_L3_MO1_E2_S3_GE2_GL2_H2_MA1,0.24495976814276
UBFC_MMPD,none,202,subject24,subject24_L3_MO2_E2_S3_GE2_GL2_H2_MA1,0.1795675920086015
UBFC_MMPD,none,202,subject24,subject24_L3_MO3_E2_S3_GE2_GL2_H2_MA1,0.2852504410641108
UBFC_MMPD,none,202,subject24,subject24_L3_MO4_E2_S3_GE2_GL2_H2_MA1,0.1222842474129199
UBFC_MMPD,none,202,subject24,subject24_L4_MO1_E1_S3_GE2_GL2_H2_MA1,0.3196541629353479
UBFC_MMPD,none,202,subject24,subject24_L4_MO1_E2_S3_GE2_GL2_H2_MA1,0.1619885174788102
UBFC_MMPD,none,202,subject24,subject24_L4_MO2_E2_S3_GE2_GL2_H2_MA1,0.1784636471796788
UBFC_MMPD,none,202,subject24,subject24_L4_MO3_E2_S3_GE2_GL2_H2_MA1,0.362112299755388
UBFC_MMPD,none,202,subject24,subject24_L4_MO4_E2_S3_GE2_GL2_H2_MA1,0.155143166320086
UBFC_MMPD,none,202,subject25,subject25_L1_MO1_E1_S3_GE2_GL2_H1_MA2,0.1875635248597856
UBFC_MMPD,none,202,subject25,subject25_L1_MO1_E2_S3_GE2_GL2_H1_MA2,0.2981021128195563
UBFC_MMPD,none,202,subject25,subject25_L1_MO2_E2_S3_GE2_GL2_H1_MA2,0.1297004564395568
UBFC_MMPD,none,202,subject25,subject25_L1_MO3_E2_S3_GE2_GL2_H1_MA2,0.140203927569765
UBFC_MMPD,none,202,subject25,subject25_L1_MO4_E2_S3_GE2_GL2_H1_MA2,0.0980691547309408
UBFC_MMPD,none,202,subject25,subject25_L2_MO1_E1_S3_GE2_GL2_H1_MA2,0.1731455400228931
UBFC_MMPD,none,202,subject25,subject25_L2_MO1_E2_S3_GE2_GL2_H1_MA2,0.2437462936357406
UBFC_MMPD,none,202,subject25,subject25_L2_MO2_E2_S3_GE2_GL2_H1_MA2,0.1473556648384682
UBFC_MMPD,none,202,subject25,subject25_L2_MO3_E2_S3_GE2_GL2_H1_MA2,0.2350738753510787
UBFC_MMPD,none,202,subject25,subject25_L2_MO4_E2_S3_GE2_GL2_H1_MA2,0.067849430282237
UBFC_MMPD,none,202,subject25,subject25_L3_MO1_E1_S3_GE2_GL2_H1_MA2,0.2587712506177336
UBFC_MMPD,none,202,subject25,subject25_L3_MO1_E2_S3_GE2_GL2_H1_MA2,0.3436589069354538
UBFC_MMPD,none,202,subject25,subject25_L3_MO2_E2_S3_GE2_GL2_H1_MA2,0.1117683892456476
UBFC_MMPD,none,202,subject25,subject25_L3_MO3_E2_S3_GE2_GL2_H1_MA2,0.2921163222470038
UBFC_MMPD,none,202,subject25,subject25_L3_MO4_E2_S3_GE2_GL2_H1_MA2,0.0966722501081896
UBFC_MMPD,none,202,subject25,subject25_L4_MO1_E1_S3_GE2_GL2_H1_MA2,0.297202973645258
UBFC_MMPD,none,202,subject25,subject25_L4_MO1_E2_S3_GE2_GL2_H1_MA2,0.3217619278742526
UBFC_MMPD,none,202,subject25,subject25_L4_MO2_E2_S3_GE2_GL2_H1_MA2,0.1196055187116902
UBFC_MMPD,none,202,subject25,subject25_L4_MO3_E2_S3_GE2_GL2_H1_MA2,0.2210956155522697
UBFC_MMPD,none,202,subject25,subject25_L4_MO4_E2_S3_GE2_GL2_H1_MA2,0.126922407646924
UBFC_MMPD,none,202,subject26,subject26_L1_MO1_E1_S6_GE1_GL2_H2_MA2,0.1558356518298658
UBFC_MMPD,none,202,subject26,subject26_L1_MO1_E2_S6_GE1_GL2_H2_MA2,0.1132412321339804
UBFC_MMPD,none,202,subject26,subject26_L1_MO2_E2_S6_GE1_GL2_H2_MA2,0.1152113038313945
UBFC_MMPD,none,202,subject26,subject26_L1_MO3_E2_S6_GE1_GL2_H2_MA2,0.1090015021121959
UBFC_MMPD,none,202,subject26,subject26_L1_MO4_E2_S6_GE1_GL2_H2_MA2,0.154088951110511
UBFC_MMPD,none,202,subject26,subject26_L2_MO1_E1_S6_GE1_GL2_H2_MA2,0.162500570801283
UBFC_MMPD,none,202,subject26,subject26_L2_MO1_E2_S6_GE1_GL2_H2_MA2,0.1491569997580224
UBFC_MMPD,none,202,subject26,subject26_L2_MO2_E2_S6_GE1_GL2_H2_MA2,0.1435321226235497
UBFC_MMPD,none,202,subject26,subject26_L2_MO3_E2_S6_GE1_GL2_H2_MA2,0.1231789736824047
UBFC_MMPD,none,202,subject26,subject26_L2_MO4_E2_S6_GE1_GL2_H2_MA2,0.1385986995847713
UBFC_MMPD,none,202,subject26,subject26_L3_MO1_E1_S6_GE1_GL2_H2_MA2,0.1322652111305516
UBFC_MMPD,none,202,subject26,subject26_L3_MO1_E2_S6_GE1_GL2_H2_MA2,0.1340734025766579
UBFC_MMPD,none,202,subject26,subject26_L3_MO2_E2_S6_GE1_GL2_H2_MA2,0.113615558792482
UBFC_MMPD,none,202,subject26,subject26_L3_MO3_E2_S6_GE1_GL2_H2_MA2,0.2178752596051325
UBFC_MMPD,none,202,subject26,subject26_L3_MO4_E2_S6_GE1_GL2_H2_MA2,0.1389366932158067
UBFC_MMPD,none,202,subject26,subject26_L4_MO1_E1_S6_GE1_GL2_H2_MA2,0.1450480794607114
UBFC_MMPD,none,202,subject26,subject26_L4_MO1_E2_S6_GE1_GL2_H2_MA2,0.1449781375793288
UBFC_MMPD,none,202,subject26,subject26_L4_MO2_E2_S6_GE1_GL2_H2_MA2,0.1226756361035063
UBFC_MMPD,none,202,subject26,subject26_L4_MO3_E2_S6_GE1_GL2_H2_MA2,0.099109969366533
UBFC_MMPD,none,202,subject26,subject26_L4_MO4_E2_S6_GE1_GL2_H2_MA2,0.1813728837735065
UBFC_MMPD,none,202,subject27,subject27_L1_MO1_E1_S3_GE2_GL2_H2_MA1,0.4987247390188525
UBFC_MMPD,none,202,subject27,subject27_L1_MO1_E2_S3_GE2_GL2_H2_MA1,0.2819158655747297
UBFC_MMPD,none,202,subject27,subject27_L1_MO2_E2_S3_GE2_GL2_H2_MA1,0.1822693859991936
UBFC_MMPD,none,202,subject27,subject27_L1_MO3_E2_S3_GE2_GL2_H2_MA1,0.3482452488430481
UBFC_MMPD,none,202,subject27,subject27_L1_MO4_E2_S3_GE2_GL2_H2_MA1,0.1039295931206706
UBFC_MMPD,none,202,subject27,subject27_L2_MO1_E1_S3_GE2_GL2_H2_MA1,0.287865875407405
UBFC_MMPD,none,202,subject27,subject27_L2_MO1_E2_S3_GE2_GL2_H2_MA1,0.2735697047671537
UBFC_MMPD,none,202,subject27,subject27_L2_MO2_E2_S3_GE2_GL2_H2_MA1,0.1671993064431232
UBFC_MMPD,none,202,subject27,subject27_L2_MO3_E2_S3_GE2_GL2_H2_MA1,0.2393659795494268
UBFC_MMPD,none,202,subject27,subject27_L2_MO4_E2_S3_GE2_GL2_H2_MA1,0.1138692110533111
UBFC_MMPD,none,202,subject27,subject27_L3_MO1_E1_S3_GE2_GL2_H2_MA1,0.4374100819416639
UBFC_MMPD,none,202,subject27,subject27_L3_MO1_E2_S3_GE2_GL2_H2_MA1,0.3228496018893292
UBFC_MMPD,none,202,subject27,subject27_L3_MO2_E2_S3_GE2_GL2_H2_MA1,0.2327975098507792
UBFC_MMPD,none,202,subject27,subject27_L3_MO3_E2_S3_GE2_GL2_H2_MA1,0.2173709832872743
UBFC_MMPD,none,202,subject27,subject27_L3_MO4_E2_S3_GE2_GL2_H2_MA1,0.1344160939255267
UBFC_MMPD,none,202,subject27,subject27_L4_MO1_E1_S3_GE2_GL2_H2_MA1,0.4556770526581299
UBFC_MMPD,none,202,subject27,subject27_L4_MO1_E2_S3_GE2_GL2_H2_MA1,0.2009066048656411
UBFC_MMPD,none,202,subject27,subject27_L4_MO2_E2_S3_GE2_GL2_H2_MA1,0.1526949155372023
UBFC_MMPD,none,202,subject27,subject27_L4_MO3_E2_S3_GE2_GL2_H2_MA1,0.1647008493600665
UBFC_MMPD,none,202,subject27,subject27_L4_MO4_E2_S3_GE2_GL2_H2_MA1,0.1235707566323008
UBFC_MMPD,none,202,subject28,subject28_L1_MO1_E1_S5_GE2_GL2_H2_MA2,0.2359751217408576
UBFC_MMPD,none,202,subject28,subject28_L1_MO1_E2_S5_GE2_GL2_H2_MA2,0.1082609789417428
UBFC_MMPD,none,202,subject28,subject28_L1_MO2_E2_S5_GE2_GL2_H2_MA2,0.1122690996409105
UBFC_MMPD,none,202,subject28,subject28_L1_MO3_E2_S5_GE2_GL2_H2_MA2,0.1243645606498078
UBFC_MMPD,none,202,subject28,subject28_L1_MO4_E2_S5_GE2_GL2_H2_MA2,0.1029385499013049
UBFC_MMPD,none,202,subject28,subject28_L2_MO1_E1_S5_GE2_GL2_H2_MA2,0.1395234163566972
UBFC_MMPD,none,202,subject28,subject28_L2_MO1_E2_S5_GE2_GL2_H2_MA2,0.1444385843638002
UBFC_MMPD,none,202,subject28,subject28_L2_MO2_E2_S5_GE2_GL2_H2_MA2,0.1093397547726164
UBFC_MMPD,none,202,subject28,subject28_L2_MO3_E2_S5_GE2_GL2_H2_MA2,0.1195975512182447
UBFC_MMPD,none,202,subject28,subject28_L2_MO4_E2_S5_GE2_GL2_H2_MA2,0.1003294897647518
UBFC_MMPD,none,202,subject28,subject28_L3_MO1_E1_S5_GE2_GL2_H2_MA2,0.1948321557952928
UBFC_MMPD,none,202,subject28,subject28_L3_MO1_E2_S5_GE2_GL2_H2_MA2,0.1460320152635274
UBFC_MMPD,none,202,subject28,subject28_L3_MO2_E2_S5_GE2_GL2_H2_MA2,0.0560002880540645
UBFC_MMPD,none,202,subject28,subject28_L3_MO3_E2_S5_GE2_GL2_H2_MA2,0.167674821329901
UBFC_MMPD,none,202,subject28,subject28_L3_MO4_E2_S5_GE2_GL2_H2_MA2,0.0941807168818899
UBFC_MMPD,none,202,subject28,subject28_L4_MO1_E1_S5_GE2_GL2_H2_MA2,0.1044066011040888
UBFC_MMPD,none,202,subject28,subject28_L4_MO1_E2_S5_GE2_GL2_H2_MA2,0.1278598694840174
UBFC_MMPD,none,202,subject28,subject28_L4_MO2_E2_S5_GE2_GL2_H2_MA2,0.1094121083503946
UBFC_MMPD,none,202,subject28,subject28_L4_MO3_E2_S5_GE2_GL2_H2_MA2,0.1614808408889585
UBFC_MMPD,none,202,subject28,subject28_L4_MO4_E2_S5_GE2_GL2_H2_MA2,0.1159729613310526
UBFC_MMPD,none,202,subject29,subject29_L1_MO1_E1_S3_GE2_GL1_H1_MA2,0.1686010004578198
UBFC_MMPD,none,202,subject29,subject29_L1_MO1_E2_S3_GE2_GL1_H1_MA2,0.2888344302474231
UBFC_MMPD,none,202,subject29,subject29_L1_MO2_E2_S3_GE2_GL1_H1_MA2,0.3493377698267578
UBFC_MMPD,none,202,subject29,subject29_L1_MO3_E2_S3_GE2_GL1_H1_MA2,0.3762285132502689
UBFC_MMPD,none,202,subject29,subject29_L1_MO4_E2_S3_GE2_GL1_H1_MA2,0.0997462943292783
UBFC_MMPD,none,202,subject29,subject29_L2_MO1_E1_S3_GE2_GL1_H1_MA2,0.1837178829862243
UBFC_MMPD,none,202,subject29,subject29_L2_MO1_E2_S3_GE2_GL1_H1_MA2,0.2500619579252283
UBFC_MMPD,none,202,subject29,subject29_L2_MO2_E2_S3_GE2_GL1_H1_MA2,0.234548752677751
UBFC_MMPD,none,202,subject29,subject29_L2_MO3_E2_S3_GE2_GL1_H1_MA2,0.3183565143183092
UBFC_MMPD,none,202,subject29,subject29_L2_MO4_E2_S3_GE2_GL1_H1_MA2,0.1449378691145631
UBFC_MMPD,none,202,subject29,subject29_L3_MO1_E1_S3_GE2_GL1_H1_MA2,0.2173214589391311
UBFC_MMPD,none,202,subject29,subject29_L3_MO1_E2_S3_GE2_GL1_H1_MA2,0.4962964635789851
UBFC_MMPD,none,202,subject29,subject29_L3_MO2_E2_S3_GE2_GL1_H1_MA2,0.4095506422990398
UBFC_MMPD,none,202,subject29,subject29_L3_MO3_E2_S3_GE2_GL1_H1_MA2,0.4355124005734033
UBFC_MMPD,none,202,subject29,subject29_L3_MO4_E2_S3_GE2_GL1_H1_MA2,0.1373635011764246
UBFC_MMPD,none,202,subject29,subject29_L4_MO1_E1_S3_GE2_GL1_H1_MA2,0.3456867428392323
UBFC_MMPD,none,202,subject29,subject29_L4_MO1_E2_S3_GE2_GL1_H1_MA2,0.2696535545585803
UBFC_MMPD,none,202,subject29,subject29_L4_MO2_E2_S3_GE2_GL1_H1_MA2,0.2477890158929252
UBFC_MMPD,none,202,subject29,subject29_L4_MO3_E2_S3_GE2_GL1_H1_MA2,0.2579850812702867
UBFC_MMPD,none,202,subject29,subject29_L4_MO4_E2_S3_GE2_GL1_H1_MA2,0.1336342871926452
UBFC_MMPD,none,202,subject2,subject2_L1_MO1_E1_S4_GE1_GL1_H1_MA2,0.1708494109160167
UBFC_MMPD,none,202,subject2,subject2_L1_MO1_E2_S4_GE1_GL1_H1_MA2,0.3469234307675325
UBFC_MMPD,none,202,subject2,subject2_L1_MO2_E2_S4_GE1_GL1_H1_MA2,0.1323341522975449
UBFC_MMPD,none,202,subject2,subject2_L1_MO3_E2_S4_GE1_GL1_H1_MA2,0.2646606173884819
UBFC_MMPD,none,202,subject2,subject2_L1_MO4_E2_S4_GE1_GL1_H1_MA2,0.1362307430297322
UBFC_MMPD,none,202,subject2,subject2_L2_MO1_E1_S4_GE1_GL1_H1_MA2,0.165889724936923
UBFC_MMPD,none,202,subject2,subject2_L2_MO1_E2_S4_GE1_GL1_H1_MA2,0.2720542792946737
UBFC_MMPD,none,202,subject2,subject2_L2_MO2_E2_S4_GE1_GL1_H1_MA2,0.0961093728459367
UBFC_MMPD,none,202,subject2,subject2_L2_MO3_E2_S4_GE1_GL1_H1_MA2,0.2673584653669216
UBFC_MMPD,none,202,subject2,subject2_L2_MO4_E2_S4_GE1_GL1_H1_MA2,0.1234578370169902
UBFC_MMPD,none,202,subject2,subject2_L3_MO1_E1_S4_GE1_GL1_H1_MA2,0.239482434237382
UBFC_MMPD,none,202,subject2,subject2_L3_MO1_E2_S4_GE1_GL1_H1_MA2,0.4302722612610009
UBFC_MMPD,none,202,subject2,subject2_L3_MO2_E2_S4_GE1_GL1_H1_MA2,0.1949613078643662
UBFC_MMPD,none,202,subject2,subject2_L3_MO3_E2_S4_GE1_GL1_H1_MA2,0.2392249822452276
UBFC_MMPD,none,202,subject2,subject2_L3_MO4_E2_S4_GE1_GL1_H1_MA2,0.1140590441865684
UBFC_MMPD,none,202,subject2,subject2_L4_MO1_E1_S4_GE1_GL1_H1_MA2,0.1493521380537349
UBFC_MMPD,none,202,subject2,subject2_L4_MO1_E2_S4_GE1_GL1_H1_MA2,0.3239378678929633
UBFC_MMPD,none,202,subject2,subject2_L4_MO2_E2_S4_GE1_GL1_H1_MA2,0.108456161650574
UBFC_MMPD,none,202,subject2,subject2_L4_MO3_E2_S4_GE1_GL1_H1_MA2,0.2184699770410364
UBFC_MMPD,none,202,subject2,subject2_L4_MO4_E2_S4_GE1_GL1_H1_MA2,0.1142925298312702
UBFC_MMPD,none,202,subject30,subject30_L1_MO1_E1_S6_GE1_GL2_H2_MA2,0.1036963575979422
UBFC_MMPD,none,202,subject30,subject30_L1_MO1_E2_S6_GE1_GL2_H2_MA2,0.1041796819757334
UBFC_MMPD,none,202,subject30,subject30_L1_MO2_E2_S6_GE1_GL2_H2_MA2,0.0636673779507796
UBFC_MMPD,none,202,subject30,subject30_L1_MO3_E2_S6_GE1_GL2_H2_MA2,0.1167025202013512
UBFC_MMPD,none,202,subject30,subject30_L1_MO4_E2_S6_GE1_GL2_H2_MA2,0.191699075418711
UBFC_MMPD,none,202,subject30,subject30_L2_MO1_E1_S6_GE1_GL2_H2_MA2,0.1127820650001386
UBFC_MMPD,none,202,subject30,subject30_L2_MO1_E2_S6_GE1_GL2_H2_MA2,0.1262723624180724
UBFC_MMPD,none,202,subject30,subject30_L2_MO2_E2_S6_GE1_GL2_H2_MA2,0.0799874855140075
UBFC_MMPD,none,202,subject30,subject30_L2_MO3_E2_S6_GE1_GL2_H2_MA2,0.2337449831665276
UBFC_MMPD,none,202,subject30,subject30_L2_MO4_E2_S6_GE1_GL2_H2_MA2,0.1315377953594014
UBFC_MMPD,none,202,subject30,subject30_L3_MO1_E1_S6_GE1_GL2_H2_MA2,0.1301288915282866
UBFC_MMPD,none,202,subject30,subject30_L3_MO1_E2_S6_GE1_GL2_H2_MA2,0.3554390798286058
UBFC_MMPD,none,202,subject30,subject30_L3_MO2_E2_S6_GE1_GL2_H2_MA2,0.1078004742751311
UBFC_MMPD,none,202,subject30,subject30_L3_MO3_E2_S6_GE1_GL2_H2_MA2,0.3926258953387784
UBFC_MMPD,none,202,subject30,subject30_L3_MO4_E2_S6_GE1_GL2_H2_MA2,0.1944292465614723
UBFC_MMPD,none,202,subject30,subject30_L4_MO1_E1_S6_GE1_GL2_H2_MA2,0.1469309371299696
UBFC_MMPD,none,202,subject30,subject30_L4_MO1_E2_S6_GE1_GL2_H2_MA2,0.1520696458039597
UBFC_MMPD,none,202,subject30,subject30_L4_MO2_E2_S6_GE1_GL2_H2_MA2,0.1012635671335659
UBFC_MMPD,none,202,subject30,subject30_L4_MO3_E2_S6_GE1_GL2_H2_MA2,0.2328682502446921
UBFC_MMPD,none,202,subject30,subject30_L4_MO4_E2_S6_GE1_GL2_H2_MA2,0.2029983927559097
UBFC_MMPD,none,202,subject31,subject31_L1_MO1_E1_S5_GE1_GL2_H2_MA2,0.0845781070945996
UBFC_MMPD,none,202,subject31,subject31_L1_MO1_E2_S5_GE1_GL2_H2_MA2,0.0896851870338159
UBFC_MMPD,none,202,subject31,subject31_L1_MO2_E2_S5_GE1_GL2_H2_MA2,0.1110855801081312
UBFC_MMPD,none,202,subject31,subject31_L1_MO3_E2_S5_GE1_GL2_H2_MA2,0.1264168322101602
UBFC_MMPD,none,202,subject31,subject31_L1_MO4_E2_S5_GE1_GL2_H2_MA2,0.1408228638422279
UBFC_MMPD,none,202,subject31,subject31_L2_MO1_E1_S5_GE1_GL2_H2_MA2,0.1436139067578694
UBFC_MMPD,none,202,subject31,subject31_L2_MO1_E2_S5_GE1_GL2_H2_MA2,0.1328172546172338
UBFC_MMPD,none,202,subject31,subject31_L2_MO2_E2_S5_GE1_GL2_H2_MA2,0.0993464181784562
UBFC_MMPD,none,202,subject31,subject31_L2_MO3_E2_S5_GE1_GL2_H2_MA2,0.3007331913565682
UBFC_MMPD,none,202,subject31,subject31_L2_MO4_E2_S5_GE1_GL2_H2_MA2,0.2006203167310574
UBFC_MMPD,none,202,subject31,subject31_L3_MO1_E1_S5_GE1_GL2_H2_MA2,0.1430535844420782
UBFC_MMPD,none,202,subject31,subject31_L3_MO1_E2_S5_GE1_GL2_H2_MA2,0.1036780512635543
UBFC_MMPD,none,202,subject31,subject31_L3_MO2_E2_S5_GE1_GL2_H2_MA2,0.0907742540656708
UBFC_MMPD,none,202,subject31,subject31_L3_MO3_E2_S5_GE1_GL2_H2_MA2,0.2004814115377567
UBFC_MMPD,none,202,subject31,subject31_L3_MO4_E2_S5_GE1_GL2_H2_MA2,0.1995717766501397
UBFC_MMPD,none,202,subject31,subject31_L4_MO1_E1_S5_GE1_GL2_H2_MA2,0.1079501145776631
UBFC_MMPD,none,202,subject31,subject31_L4_MO1_E2_S5_GE1_GL2_H2_MA2,0.1185746021430556
UBFC_MMPD,none,202,subject31,subject31_L4_MO2_E2_S5_GE1_GL2_H2_MA2,0.0991805103114612
UBFC_MMPD,none,202,subject31,subject31_L4_MO3_E2_S5_GE1_GL2_H2_MA2,0.103529105415446
UBFC_MMPD,none,202,subject31,subject31_L4_MO4_E2_S5_GE1_GL2_H2_MA2,0.1723032832108242
UBFC_MMPD,none,202,subject32,subject32_L1_MO1_E1_S3_GE2_GL2_H2_MA2,0.6106980694570028
UBFC_MMPD,none,202,subject32,subject32_L1_MO1_E2_S3_GE2_GL2_H2_MA2,0.5333765827257873
UBFC_MMPD,none,202,subject32,subject32_L1_MO2_E2_S3_GE2_GL2_H2_MA2,0.3407867883353224
UBFC_MMPD,none,202,subject32,subject32_L1_MO3_E2_S3_GE2_GL2_H2_MA2,0.4350118691111832
UBFC_MMPD,none,202,subject32,subject32_L1_MO4_E2_S3_GE2_GL2_H2_MA2,0.1157211642564075
UBFC_MMPD,none,202,subject32,subject32_L2_MO1_E1_S3_GE2_GL2_H2_MA2,0.648492115929119
UBFC_MMPD,none,202,subject32,subject32_L2_MO1_E2_S3_GE2_GL2_H2_MA2,0.6277027824722126
UBFC_MMPD,none,202,subject32,subject32_L2_MO2_E2_S3_GE2_GL2_H2_MA2,0.4229543632415745
UBFC_MMPD,none,202,subject32,subject32_L2_MO3_E2_S3_GE2_GL2_H2_MA2,0.3980997148766614
UBFC_MMPD,none,202,subject32,subject32_L2_MO4_E2_S3_GE2_GL2_H2_MA2,0.1170701081794341
UBFC_MMPD,none,202,subject32,subject32_L3_MO1_E1_S3_GE2_GL2_H2_MA2,0.5691281847990362
UBFC_MMPD,none,202,subject32,subject32_L3_MO1_E2_S3_GE2_GL2_H2_MA2,0.5515751431130923
UBFC_MMPD,none,202,subject32,subject32_L3_MO2_E2_S3_GE2_GL2_H2_MA2,0.4486171477612514
UBFC_MMPD,none,202,subject32,subject32_L3_MO3_E2_S3_GE2_GL2_H2_MA2,0.4724369578153573
UBFC_MMPD,none,202,subject32,subject32_L3_MO4_E2_S3_GE2_GL2_H2_MA2,0.116553455035144
UBFC_MMPD,none,202,subject32,subject32_L4_MO1_E1_S3_GE2_GL2_H2_MA2,0.5637360414637758
UBFC_MMPD,none,202,subject32,subject32_L4_MO1_E2_S3_GE2_GL2_H2_MA2,0.3695841769906772
UBFC_MMPD,none,202,subject32,subject32_L4_MO2_E2_S3_GE2_GL2_H2_MA2,0.2127931372772393
UBFC_MMPD,none,202,subject32,subject32_L4_MO3_E2_S3_GE2_GL2_H2_MA2,0.2603143518440903
UBFC_MMPD,none,202,subject32,subject32_L4_MO4_E2_S3_GE2_GL2_H2_MA2,0.1512873496698894
UBFC_MMPD,none,202,subject33,subject33_L1_MO1_E1_S3_GE2_GL2_H2_MA2,0.1501917464076796
UBFC_MMPD,none,202,subject33,subject33_L1_MO1_E2_S3_GE2_GL2_H2_MA2,0.1955296361777751
UBFC_MMPD,none,202,subject33,subject33_L1_MO2_E2_S3_GE2_GL2_H2_MA2,0.110667935507082
UBFC_MMPD,none,202,subject33,subject33_L1_MO3_E2_S3_GE2_GL2_H2_MA2,0.2385058194719164
UBFC_MMPD,none,202,subject33,subject33_L1_MO4_E2_S3_GE2_GL2_H2_MA2,0.1570326031069729
UBFC_MMPD,none,202,subject33,subject33_L2_MO1_E1_S3_GE2_GL2_H2_MA2,0.1472000013183481
UBFC_MMPD,none,202,subject33,subject33_L2_MO1_E2_S3_GE2_GL2_H2_MA2,0.2168888943935364
UBFC_MMPD,none,202,subject33,subject33_L2_MO2_E2_S3_GE2_GL2_H2_MA2,0.1749413963838595
UBFC_MMPD,none,202,subject33,subject33_L2_MO3_E2_S3_GE2_GL2_H2_MA2,0.338566736179227
UBFC_MMPD,none,202,subject33,subject33_L2_MO4_E2_S3_GE2_GL2_H2_MA2,0.1354718966482934
UBFC_MMPD,none,202,subject33,subject33_L3_MO1_E1_S3_GE2_GL2_H2_MA2,0.1673660213721485
UBFC_MMPD,none,202,subject33,subject33_L3_MO1_E2_S3_GE2_GL2_H2_MA2,0.2738218182502296
UBFC_MMPD,none,202,subject33,subject33_L3_MO2_E2_S3_GE2_GL2_H2_MA2,0.2626783890356253
UBFC_MMPD,none,202,subject33,subject33_L3_MO3_E2_S3_GE2_GL2_H2_MA2,0.1722792560160063
UBFC_MMPD,none,202,subject33,subject33_L3_MO4_E2_S3_GE2_GL2_H2_MA2,0.1489920014154384
UBFC_MMPD,none,202,subject33,subject33_L4_MO1_E1_S3_GE2_GL2_H2_MA2,0.088930307324525
UBFC_MMPD,none,202,subject33,subject33_L4_MO1_E2_S3_GE2_GL2_H2_MA2,0.1805378803871566
UBFC_MMPD,none,202,subject33,subject33_L4_MO2_E2_S3_GE2_GL2_H2_MA2,0.1373755779257413
UBFC_MMPD,none,202,subject33,subject33_L4_MO3_E2_S3_GE2_GL2_H2_MA2,0.1204722230924557
UBFC_MMPD,none,202,subject33,subject33_L4_MO4_E2_S3_GE2_GL2_H2_MA2,0.1456555663258453
UBFC_MMPD,none,202,subject3,subject3_L1_MO1_E1_S3_GE1_GL2_H1_MA2,0.1307023190910724
UBFC_MMPD,none,202,subject3,subject3_L1_MO1_E2_S3_GE1_GL2_H1_MA2,0.121155730395818
UBFC_MMPD,none,202,subject3,subject3_L1_MO2_E2_S3_GE1_GL2_H1_MA2,0.1729607391399381
UBFC_MMPD,none,202,subject3,subject3_L1_MO3_E2_S3_GE1_GL2_H1_MA2,0.1177329300219312
UBFC_MMPD,none,202,subject3,subject3_L1_MO4_E2_S3_GE1_GL2_H1_MA2,0.1205303151495186
UBFC_MMPD,none,202,subject3,subject3_L2_MO1_E1_S3_GE1_GL2_H1_MA2,0.133896208356659
UBFC_MMPD,none,202,subject3,subject3_L2_MO1_E2_S3_GE1_GL2_H1_MA2,0.1029589015651283
UBFC_MMPD,none,202,subject3,subject3_L2_MO2_E2_S3_GE1_GL2_H1_MA2,0.1498288976522941
UBFC_MMPD,none,202,subject3,subject3_L2_MO3_E2_S3_GE1_GL2_H1_MA2,0.1344388522081163
UBFC_MMPD,none,202,subject3,subject3_L2_MO4_E2_S3_GE1_GL2_H1_MA2,0.1688194493729541
UBFC_MMPD,none,202,subject3,subject3_L3_MO1_E1_S3_GE1_GL2_H1_MA2,0.1263097047371879
UBFC_MMPD,none,202,subject3,subject3_L3_MO1_E2_S3_GE1_GL2_H1_MA2,0.1278763897820244
UBFC_MMPD,none,202,subject3,subject3_L3_MO2_E2_S3_GE1_GL2_H1_MA2,0.1113547098703147
UBFC_MMPD,none,202,subject3,subject3_L3_MO3_E2_S3_GE1_GL2_H1_MA2,0.1544673420003279
UBFC_MMPD,none,202,subject3,subject3_L3_MO4_E2_S3_GE1_GL2_H1_MA2,0.1340838086513216
UBFC_MMPD,none,202,subject3,subject3_L4_MO1_E1_S3_GE1_GL2_H1_MA2,0.0955654378664673
UBFC_MMPD,none,202,subject3,subject3_L4_MO1_E2_S3_GE1_GL2_H1_MA2,0.1927451746009978
UBFC_MMPD,none,202,subject3,subject3_L4_MO2_E2_S3_GE1_GL2_H1_MA2,0.1117282914452689
UBFC_MMPD,none,202,subject3,subject3_L4_MO3_E2_S3_GE1_GL2_H1_MA2,0.1272107202672294
UBFC_MMPD,none,202,subject3,subject3_L4_MO4_E2_S3_GE1_GL2_H1_MA2,0.1209517529857227
UBFC_MMPD,none,202,subject4,subject4_L1_MO1_E1_S3_GE1_GL2_H1_MA2,0.3914464762530088
UBFC_MMPD,none,202,subject4,subject4_L1_MO1_E2_S3_GE1_GL2_H1_MA2,0.2577247932949661
UBFC_MMPD,none,202,subject4,subject4_L1_MO2_E2_S3_GE1_GL2_H1_MA2,0.1154886698236066
UBFC_MMPD,none,202,subject4,subject4_L1_MO3_E2_S3_GE1_GL2_H1_MA2,0.1805888243049433
UBFC_MMPD,none,202,subject4,subject4_L1_MO4_E2_S3_GE1_GL2_H1_MA2,0.1617435518620182
UBFC_MMPD,none,202,subject4,subject4_L2_MO1_E1_S3_GE1_GL2_H1_MA2,0.223825069150734
UBFC_MMPD,none,202,subject4,subject4_L2_MO1_E2_S3_GE1_GL2_H1_MA2,0.4093980917267205
UBFC_MMPD,none,202,subject4,subject4_L2_MO2_E2_S3_GE1_GL2_H1_MA2,0.0917543403160189
UBFC_MMPD,none,202,subject4,subject4_L2_MO3_E2_S3_GE1_GL2_H1_MA2,0.2383177460757077
UBFC_MMPD,none,202,subject4,subject4_L2_MO4_E2_S3_GE1_GL2_H1_MA2,0.130896362561586
UBFC_MMPD,none,202,subject4,subject4_L3_MO1_E1_S3_GE1_GL2_H1_MA2,0.406265671346379
UBFC_MMPD,none,202,subject4,subject4_L3_MO1_E2_S3_GE1_GL2_H1_MA2,0.3161493398033345
UBFC_MMPD,none,202,subject4,subject4_L3_MO2_E2_S3_GE1_GL2_H1_MA2,0.1162715616003268
UBFC_MMPD,none,202,subject4,subject4_L3_MO3_E2_S3_GE1_GL2_H1_MA2,0.3124611758658902
UBFC_MMPD,none,202,subject4,subject4_L3_MO4_E2_S3_GE1_GL2_H1_MA2,0.1008117355230863
UBFC_MMPD,none,202,subject4,subject4_L4_MO1_E1_S3_GE1_GL2_H1_MA2,0.3007850500582167
UBFC_MMPD,none,202,subject4,subject4_L4_MO1_E2_S3_GE1_GL2_H1_MA2,0.3986117435556811
UBFC_MMPD,none,202,subject4,subject4_L4_MO2_E2_S3_GE1_GL2_H1_MA2,0.1798370727829649
UBFC_MMPD,none,202,subject4,subject4_L4_MO3_E2_S3_GE1_GL2_H1_MA2,0.2565731080668707
UBFC_MMPD,none,202,subject4,subject4_L4_MO4_E2_S3_GE1_GL2_H1_MA2,0.1156052268027727
UBFC_MMPD,none,202,subject5,subject5_L1_MO1_E1_S3_GE2_GL1_H1_MA1,0.1396458751735695
UBFC_MMPD,none,202,subject5,subject5_L1_MO1_E2_S3_GE2_GL1_H1_MA1,0.153168760034828
UBFC_MMPD,none,202,subject5,subject5_L1_MO2_E2_S3_GE2_GL1_H1_MA1,0.1643854175949898
UBFC_MMPD,none,202,subject5,subject5_L1_MO3_E2_S3_GE2_GL1_H1_MA1,0.3182792439115597
UBFC_MMPD,none,202,subject5,subject5_L1_MO4_E2_S3_GE2_GL1_H1_MA1,0.1032452124268596
UBFC_MMPD,none,202,subject5,subject5_L2_MO1_E1_S3_GE2_GL1_H1_MA1,0.3171592430690315
UBFC_MMPD,none,202,subject5,subject5_L2_MO1_E2_S3_GE2_GL1_H1_MA1,0.1687859087614299
UBFC_MMPD,none,202,subject5,subject5_L2_MO2_E2_S3_GE2_GL1_H1_MA1,0.1863155780121074
UBFC_MMPD,none,202,subject5,subject5_L2_MO3_E2_S3_GE2_GL1_H1_MA1,0.2317697597180287
UBFC_MMPD,none,202,subject5,subject5_L2_MO4_E2_S3_GE2_GL1_H1_MA1,0.1181705929970015
UBFC_MMPD,none,202,subject5,subject5_L3_MO1_E1_S3_GE2_GL1_H1_MA1,0.1014197295585208
UBFC_MMPD,none,202,subject5,subject5_L3_MO1_E2_S3_GE2_GL1_H1_MA1,0.2564203340866303
UBFC_MMPD,none,202,subject5,subject5_L3_MO2_E2_S3_GE2_GL1_H1_MA1,0.1478807675743365
UBFC_MMPD,none,202,subject5,subject5_L3_MO3_E2_S3_GE2_GL1_H1_MA1,0.1302436771776539
UBFC_MMPD,none,202,subject5,subject5_L3_MO4_E2_S3_GE2_GL1_H1_MA1,0.1163928601153453
UBFC_MMPD,none,202,subject5,subject5_L4_MO1_E1_S3_GE2_GL1_H1_MA1,0.1465526793901508
UBFC_MMPD,none,202,subject5,subject5_L4_MO1_E2_S3_GE2_GL1_H1_MA1,0.1529150876920139
UBFC_MMPD,none,202,subject5,subject5_L4_MO2_E2_S3_GE2_GL1_H1_MA1,0.169303752543702
UBFC_MMPD,none,202,subject5,subject5_L4_MO3_E2_S3_GE2_GL1_H1_MA1,0.1617065940234363
UBFC_MMPD,none,202,subject5,subject5_L4_MO4_E2_S3_GE2_GL1_H1_MA1,0.1314714264953946
UBFC_MMPD,none,202,subject6,subject6_L1_MO1_E1_S3_GE1_GL2_H2_MA2,0.3031267624715155
UBFC_MMPD,none,202,subject6,subject6_L1_MO1_E2_S3_GE1_GL2_H2_MA2,0.3802766816951133
UBFC_MMPD,none,202,subject6,subject6_L1_MO2_E2_S3_GE1_GL2_H2_MA2,0.1996520827095065
UBFC_MMPD,none,202,subject6,subject6_L1_MO3_E2_S3_GE1_GL2_H2_MA2,0.3834399278509882
UBFC_MMPD,none,202,subject6,subject6_L1_MO4_E2_S3_GE1_GL2_H2_MA2,0.1142781999002944
UBFC_MMPD,none,202,subject6,subject6_L2_MO1_E1_S3_GE1_GL2_H2_MA2,0.1239072572416851
UBFC_MMPD,none,202,subject6,subject6_L2_MO1_E2_S3_GE1_GL2_H2_MA2,0.1284241312194385
UBFC_MMPD,none,202,subject6,subject6_L2_MO2_E2_S3_GE1_GL2_H2_MA2,0.170626851344403
UBFC_MMPD,none,202,subject6,subject6_L2_MO3_E2_S3_GE1_GL2_H2_MA2,0.169932161441872
UBFC_MMPD,none,202,subject6,subject6_L2_MO4_E2_S3_GE1_GL2_H2_MA2,0.1102928535698321
UBFC_MMPD,none,202,subject6,subject6_L3_MO1_E1_S3_GE1_GL2_H2_MA2,0.0849926967295025
UBFC_MMPD,none,202,subject6,subject6_L3_MO1_E2_S3_GE1_GL2_H2_MA2,0.2398741387066629
UBFC_MMPD,none,202,subject6,subject6_L3_MO2_E2_S3_GE1_GL2_H2_MA2,0.2194937400562731
UBFC_MMPD,none,202,subject6,subject6_L3_MO3_E2_S3_GE1_GL2_H2_MA2,0.340985379520942
UBFC_MMPD,none,202,subject6,subject6_L3_MO4_E2_S3_GE1_GL2_H2_MA2,0.1043641816132015
UBFC_MMPD,none,202,subject6,subject6_L4_MO1_E1_S3_GE1_GL2_H2_MA2,0.3185613057085644
UBFC_MMPD,none,202,subject6,subject6_L4_MO1_E2_S3_GE1_GL2_H2_MA2,0.1763759542547819
UBFC_MMPD,none,202,subject6,subject6_L4_MO2_E2_S3_GE1_GL2_H2_MA2,0.2868155098482838
UBFC_MMPD,none,202,subject6,subject6_L4_MO3_E2_S3_GE1_GL2_H2_MA2,0.1880287583992213
UBFC_MMPD,none,202,subject6,subject6_L4_MO4_E2_S3_GE1_GL2_H2_MA2,0.1124765844889018
UBFC_MMPD,none,202,subject7,subject7_L1_MO1_E1_S5_GE1_GL1_H2_MA2,0.2471773180197841
UBFC_MMPD,none,202,subject7,subject7_L1_MO1_E2_S5_GE1_GL1_H2_MA2,0.1319880101632357
UBFC_MMPD,none,202,subject7,subject7_L1_MO2_E2_S5_GE1_GL1_H2_MA2,0.1765775505901613
UBFC_MMPD,none,202,subject7,subject7_L2_MO1_E1_S5_GE1_GL1_H2_MA2,0.2306171628774405
UBFC_MMPD,none,202,subject7,subject7_L3_MO1_E1_S5_GE1_GL1_H2_MA2,0.1572728999808325
UBFC_MMPD,none,202,subject7,subject7_L3_MO3_E2_S5_GE1_GL1_H2_MA2,0.1129694500592809
UBFC_MMPD,none,202,subject7,subject7_L3_MO4_E2_S5_GE1_GL1_H2_MA2,0.1135924895221431
UBFC_MMPD,none,202,subject7,subject7_L4_MO1_E1_S5_GE1_GL1_H2_MA2,0.1473706670105932
UBFC_MMPD,none,202,subject7,subject7_L4_MO1_E2_S5_GE1_GL1_H2_MA2,0.2560861235424865
UBFC_MMPD,none,202,subject7,subject7_L4_MO2_E2_S5_GE1_GL1_H2_MA2,0.136221295036797
UBFC_MMPD,none,202,subject7,subject7_L4_MO3_E2_S5_GE1_GL1_H2_MA2,0.1129351685624844
UBFC_MMPD,none,202,subject7,subject7_L4_MO4_E2_S5_GE1_GL1_H2_MA2,0.1153864628668425
UBFC_MMPD,osc_real,42,subject10,subject10_L1_MO1_E1_S4_GE2_GL2_H2_MA2,0.1982605020912827
UBFC_MMPD,osc_real,42,subject10,subject10_L1_MO1_E2_S4_GE2_GL2_H2_MA2,0.2248524192133675
UBFC_MMPD,osc_real,42,subject10,subject10_L1_MO2_E2_S4_GE2_GL2_H2_MA2,0.1591926288682031
UBFC_MMPD,osc_real,42,subject10,subject10_L1_MO3_E2_S4_GE2_GL2_H2_MA2,0.1615840356297324
UBFC_MMPD,osc_real,42,subject10,subject10_L1_MO4_E2_S4_GE2_GL2_H2_MA2,0.1685756729599792
UBFC_MMPD,osc_real,42,subject10,subject10_L2_MO1_E1_S4_GE2_GL2_H2_MA2,0.1533777990803645
UBFC_MMPD,osc_real,42,subject10,subject10_L2_MO1_E2_S4_GE2_GL2_H2_MA2,0.2879661336663173
UBFC_MMPD,osc_real,42,subject10,subject10_L2_MO2_E2_S4_GE2_GL2_H2_MA2,0.123736488100194
UBFC_MMPD,osc_real,42,subject10,subject10_L2_MO3_E2_S4_GE2_GL2_H2_MA2,0.1845527409438772
UBFC_MMPD,osc_real,42,subject10,subject10_L2_MO4_E2_S4_GE2_GL2_H2_MA2,0.1491121770261212
UBFC_MMPD,osc_real,42,subject10,subject10_L3_MO1_E1_S4_GE2_GL2_H2_MA2,0.1364208238452091
UBFC_MMPD,osc_real,42,subject10,subject10_L3_MO1_E2_S4_GE2_GL2_H2_MA2,0.1680814313464918
UBFC_MMPD,osc_real,42,subject10,subject10_L3_MO2_E2_S4_GE2_GL2_H2_MA2,0.1105172847273726
UBFC_MMPD,osc_real,42,subject10,subject10_L3_MO3_E2_S4_GE2_GL2_H2_MA2,0.1227484538722092
UBFC_MMPD,osc_real,42,subject10,subject10_L3_MO4_E2_S4_GE2_GL2_H2_MA2,0.1357527871825179
UBFC_MMPD,osc_real,42,subject10,subject10_L4_MO1_E1_S4_GE2_GL2_H2_MA2,0.1383904971051296
UBFC_MMPD,osc_real,42,subject10,subject10_L4_MO1_E2_S4_GE2_GL2_H2_MA2,0.073473353474146
UBFC_MMPD,osc_real,42,subject10,subject10_L4_MO2_E2_S4_GE2_GL2_H2_MA2,0.1519857297876059
UBFC_MMPD,osc_real,42,subject10,subject10_L4_MO3_E2_S4_GE2_GL2_H2_MA2,0.1059684589073321
UBFC_MMPD,osc_real,42,subject10,subject10_L4_MO4_E2_S4_GE2_GL2_H2_MA2,0.1255715490431744
UBFC_MMPD,osc_real,42,subject11,subject11_L1_MO1_E1_S5_GE1_GL2_H2_MA2,0.1320706455577529
UBFC_MMPD,osc_real,42,subject11,subject11_L1_MO1_E2_S5_GE1_GL2_H2_MA2,0.2204826805013007
UBFC_MMPD,osc_real,42,subject11,subject11_L1_MO2_E2_S5_GE1_GL2_H2_MA2,0.1674916817874897
UBFC_MMPD,osc_real,42,subject11,subject11_L1_MO3_E2_S5_GE1_GL2_H2_MA2,0.1416220809375058
UBFC_MMPD,osc_real,42,subject11,subject11_L1_MO4_E2_S5_GE1_GL2_H2_MA2,0.1349695242246402
UBFC_MMPD,osc_real,42,subject11,subject11_L2_MO1_E1_S5_GE1_GL2_H2_MA2,0.1028845770650135
UBFC_MMPD,osc_real,42,subject11,subject11_L2_MO1_E2_S5_GE1_GL2_H2_MA2,0.2126161407078239
UBFC_MMPD,osc_real,42,subject11,subject11_L2_MO2_E2_S5_GE1_GL2_H2_MA2,0.1323018720034242
UBFC_MMPD,osc_real,42,subject11,subject11_L2_MO3_E2_S5_GE1_GL2_H2_MA2,0.1312966396586788
UBFC_MMPD,osc_real,42,subject11,subject11_L2_MO4_E2_S5_GE1_GL2_H2_MA2,0.1412726597664606
UBFC_MMPD,osc_real,42,subject11,subject11_L3_MO1_E1_S5_GE1_GL2_H2_MA2,0.2272244011987521
UBFC_MMPD,osc_real,42,subject11,subject11_L3_MO1_E2_S5_GE1_GL2_H2_MA2,0.2591281105385892
UBFC_MMPD,osc_real,42,subject11,subject11_L3_MO2_E2_S5_GE1_GL2_H2_MA2,0.1374759302239791
UBFC_MMPD,osc_real,42,subject11,subject11_L3_MO3_E2_S5_GE1_GL2_H2_MA2,0.1184898584463617
UBFC_MMPD,osc_real,42,subject11,subject11_L3_MO4_E2_S5_GE1_GL2_H2_MA2,0.1433876050137764
UBFC_MMPD,osc_real,42,subject11,subject11_L4_MO1_E1_S5_GE1_GL2_H2_MA2,0.0792049999756309
UBFC_MMPD,osc_real,42,subject11,subject11_L4_MO1_E2_S5_GE1_GL2_H2_MA2,0.167321390057201
UBFC_MMPD,osc_real,42,subject11,subject11_L4_MO2_E2_S5_GE1_GL2_H2_MA2,0.1254004219383795
UBFC_MMPD,osc_real,42,subject11,subject11_L4_MO3_E2_S5_GE1_GL2_H2_MA2,0.1962252291653591
UBFC_MMPD,osc_real,42,subject11,subject11_L4_MO4_E2_S5_GE1_GL2_H2_MA2,0.137889336229337
UBFC_MMPD,osc_real,42,subject12,subject12_L1_MO1_E1_S3_GE2_GL1_H2_MA2,0.1126383846436853
UBFC_MMPD,osc_real,42,subject12,subject12_L1_MO1_E2_S3_GE2_GL1_H2_MA2,0.1348727288603619
UBFC_MMPD,osc_real,42,subject12,subject12_L1_MO2_E2_S3_GE2_GL1_H2_MA2,0.102921999694422
UBFC_MMPD,osc_real,42,subject12,subject12_L1_MO3_E2_S3_GE2_GL1_H2_MA2,0.118577401731104
UBFC_MMPD,osc_real,42,subject12,subject12_L1_MO4_E2_S3_GE2_GL1_H2_MA2,0.1359534861240833
UBFC_MMPD,osc_real,42,subject12,subject12_L2_MO1_E1_S3_GE2_GL1_H2_MA2,0.1518737438920143
UBFC_MMPD,osc_real,42,subject12,subject12_L2_MO1_E2_S3_GE2_GL1_H2_MA2,0.1736187808481508
UBFC_MMPD,osc_real,42,subject12,subject12_L2_MO2_E2_S3_GE2_GL1_H2_MA2,0.0864811178731691
UBFC_MMPD,osc_real,42,subject12,subject12_L2_MO3_E2_S3_GE2_GL1_H2_MA2,0.1870532321447842
UBFC_MMPD,osc_real,42,subject12,subject12_L2_MO4_E2_S3_GE2_GL1_H2_MA2,0.1372147309383283
UBFC_MMPD,osc_real,42,subject12,subject12_L3_MO1_E1_S3_GE2_GL1_H2_MA2,0.2057620282629256
UBFC_MMPD,osc_real,42,subject12,subject12_L3_MO1_E2_S3_GE2_GL1_H2_MA2,0.2029027772767709
UBFC_MMPD,osc_real,42,subject12,subject12_L3_MO2_E2_S3_GE2_GL1_H2_MA2,0.1226328078215547
UBFC_MMPD,osc_real,42,subject12,subject12_L3_MO3_E2_S3_GE2_GL1_H2_MA2,0.1687272517288484
UBFC_MMPD,osc_real,42,subject12,subject12_L3_MO4_E2_S3_GE2_GL1_H2_MA2,0.1604489844818199
UBFC_MMPD,osc_real,42,subject12,subject12_L4_MO1_E1_S3_GE2_GL1_H2_MA2,0.1703050595763456
UBFC_MMPD,osc_real,42,subject12,subject12_L4_MO1_E2_S3_GE2_GL1_H2_MA2,0.3196620508162715
UBFC_MMPD,osc_real,42,subject12,subject12_L4_MO2_E2_S3_GE2_GL1_H2_MA2,0.1659348916754631
UBFC_MMPD,osc_real,42,subject12,subject12_L4_MO3_E2_S3_GE2_GL1_H2_MA2,0.1025335289337088
UBFC_MMPD,osc_real,42,subject12,subject12_L4_MO4_E2_S3_GE2_GL1_H2_MA2,0.1299588050879451
UBFC_MMPD,osc_real,42,subject13,subject13_L1_MO1_E1_S5_GE1_GL2_H2_MA2,0.0912171043408604
UBFC_MMPD,osc_real,42,subject13,subject13_L1_MO1_E2_S5_GE1_GL2_H2_MA2,0.1972482002675002
UBFC_MMPD,osc_real,42,subject13,subject13_L1_MO2_E2_S5_GE1_GL2_H2_MA2,0.1423811891377016
UBFC_MMPD,osc_real,42,subject13,subject13_L1_MO3_E2_S5_GE1_GL2_H2_MA2,0.2471564030914247
UBFC_MMPD,osc_real,42,subject13,subject13_L1_MO4_E2_S5_GE1_GL2_H2_MA2,0.1165015536587347
UBFC_MMPD,osc_real,42,subject13,subject13_L2_MO1_E1_S5_GE1_GL2_H2_MA2,0.0596884035778353
UBFC_MMPD,osc_real,42,subject13,subject13_L2_MO1_E2_S5_GE1_GL2_H2_MA2,0.2715637782347041
UBFC_MMPD,osc_real,42,subject13,subject13_L2_MO2_E2_S5_GE1_GL2_H2_MA2,0.1480191963250149
UBFC_MMPD,osc_real,42,subject13,subject13_L2_MO3_E2_S5_GE1_GL2_H2_MA2,0.2126716336139739
UBFC_MMPD,osc_real,42,subject13,subject13_L2_MO4_E2_S5_GE1_GL2_H2_MA2,0.2089282204383812
UBFC_MMPD,osc_real,42,subject13,subject13_L3_MO1_E1_S5_GE1_GL2_H2_MA2,0.1407765853226936
UBFC_MMPD,osc_real,42,subject13,subject13_L3_MO1_E2_S5_GE1_GL2_H2_MA2,0.3431973138071054
UBFC_MMPD,osc_real,42,subject13,subject13_L3_MO2_E2_S5_GE1_GL2_H2_MA2,0.1243836240118231
UBFC_MMPD,osc_real,42,subject13,subject13_L3_MO3_E2_S5_GE1_GL2_H2_MA2,0.3525385339640117
UBFC_MMPD,osc_real,42,subject13,subject13_L3_MO4_E2_S5_GE1_GL2_H2_MA2,0.0899355943578754
UBFC_MMPD,osc_real,42,subject13,subject13_L4_MO1_E1_S5_GE1_GL2_H2_MA2,0.1529038412625473
UBFC_MMPD,osc_real,42,subject13,subject13_L4_MO1_E2_S5_GE1_GL2_H2_MA2,0.5233681048058559
UBFC_MMPD,osc_real,42,subject13,subject13_L4_MO2_E2_S5_GE1_GL2_H2_MA2,0.0886349663839025
UBFC_MMPD,osc_real,42,subject13,subject13_L4_MO3_E2_S5_GE1_GL2_H2_MA2,0.2599727341704845
UBFC_MMPD,osc_real,42,subject13,subject13_L4_MO4_E2_S5_GE1_GL2_H2_MA2,0.1314730677986045
UBFC_MMPD,osc_real,42,subject14,subject14_L1_MO1_E1_S6_GE1_GL2_H2_MA2,0.0812074213277185
UBFC_MMPD,osc_real,42,subject14,subject14_L1_MO1_E2_S6_GE1_GL2_H2_MA2,0.1100865791416138
UBFC_MMPD,osc_real,42,subject14,subject14_L1_MO2_E2_S6_GE1_GL2_H2_MA2,0.1013807494570234
UBFC_MMPD,osc_real,42,subject14,subject14_L1_MO3_E2_S6_GE1_GL2_H2_MA2,0.1315010484806277
UBFC_MMPD,osc_real,42,subject14,subject14_L1_MO4_E2_S6_GE1_GL2_H2_MA2,0.117451401060037
UBFC_MMPD,osc_real,42,subject14,subject14_L2_MO1_E1_S6_GE1_GL2_H2_MA2,0.0922649696669612
UBFC_MMPD,osc_real,42,subject14,subject14_L2_MO1_E2_S6_GE1_GL2_H2_MA2,0.2063767818196265
UBFC_MMPD,osc_real,42,subject14,subject14_L2_MO2_E2_S6_GE1_GL2_H2_MA2,0.0932668007776349
UBFC_MMPD,osc_real,42,subject14,subject14_L2_MO3_E2_S6_GE1_GL2_H2_MA2,0.1186804793930769
UBFC_MMPD,osc_real,42,subject14,subject14_L2_MO4_E2_S6_GE1_GL2_H2_MA2,0.1274296482562543
UBFC_MMPD,osc_real,42,subject14,subject14_L3_MO1_E1_S6_GE1_GL2_H2_MA2,0.0630026101953264
UBFC_MMPD,osc_real,42,subject14,subject14_L3_MO1_E2_S6_GE1_GL2_H2_MA2,0.1971844829997914
UBFC_MMPD,osc_real,42,subject14,subject14_L3_MO2_E2_S6_GE1_GL2_H2_MA2,0.119766357208224
UBFC_MMPD,osc_real,42,subject14,subject14_L3_MO3_E2_S6_GE1_GL2_H2_MA2,0.1648466948718041
UBFC_MMPD,osc_real,42,subject14,subject14_L3_MO4_E2_S6_GE1_GL2_H2_MA2,0.2368359063551207
UBFC_MMPD,osc_real,42,subject14,subject14_L4_MO1_E1_S6_GE1_GL2_H2_MA2,0.0663506060562375
UBFC_MMPD,osc_real,42,subject14,subject14_L4_MO1_E2_S6_GE1_GL2_H2_MA2,0.0692015009815692
UBFC_MMPD,osc_real,42,subject14,subject14_L4_MO2_E2_S6_GE1_GL2_H2_MA2,0.1173494895814383
UBFC_MMPD,osc_real,42,subject14,subject14_L4_MO3_E2_S6_GE1_GL2_H2_MA2,0.0982602635945892
UBFC_MMPD,osc_real,42,subject14,subject14_L4_MO4_E2_S6_GE1_GL2_H2_MA2,0.3813210217921102
UBFC_MMPD,osc_real,42,subject15,subject15_L1_MO1_E1_S6_GE2_GL2_H2_MA2,0.1086592739761071
UBFC_MMPD,osc_real,42,subject15,subject15_L1_MO1_E2_S6_GE2_GL2_H2_MA2,0.1090904801721207
UBFC_MMPD,osc_real,42,subject15,subject15_L1_MO2_E2_S6_GE2_GL2_H2_MA2,0.1656568139759153
UBFC_MMPD,osc_real,42,subject15,subject15_L1_MO3_E2_S6_GE2_GL2_H2_MA2,0.1421029565909612
UBFC_MMPD,osc_real,42,subject15,subject15_L1_MO4_E2_S6_GE2_GL2_H2_MA2,0.1237235177186277
UBFC_MMPD,osc_real,42,subject15,subject15_L2_MO1_E1_S6_GE2_GL2_H2_MA2,0.1073917372261935
UBFC_MMPD,osc_real,42,subject15,subject15_L2_MO1_E2_S6_GE2_GL2_H2_MA2,0.1480045009343013
UBFC_MMPD,osc_real,42,subject15,subject15_L2_MO2_E2_S6_GE2_GL2_H2_MA2,0.1252489474826638
UBFC_MMPD,osc_real,42,subject15,subject15_L2_MO3_E2_S6_GE2_GL2_H2_MA2,0.1088598886621149
UBFC_MMPD,osc_real,42,subject15,subject15_L2_MO4_E2_S6_GE2_GL2_H2_MA2,0.0841359735513044
UBFC_MMPD,osc_real,42,subject15,subject15_L3_MO1_E1_S6_GE2_GL2_H2_MA2,0.1073193032308403
UBFC_MMPD,osc_real,42,subject15,subject15_L3_MO1_E2_S6_GE2_GL2_H2_MA2,0.111925173815433
UBFC_MMPD,osc_real,42,subject15,subject15_L3_MO2_E2_S6_GE2_GL2_H2_MA2,0.1143965330416256
UBFC_MMPD,osc_real,42,subject15,subject15_L3_MO3_E2_S6_GE2_GL2_H2_MA2,0.1771014521344277
UBFC_MMPD,osc_real,42,subject15,subject15_L3_MO4_E2_S6_GE2_GL2_H2_MA2,0.1245868253528935
UBFC_MMPD,osc_real,42,subject15,subject15_L4_MO1_E1_S6_GE2_GL2_H2_MA2,0.1199857699797651
UBFC_MMPD,osc_real,42,subject15,subject15_L4_MO1_E2_S6_GE2_GL2_H2_MA2,0.1357035420003448
UBFC_MMPD,osc_real,42,subject15,subject15_L4_MO2_E2_S6_GE2_GL2_H2_MA2,0.1417931752315133
UBFC_MMPD,osc_real,42,subject15,subject15_L4_MO3_E2_S6_GE2_GL2_H2_MA2,0.0971619759179606
UBFC_MMPD,osc_real,42,subject15,subject15_L4_MO4_E2_S6_GE2_GL2_H2_MA2,0.1118747829574978
UBFC_MMPD,osc_real,42,subject16,subject16_L1_MO1_E1_S6_GE1_GL2_H2_MA2,0.0720575279630074
UBFC_MMPD,osc_real,42,subject16,subject16_L1_MO1_E2_S6_GE1_GL2_H2_MA2,0.147638458421923
UBFC_MMPD,osc_real,42,subject16,subject16_L1_MO2_E2_S6_GE1_GL2_H2_MA2,0.1326128967696049
UBFC_MMPD,osc_real,42,subject16,subject16_L1_MO3_E2_S6_GE1_GL2_H2_MA2,0.1014419759751511
UBFC_MMPD,osc_real,42,subject16,subject16_L1_MO4_E2_S6_GE1_GL2_H2_MA2,0.1101088005441155
UBFC_MMPD,osc_real,42,subject16,subject16_L2_MO1_E1_S6_GE1_GL2_H2_MA2,0.1068375864003276
UBFC_MMPD,osc_real,42,subject16,subject16_L2_MO1_E2_S6_GE1_GL2_H2_MA2,0.14184851679475
UBFC_MMPD,osc_real,42,subject16,subject16_L2_MO2_E2_S6_GE1_GL2_H2_MA2,0.1173972213020686
UBFC_MMPD,osc_real,42,subject16,subject16_L2_MO3_E2_S6_GE1_GL2_H2_MA2,0.080473389943741
UBFC_MMPD,osc_real,42,subject16,subject16_L2_MO4_E2_S6_GE1_GL2_H2_MA2,0.1249975755706197
UBFC_MMPD,osc_real,42,subject16,subject16_L3_MO1_E1_S6_GE1_GL2_H2_MA2,0.1050512889197957
UBFC_MMPD,osc_real,42,subject16,subject16_L3_MO1_E2_S6_GE1_GL2_H2_MA2,0.1354069466499345
UBFC_MMPD,osc_real,42,subject16,subject16_L3_MO2_E2_S6_GE1_GL2_H2_MA2,0.104727563605592
UBFC_MMPD,osc_real,42,subject16,subject16_L3_MO3_E2_S6_GE1_GL2_H2_MA2,0.1398162261678687
UBFC_MMPD,osc_real,42,subject16,subject16_L3_MO4_E2_S6_GE1_GL2_H2_MA2,0.1035739197067129
UBFC_MMPD,osc_real,42,subject16,subject16_L4_MO1_E1_S6_GE1_GL2_H2_MA2,0.062805657526782
UBFC_MMPD,osc_real,42,subject16,subject16_L4_MO1_E2_S6_GE1_GL2_H2_MA2,0.1572010642299809
UBFC_MMPD,osc_real,42,subject16,subject16_L4_MO2_E2_S6_GE1_GL2_H2_MA2,0.1110696191044126
UBFC_MMPD,osc_real,42,subject16,subject16_L4_MO3_E2_S6_GE1_GL2_H2_MA2,0.0865435681101949
UBFC_MMPD,osc_real,42,subject16,subject16_L4_MO4_E2_S6_GE1_GL2_H2_MA2,0.1092011072510972
UBFC_MMPD,osc_real,42,subject17,subject17_L1_MO1_E1_S4_GE1_GL2_H2_MA2,0.0624552807871986
UBFC_MMPD,osc_real,42,subject17,subject17_L1_MO1_E2_S4_GE1_GL2_H2_MA2,0.0910063681662349
UBFC_MMPD,osc_real,42,subject17,subject17_L1_MO2_E2_S4_GE1_GL2_H2_MA2,0.1056203868911998
UBFC_MMPD,osc_real,42,subject17,subject17_L1_MO3_E2_S4_GE1_GL2_H2_MA2,0.1298958547899398
UBFC_MMPD,osc_real,42,subject17,subject17_L1_MO4_E2_S4_GE1_GL2_H2_MA2,0.1365566267258209
UBFC_MMPD,osc_real,42,subject17,subject17_L2_MO1_E1_S4_GE1_GL2_H2_MA2,0.134972297256236
UBFC_MMPD,osc_real,42,subject17,subject17_L2_MO1_E2_S4_GE1_GL2_H2_MA2,0.1278241997632135
UBFC_MMPD,osc_real,42,subject17,subject17_L2_MO2_E2_S4_GE1_GL2_H2_MA2,0.1541229999422921
UBFC_MMPD,osc_real,42,subject17,subject17_L2_MO3_E2_S4_GE1_GL2_H2_MA2,0.157300723365098
UBFC_MMPD,osc_real,42,subject17,subject17_L2_MO4_E2_S4_GE1_GL2_H2_MA2,0.1391580318536479
UBFC_MMPD,osc_real,42,subject17,subject17_L3_MO1_E1_S4_GE1_GL2_H2_MA2,0.0994356772484967
UBFC_MMPD,osc_real,42,subject17,subject17_L3_MO1_E2_S4_GE1_GL2_H2_MA2,0.191407660096231
UBFC_MMPD,osc_real,42,subject17,subject17_L3_MO2_E2_S4_GE1_GL2_H2_MA2,0.0974352349243485
UBFC_MMPD,osc_real,42,subject17,subject17_L3_MO3_E2_S4_GE1_GL2_H2_MA2,0.1784147581955425
UBFC_MMPD,osc_real,42,subject17,subject17_L3_MO4_E2_S4_GE1_GL2_H2_MA2,0.115411572966502
UBFC_MMPD,osc_real,42,subject17,subject17_L4_MO1_E1_S4_GE1_GL2_H2_MA2,0.0708660911191528
UBFC_MMPD,osc_real,42,subject17,subject17_L4_MO1_E2_S4_GE1_GL2_H2_MA2,0.1260826762267043
UBFC_MMPD,osc_real,42,subject17,subject17_L4_MO2_E2_S4_GE1_GL2_H2_MA2,0.1441727036744418
UBFC_MMPD,osc_real,42,subject17,subject17_L4_MO3_E2_S4_GE1_GL2_H2_MA2,0.1688810826886758
UBFC_MMPD,osc_real,42,subject17,subject17_L4_MO4_E2_S4_GE1_GL2_H2_MA2,0.1720022356290989
UBFC_MMPD,osc_real,42,subject18,subject18_L1_MO1_E1_S3_GE2_GL1_H1_MA2,0.2410378569319996
UBFC_MMPD,osc_real,42,subject18,subject18_L1_MO1_E2_S3_GE2_GL1_H1_MA2,0.1663653075619515
UBFC_MMPD,osc_real,42,subject18,subject18_L1_MO2_E2_S3_GE2_GL1_H1_MA2,0.177755658943527
UBFC_MMPD,osc_real,42,subject18,subject18_L1_MO3_E2_S3_GE2_GL1_H1_MA2,0.1385295182028404
UBFC_MMPD,osc_real,42,subject18,subject18_L1_MO4_E2_S3_GE2_GL1_H1_MA2,0.142743721572645
UBFC_MMPD,osc_real,42,subject18,subject18_L2_MO1_E1_S3_GE2_GL1_H1_MA2,0.2035624579786144
UBFC_MMPD,osc_real,42,subject18,subject18_L2_MO1_E2_S3_GE2_GL1_H1_MA2,0.3580082212258625
UBFC_MMPD,osc_real,42,subject18,subject18_L2_MO2_E2_S3_GE2_GL1_H1_MA2,0.1114716780129934
UBFC_MMPD,osc_real,42,subject18,subject18_L2_MO3_E2_S3_GE2_GL1_H1_MA2,0.2445100789272939
UBFC_MMPD,osc_real,42,subject18,subject18_L2_MO4_E2_S3_GE2_GL1_H1_MA2,0.1321020929101376
UBFC_MMPD,osc_real,42,subject18,subject18_L3_MO1_E1_S3_GE2_GL1_H1_MA2,0.2605741330536207
UBFC_MMPD,osc_real,42,subject18,subject18_L3_MO1_E2_S3_GE2_GL1_H1_MA2,0.2540306060114634
UBFC_MMPD,osc_real,42,subject18,subject18_L3_MO2_E2_S3_GE2_GL1_H1_MA2,0.1845099936199478
UBFC_MMPD,osc_real,42,subject18,subject18_L3_MO3_E2_S3_GE2_GL1_H1_MA2,0.2325934213057739
UBFC_MMPD,osc_real,42,subject18,subject18_L3_MO4_E2_S3_GE2_GL1_H1_MA2,0.1247977282020199
UBFC_MMPD,osc_real,42,subject18,subject18_L4_MO1_E1_S3_GE2_GL1_H1_MA2,0.1734984816573903
UBFC_MMPD,osc_real,42,subject18,subject18_L4_MO1_E2_S3_GE2_GL1_H1_MA2,0.1317489305807067
UBFC_MMPD,osc_real,42,subject18,subject18_L4_MO2_E2_S3_GE2_GL1_H1_MA2,0.1037179020684983
UBFC_MMPD,osc_real,42,subject18,subject18_L4_MO3_E2_S3_GE2_GL1_H1_MA2,0.1669388640266067
UBFC_MMPD,osc_real,42,subject18,subject18_L4_MO4_E2_S3_GE2_GL1_H1_MA2,0.1189060710346907
UBFC_MMPD,osc_real,42,subject19,subject19_L1_MO1_E1_S3_GE2_GL2_H1_MA2,0.3061767809171206
UBFC_MMPD,osc_real,42,subject19,subject19_L1_MO1_E2_S3_GE2_GL2_H1_MA2,0.3212202012796993
UBFC_MMPD,osc_real,42,subject19,subject19_L1_MO2_E2_S3_GE2_GL2_H1_MA2,0.1516496926959323
UBFC_MMPD,osc_real,42,subject19,subject19_L1_MO3_E2_S3_GE2_GL2_H1_MA2,0.2219379804144861
UBFC_MMPD,osc_real,42,subject19,subject19_L1_MO4_E2_S3_GE2_GL2_H1_MA2,0.111891000636205
UBFC_MMPD,osc_real,42,subject19,subject19_L2_MO1_E1_S3_GE2_GL2_H1_MA2,0.3460463783107761
UBFC_MMPD,osc_real,42,subject19,subject19_L2_MO1_E2_S3_GE2_GL2_H1_MA2,0.2915664929390261
UBFC_MMPD,osc_real,42,subject19,subject19_L2_MO2_E2_S3_GE2_GL2_H1_MA2,0.0597093942184957
UBFC_MMPD,osc_real,42,subject19,subject19_L2_MO3_E2_S3_GE2_GL2_H1_MA2,0.3597459387599703
UBFC_MMPD,osc_real,42,subject19,subject19_L2_MO4_E2_S3_GE2_GL2_H1_MA2,0.143190792681828
UBFC_MMPD,osc_real,42,subject19,subject19_L3_MO1_E1_S3_GE2_GL2_H1_MA2,0.4608803158874283
UBFC_MMPD,osc_real,42,subject19,subject19_L3_MO1_E2_S3_GE2_GL2_H1_MA2,0.5189616023921143
UBFC_MMPD,osc_real,42,subject19,subject19_L3_MO2_E2_S3_GE2_GL2_H1_MA2,0.0915194305192607
UBFC_MMPD,osc_real,42,subject19,subject19_L3_MO3_E2_S3_GE2_GL2_H1_MA2,0.155070749102032
UBFC_MMPD,osc_real,42,subject19,subject19_L3_MO4_E2_S3_GE2_GL2_H1_MA2,0.1314393459041654
UBFC_MMPD,osc_real,42,subject19,subject19_L4_MO1_E1_S3_GE2_GL2_H1_MA2,0.4588938961881422
UBFC_MMPD,osc_real,42,subject19,subject19_L4_MO1_E2_S3_GE2_GL2_H1_MA2,0.22190207866584
UBFC_MMPD,osc_real,42,subject19,subject19_L4_MO2_E2_S3_GE2_GL2_H1_MA2,0.1130161139602687
UBFC_MMPD,osc_real,42,subject19,subject19_L4_MO3_E2_S3_GE2_GL2_H1_MA2,0.1735335217131242
UBFC_MMPD,osc_real,42,subject19,subject19_L4_MO4_E2_S3_GE2_GL2_H1_MA2,0.1418100522646027
UBFC_MMPD,osc_real,42,subject1,subject1_L1_MO1_E1_S4_GE1_GL1_H2_MA2,0.0984186747283308
UBFC_MMPD,osc_real,42,subject1,subject1_L1_MO1_E2_S4_GE1_GL1_H2_MA2,0.1095494240464165
UBFC_MMPD,osc_real,42,subject1,subject1_L1_MO2_E2_S4_GE1_GL1_H2_MA2,0.0953352207398597
UBFC_MMPD,osc_real,42,subject1,subject1_L1_MO3_E2_S4_GE1_GL1_H2_MA2,0.1134809380700596
UBFC_MMPD,osc_real,42,subject1,subject1_L1_MO4_E2_S4_GE1_GL1_H2_MA2,0.085420889217337
UBFC_MMPD,osc_real,42,subject1,subject1_L2_MO1_E1_S4_GE1_GL1_H2_MA2,0.1233842232001927
UBFC_MMPD,osc_real,42,subject1,subject1_L2_MO1_E2_S4_GE1_GL1_H2_MA2,0.1414584958960808
UBFC_MMPD,osc_real,42,subject1,subject1_L2_MO2_E2_S4_GE1_GL1_H2_MA2,0.0844396860262481
UBFC_MMPD,osc_real,42,subject1,subject1_L2_MO3_E2_S4_GE1_GL1_H2_MA2,0.1214418000724835
UBFC_MMPD,osc_real,42,subject1,subject1_L2_MO4_E2_S4_GE1_GL1_H2_MA2,0.1078757935870478
UBFC_MMPD,osc_real,42,subject1,subject1_L3_MO1_E1_S4_GE1_GL1_H2_MA2,0.1855685269726468
UBFC_MMPD,osc_real,42,subject1,subject1_L3_MO1_E2_S4_GE1_GL1_H2_MA2,0.1161517628331458
UBFC_MMPD,osc_real,42,subject1,subject1_L3_MO2_E2_S4_GE1_GL1_H2_MA2,0.0903929639712792
UBFC_MMPD,osc_real,42,subject1,subject1_L3_MO3_E2_S4_GE1_GL1_H2_MA2,0.1095275479783329
UBFC_MMPD,osc_real,42,subject1,subject1_L3_MO4_E2_S4_GE1_GL1_H2_MA2,0.1306295853893041
UBFC_MMPD,osc_real,42,subject1,subject1_L4_MO1_E1_S4_GE1_GL1_H2_MA2,0.1365760148107382
UBFC_MMPD,osc_real,42,subject1,subject1_L4_MO1_E2_S4_GE1_GL1_H2_MA2,0.1055460430948568
UBFC_MMPD,osc_real,42,subject1,subject1_L4_MO2_E2_S4_GE1_GL1_H2_MA2,0.0901019703984237
UBFC_MMPD,osc_real,42,subject1,subject1_L4_MO3_E2_S4_GE1_GL1_H2_MA2,0.1088961784220393
UBFC_MMPD,osc_real,42,subject1,subject1_L4_MO4_E2_S4_GE1_GL1_H2_MA2,0.1087670412322078
UBFC_MMPD,osc_real,42,subject20,subject20_L1_MO1_E1_S3_GE1_GL2_H2_MA2,0.2432128789834287
UBFC_MMPD,osc_real,42,subject20,subject20_L1_MO1_E2_S3_GE1_GL2_H2_MA2,0.3743154680616561
UBFC_MMPD,osc_real,42,subject20,subject20_L1_MO2_E2_S3_GE1_GL2_H2_MA2,0.1174903914869383
UBFC_MMPD,osc_real,42,subject20,subject20_L1_MO3_E2_S3_GE1_GL2_H2_MA2,0.1508274900110603
UBFC_MMPD,osc_real,42,subject20,subject20_L1_MO4_E2_S3_GE1_GL2_H2_MA2,0.1294866162422701
UBFC_MMPD,osc_real,42,subject20,subject20_L2_MO1_E1_S3_GE1_GL2_H2_MA2,0.3153371724846525
UBFC_MMPD,osc_real,42,subject20,subject20_L2_MO1_E2_S3_GE1_GL2_H2_MA2,0.4696678774023185
UBFC_MMPD,osc_real,42,subject20,subject20_L2_MO2_E2_S3_GE1_GL2_H2_MA2,0.1173659577622981
UBFC_MMPD,osc_real,42,subject20,subject20_L2_MO3_E2_S3_GE1_GL2_H2_MA2,0.1962494894335639
UBFC_MMPD,osc_real,42,subject20,subject20_L2_MO4_E2_S3_GE1_GL2_H2_MA2,0.1107432836664972
UBFC_MMPD,osc_real,42,subject20,subject20_L3_MO1_E1_S3_GE1_GL2_H2_MA2,0.3182169794135577
UBFC_MMPD,osc_real,42,subject20,subject20_L3_MO1_E2_S3_GE1_GL2_H2_MA2,0.4756597507344764
UBFC_MMPD,osc_real,42,subject20,subject20_L3_MO2_E2_S3_GE1_GL2_H2_MA2,0.1868200093912257
UBFC_MMPD,osc_real,42,subject20,subject20_L3_MO3_E2_S3_GE1_GL2_H2_MA2,0.3026905645392589
UBFC_MMPD,osc_real,42,subject20,subject20_L3_MO4_E2_S3_GE1_GL2_H2_MA2,0.1384491163523281
UBFC_MMPD,osc_real,42,subject20,subject20_L4_MO1_E1_S3_GE1_GL2_H2_MA2,0.1158004570414942
UBFC_MMPD,osc_real,42,subject20,subject20_L4_MO1_E2_S3_GE1_GL2_H2_MA2,0.3262130499870693
UBFC_MMPD,osc_real,42,subject20,subject20_L4_MO2_E2_S3_GE1_GL2_H2_MA2,0.1142388261607854
UBFC_MMPD,osc_real,42,subject20,subject20_L4_MO3_E2_S3_GE1_GL2_H2_MA2,0.1699013486323132
UBFC_MMPD,osc_real,42,subject20,subject20_L4_MO4_E2_S3_GE1_GL2_H2_MA2,0.1283321955928048
UBFC_MMPD,osc_real,42,subject21,subject21_L1_MO1_E1_S3_GE2_GL1_H2_MA1,0.1245528599157953
UBFC_MMPD,osc_real,42,subject21,subject21_L1_MO1_E2_S3_GE2_GL1_H2_MA1,0.3631268074468568
UBFC_MMPD,osc_real,42,subject21,subject21_L1_MO2_E2_S3_GE2_GL1_H2_MA1,0.1714447644232427
UBFC_MMPD,osc_real,42,subject21,subject21_L1_MO3_E2_S3_GE2_GL1_H2_MA1,0.1869443419232565
UBFC_MMPD,osc_real,42,subject21,subject21_L1_MO4_E2_S3_GE2_GL1_H2_MA1,0.1583599382967115
UBFC_MMPD,osc_real,42,subject21,subject21_L2_MO1_E1_S3_GE2_GL1_H2_MA1,0.1435626334916605
UBFC_MMPD,osc_real,42,subject21,subject21_L2_MO1_E2_S3_GE2_GL1_H2_MA1,0.1844774912162333
UBFC_MMPD,osc_real,42,subject21,subject21_L2_MO2_E2_S3_GE2_GL1_H2_MA1,0.1153713379790614
UBFC_MMPD,osc_real,42,subject21,subject21_L2_MO3_E2_S3_GE2_GL1_H2_MA1,0.1472756912373104
UBFC_MMPD,osc_real,42,subject21,subject21_L2_MO4_E2_S3_GE2_GL1_H2_MA1,0.1249558492194109
UBFC_MMPD,osc_real,42,subject21,subject21_L3_MO1_E1_S3_GE2_GL1_H2_MA1,0.2507689440951641
UBFC_MMPD,osc_real,42,subject21,subject21_L3_MO1_E2_S3_GE2_GL1_H2_MA1,0.2970256299957387
UBFC_MMPD,osc_real,42,subject21,subject21_L3_MO2_E2_S3_GE2_GL1_H2_MA1,0.1929076797283075
UBFC_MMPD,osc_real,42,subject21,subject21_L3_MO3_E2_S3_GE2_GL1_H2_MA1,0.2257234314493205
UBFC_MMPD,osc_real,42,subject21,subject21_L3_MO4_E2_S3_GE2_GL1_H2_MA1,0.118039320240254
UBFC_MMPD,osc_real,42,subject21,subject21_L4_MO1_E1_S3_GE2_GL1_H2_MA1,0.0968621079959724
UBFC_MMPD,osc_real,42,subject21,subject21_L4_MO1_E2_S3_GE2_GL1_H2_MA1,0.1927200939575382
UBFC_MMPD,osc_real,42,subject21,subject21_L4_MO2_E2_S3_GE2_GL1_H2_MA1,0.0950281769493794
UBFC_MMPD,osc_real,42,subject21,subject21_L4_MO3_E2_S3_GE2_GL1_H2_MA1,0.1602609535561543
UBFC_MMPD,osc_real,42,subject21,subject21_L4_MO4_E2_S3_GE2_GL1_H2_MA1,0.1527812098761336
UBFC_MMPD,osc_real,42,subject22,subject22_L1_MO1_E1_S3_GE2_GL2_H2_MA2,0.1924781550370388
UBFC_MMPD,osc_real,42,subject22,subject22_L1_MO1_E2_S3_GE2_GL2_H2_MA2,0.1956124289287041
UBFC_MMPD,osc_real,42,subject22,subject22_L1_MO2_E2_S3_GE2_GL2_H2_MA2,0.0995869464161948
UBFC_MMPD,osc_real,42,subject22,subject22_L1_MO3_E2_S3_GE2_GL2_H2_MA2,0.1328262859648891
UBFC_MMPD,osc_real,42,subject22,subject22_L1_MO4_E2_S3_GE2_GL2_H2_MA2,0.1099182346093604
UBFC_MMPD,osc_real,42,subject22,subject22_L2_MO1_E1_S3_GE2_GL2_H2_MA2,0.2379006003140951
UBFC_MMPD,osc_real,42,subject22,subject22_L2_MO1_E2_S3_GE2_GL2_H2_MA2,0.3494442243451973
UBFC_MMPD,osc_real,42,subject22,subject22_L2_MO2_E2_S3_GE2_GL2_H2_MA2,0.2751819909058591
UBFC_MMPD,osc_real,42,subject22,subject22_L2_MO3_E2_S3_GE2_GL2_H2_MA2,0.194701250421813
UBFC_MMPD,osc_real,42,subject22,subject22_L2_MO4_E2_S3_GE2_GL2_H2_MA2,0.1329462629369553
UBFC_MMPD,osc_real,42,subject22,subject22_L3_MO1_E1_S3_GE2_GL2_H2_MA2,0.1758975345140413
UBFC_MMPD,osc_real,42,subject22,subject22_L3_MO1_E2_S3_GE2_GL2_H2_MA2,0.5331675743691332
UBFC_MMPD,osc_real,42,subject22,subject22_L3_MO2_E2_S3_GE2_GL2_H2_MA2,0.1740394992374856
UBFC_MMPD,osc_real,42,subject22,subject22_L3_MO3_E2_S3_GE2_GL2_H2_MA2,0.2692963458640812
UBFC_MMPD,osc_real,42,subject22,subject22_L3_MO4_E2_S3_GE2_GL2_H2_MA2,0.1165439344164996
UBFC_MMPD,osc_real,42,subject22,subject22_L4_MO1_E1_S3_GE2_GL2_H2_MA2,0.1107207380854661
UBFC_MMPD,osc_real,42,subject22,subject22_L4_MO1_E2_S3_GE2_GL2_H2_MA2,0.2572026327680464
UBFC_MMPD,osc_real,42,subject22,subject22_L4_MO2_E2_S3_GE2_GL2_H2_MA2,0.1674392596269838
UBFC_MMPD,osc_real,42,subject22,subject22_L4_MO3_E2_S3_GE2_GL2_H2_MA2,0.244569825718516
UBFC_MMPD,osc_real,42,subject22,subject22_L4_MO4_E2_S3_GE2_GL2_H2_MA2,0.144954454407585
UBFC_MMPD,osc_real,42,subject23,subject23_L1_MO1_E1_S5_GE2_GL2_H2_MA2,0.1649935107859667
UBFC_MMPD,osc_real,42,subject23,subject23_L1_MO1_E2_S5_GE2_GL2_H2_MA2,0.230877822055053
UBFC_MMPD,osc_real,42,subject23,subject23_L1_MO2_E2_S5_GE2_GL2_H2_MA2,0.0649131079449324
UBFC_MMPD,osc_real,42,subject23,subject23_L1_MO3_E2_S5_GE2_GL2_H2_MA2,0.1926821380268113
UBFC_MMPD,osc_real,42,subject23,subject23_L1_MO4_E2_S5_GE2_GL2_H2_MA2,0.1108782236479915
UBFC_MMPD,osc_real,42,subject23,subject23_L2_MO1_E1_S5_GE2_GL2_H2_MA2,0.1436211568678081
UBFC_MMPD,osc_real,42,subject23,subject23_L2_MO1_E2_S5_GE2_GL2_H2_MA2,0.2901474234484353
UBFC_MMPD,osc_real,42,subject23,subject23_L2_MO2_E2_S5_GE2_GL2_H2_MA2,0.1127315117049359
UBFC_MMPD,osc_real,42,subject23,subject23_L2_MO3_E2_S5_GE2_GL2_H2_MA2,0.1746829542853334
UBFC_MMPD,osc_real,42,subject23,subject23_L2_MO4_E2_S5_GE2_GL2_H2_MA2,0.0951587256983791
UBFC_MMPD,osc_real,42,subject23,subject23_L3_MO1_E1_S5_GE2_GL2_H2_MA2,0.2270834635570618
UBFC_MMPD,osc_real,42,subject23,subject23_L3_MO1_E2_S5_GE2_GL2_H2_MA2,0.3469131312913469
UBFC_MMPD,osc_real,42,subject23,subject23_L3_MO2_E2_S5_GE2_GL2_H2_MA2,0.2015277028438802
UBFC_MMPD,osc_real,42,subject23,subject23_L3_MO3_E2_S5_GE2_GL2_H2_MA2,0.2392073596216258
UBFC_MMPD,osc_real,42,subject23,subject23_L3_MO4_E2_S5_GE2_GL2_H2_MA2,0.1374477213314577
UBFC_MMPD,osc_real,42,subject23,subject23_L4_MO1_E1_S5_GE2_GL2_H2_MA2,0.1229607237618825
UBFC_MMPD,osc_real,42,subject23,subject23_L4_MO1_E2_S5_GE2_GL2_H2_MA2,0.1608393022417134
UBFC_MMPD,osc_real,42,subject23,subject23_L4_MO2_E2_S5_GE2_GL2_H2_MA2,0.1247760904601012
UBFC_MMPD,osc_real,42,subject23,subject23_L4_MO3_E2_S5_GE2_GL2_H2_MA2,0.14794686707526
UBFC_MMPD,osc_real,42,subject23,subject23_L4_MO4_E2_S5_GE2_GL2_H2_MA2,0.1553497142789492
UBFC_MMPD,osc_real,42,subject24,subject24_L1_MO1_E1_S3_GE2_GL2_H2_MA1,0.551220956489277
UBFC_MMPD,osc_real,42,subject24,subject24_L1_MO1_E2_S3_GE2_GL2_H2_MA1,0.2724027488792706
UBFC_MMPD,osc_real,42,subject24,subject24_L1_MO2_E2_S3_GE2_GL2_H2_MA1,0.1601252075796683
UBFC_MMPD,osc_real,42,subject24,subject24_L1_MO3_E2_S3_GE2_GL2_H2_MA1,0.4398231597256291
UBFC_MMPD,osc_real,42,subject24,subject24_L1_MO4_E2_S3_GE2_GL2_H2_MA1,0.152240727418967
UBFC_MMPD,osc_real,42,subject24,subject24_L2_MO1_E1_S3_GE2_GL2_H2_MA1,0.5758406110640807
UBFC_MMPD,osc_real,42,subject24,subject24_L2_MO1_E2_S3_GE2_GL2_H2_MA1,0.4497289770867336
UBFC_MMPD,osc_real,42,subject24,subject24_L2_MO2_E2_S3_GE2_GL2_H2_MA1,0.1421467594591402
UBFC_MMPD,osc_real,42,subject24,subject24_L2_MO3_E2_S3_GE2_GL2_H2_MA1,0.3610858155975664
UBFC_MMPD,osc_real,42,subject24,subject24_L2_MO4_E2_S3_GE2_GL2_H2_MA1,0.1005704303348795
UBFC_MMPD,osc_real,42,subject24,subject24_L3_MO1_E1_S3_GE2_GL2_H2_MA1,0.411928536120816
UBFC_MMPD,osc_real,42,subject24,subject24_L3_MO1_E2_S3_GE2_GL2_H2_MA1,0.5086498181897336
UBFC_MMPD,osc_real,42,subject24,subject24_L3_MO2_E2_S3_GE2_GL2_H2_MA1,0.2135296422270893
UBFC_MMPD,osc_real,42,subject24,subject24_L3_MO3_E2_S3_GE2_GL2_H2_MA1,0.3195306268010751
UBFC_MMPD,osc_real,42,subject24,subject24_L3_MO4_E2_S3_GE2_GL2_H2_MA1,0.1216584727309889
UBFC_MMPD,osc_real,42,subject24,subject24_L4_MO1_E1_S3_GE2_GL2_H2_MA1,0.32966686796396
UBFC_MMPD,osc_real,42,subject24,subject24_L4_MO1_E2_S3_GE2_GL2_H2_MA1,0.1635874481796532
UBFC_MMPD,osc_real,42,subject24,subject24_L4_MO2_E2_S3_GE2_GL2_H2_MA1,0.2511525818222594
UBFC_MMPD,osc_real,42,subject24,subject24_L4_MO3_E2_S3_GE2_GL2_H2_MA1,0.4085987473203826
UBFC_MMPD,osc_real,42,subject24,subject24_L4_MO4_E2_S3_GE2_GL2_H2_MA1,0.1543143406082066
UBFC_MMPD,osc_real,42,subject25,subject25_L1_MO1_E1_S3_GE2_GL2_H1_MA2,0.1960366646278569
UBFC_MMPD,osc_real,42,subject25,subject25_L1_MO1_E2_S3_GE2_GL2_H1_MA2,0.3742745595407195
UBFC_MMPD,osc_real,42,subject25,subject25_L1_MO2_E2_S3_GE2_GL2_H1_MA2,0.1412955282975373
UBFC_MMPD,osc_real,42,subject25,subject25_L1_MO3_E2_S3_GE2_GL2_H1_MA2,0.2480834729141995
UBFC_MMPD,osc_real,42,subject25,subject25_L1_MO4_E2_S3_GE2_GL2_H1_MA2,0.0860135655863723
UBFC_MMPD,osc_real,42,subject25,subject25_L2_MO1_E1_S3_GE2_GL2_H1_MA2,0.2080440717289851
UBFC_MMPD,osc_real,42,subject25,subject25_L2_MO1_E2_S3_GE2_GL2_H1_MA2,0.4066923153827054
UBFC_MMPD,osc_real,42,subject25,subject25_L2_MO2_E2_S3_GE2_GL2_H1_MA2,0.1376131216603145
UBFC_MMPD,osc_real,42,subject25,subject25_L2_MO3_E2_S3_GE2_GL2_H1_MA2,0.2880158815885639
UBFC_MMPD,osc_real,42,subject25,subject25_L2_MO4_E2_S3_GE2_GL2_H1_MA2,0.1418616279930206
UBFC_MMPD,osc_real,42,subject25,subject25_L3_MO1_E1_S3_GE2_GL2_H1_MA2,0.2838790851128225
UBFC_MMPD,osc_real,42,subject25,subject25_L3_MO1_E2_S3_GE2_GL2_H1_MA2,0.4395040292026252
UBFC_MMPD,osc_real,42,subject25,subject25_L3_MO2_E2_S3_GE2_GL2_H1_MA2,0.0900167787243211
UBFC_MMPD,osc_real,42,subject25,subject25_L3_MO3_E2_S3_GE2_GL2_H1_MA2,0.3374730255946974
UBFC_MMPD,osc_real,42,subject25,subject25_L3_MO4_E2_S3_GE2_GL2_H1_MA2,0.1194883424165214
UBFC_MMPD,osc_real,42,subject25,subject25_L4_MO1_E1_S3_GE2_GL2_H1_MA2,0.3171119334860329
UBFC_MMPD,osc_real,42,subject25,subject25_L4_MO1_E2_S3_GE2_GL2_H1_MA2,0.3019199791495607
UBFC_MMPD,osc_real,42,subject25,subject25_L4_MO2_E2_S3_GE2_GL2_H1_MA2,0.1330373460339678
UBFC_MMPD,osc_real,42,subject25,subject25_L4_MO3_E2_S3_GE2_GL2_H1_MA2,0.2045755827009685
UBFC_MMPD,osc_real,42,subject25,subject25_L4_MO4_E2_S3_GE2_GL2_H1_MA2,0.1045230863282943
UBFC_MMPD,osc_real,42,subject26,subject26_L1_MO1_E1_S6_GE1_GL2_H2_MA2,0.1375509891560419
UBFC_MMPD,osc_real,42,subject26,subject26_L1_MO1_E2_S6_GE1_GL2_H2_MA2,0.0864456942310503
UBFC_MMPD,osc_real,42,subject26,subject26_L1_MO2_E2_S6_GE1_GL2_H2_MA2,0.1133124573346055
UBFC_MMPD,osc_real,42,subject26,subject26_L1_MO3_E2_S6_GE1_GL2_H2_MA2,0.1365114097884803
UBFC_MMPD,osc_real,42,subject26,subject26_L1_MO4_E2_S6_GE1_GL2_H2_MA2,0.123087949324374
UBFC_MMPD,osc_real,42,subject26,subject26_L2_MO1_E1_S6_GE1_GL2_H2_MA2,0.1213525186699624
UBFC_MMPD,osc_real,42,subject26,subject26_L2_MO1_E2_S6_GE1_GL2_H2_MA2,0.1355045717622107
UBFC_MMPD,osc_real,42,subject26,subject26_L2_MO2_E2_S6_GE1_GL2_H2_MA2,0.1277946770896428
UBFC_MMPD,osc_real,42,subject26,subject26_L2_MO3_E2_S6_GE1_GL2_H2_MA2,0.1618793194575467
UBFC_MMPD,osc_real,42,subject26,subject26_L2_MO4_E2_S6_GE1_GL2_H2_MA2,0.1629290377495641
UBFC_MMPD,osc_real,42,subject26,subject26_L3_MO1_E1_S6_GE1_GL2_H2_MA2,0.1564990071636929
UBFC_MMPD,osc_real,42,subject26,subject26_L3_MO1_E2_S6_GE1_GL2_H2_MA2,0.1612500314737706
UBFC_MMPD,osc_real,42,subject26,subject26_L3_MO2_E2_S6_GE1_GL2_H2_MA2,0.17100002418019
UBFC_MMPD,osc_real,42,subject26,subject26_L3_MO3_E2_S6_GE1_GL2_H2_MA2,0.1611764369410168
UBFC_MMPD,osc_real,42,subject26,subject26_L3_MO4_E2_S6_GE1_GL2_H2_MA2,0.1080944195063083
UBFC_MMPD,osc_real,42,subject26,subject26_L4_MO1_E1_S6_GE1_GL2_H2_MA2,0.1300317554083848
UBFC_MMPD,osc_real,42,subject26,subject26_L4_MO1_E2_S6_GE1_GL2_H2_MA2,0.103671569512505
UBFC_MMPD,osc_real,42,subject26,subject26_L4_MO2_E2_S6_GE1_GL2_H2_MA2,0.1298348741998165
UBFC_MMPD,osc_real,42,subject26,subject26_L4_MO3_E2_S6_GE1_GL2_H2_MA2,0.1315107284861733
UBFC_MMPD,osc_real,42,subject26,subject26_L4_MO4_E2_S6_GE1_GL2_H2_MA2,0.1211401366740771
UBFC_MMPD,osc_real,42,subject27,subject27_L1_MO1_E1_S3_GE2_GL2_H2_MA1,0.4867564605357452
UBFC_MMPD,osc_real,42,subject27,subject27_L1_MO1_E2_S3_GE2_GL2_H2_MA1,0.3096986675898374
UBFC_MMPD,osc_real,42,subject27,subject27_L1_MO2_E2_S3_GE2_GL2_H2_MA1,0.0982176303440929
UBFC_MMPD,osc_real,42,subject27,subject27_L1_MO3_E2_S3_GE2_GL2_H2_MA1,0.2387100259973244
UBFC_MMPD,osc_real,42,subject27,subject27_L1_MO4_E2_S3_GE2_GL2_H2_MA1,0.1118117044890783
UBFC_MMPD,osc_real,42,subject27,subject27_L2_MO1_E1_S3_GE2_GL2_H2_MA1,0.3187920223074871
UBFC_MMPD,osc_real,42,subject27,subject27_L2_MO1_E2_S3_GE2_GL2_H2_MA1,0.2679072310935136
UBFC_MMPD,osc_real,42,subject27,subject27_L2_MO2_E2_S3_GE2_GL2_H2_MA1,0.1236478279508956
UBFC_MMPD,osc_real,42,subject27,subject27_L2_MO3_E2_S3_GE2_GL2_H2_MA1,0.2426367648007983
UBFC_MMPD,osc_real,42,subject27,subject27_L2_MO4_E2_S3_GE2_GL2_H2_MA1,0.1149529974957488
UBFC_MMPD,osc_real,42,subject27,subject27_L3_MO1_E1_S3_GE2_GL2_H2_MA1,0.435774810733666
UBFC_MMPD,osc_real,42,subject27,subject27_L3_MO1_E2_S3_GE2_GL2_H2_MA1,0.3646290495097212
UBFC_MMPD,osc_real,42,subject27,subject27_L3_MO2_E2_S3_GE2_GL2_H2_MA1,0.180742965264459
UBFC_MMPD,osc_real,42,subject27,subject27_L3_MO3_E2_S3_GE2_GL2_H2_MA1,0.2662684507243151
UBFC_MMPD,osc_real,42,subject27,subject27_L3_MO4_E2_S3_GE2_GL2_H2_MA1,0.0995823137268655
UBFC_MMPD,osc_real,42,subject27,subject27_L4_MO1_E1_S3_GE2_GL2_H2_MA1,0.4647093519500191
UBFC_MMPD,osc_real,42,subject27,subject27_L4_MO1_E2_S3_GE2_GL2_H2_MA1,0.2389386350305128
UBFC_MMPD,osc_real,42,subject27,subject27_L4_MO2_E2_S3_GE2_GL2_H2_MA1,0.0817557731894938
UBFC_MMPD,osc_real,42,subject27,subject27_L4_MO3_E2_S3_GE2_GL2_H2_MA1,0.1078604042686466
UBFC_MMPD,osc_real,42,subject27,subject27_L4_MO4_E2_S3_GE2_GL2_H2_MA1,0.10936170216388
UBFC_MMPD,osc_real,42,subject28,subject28_L1_MO1_E1_S5_GE2_GL2_H2_MA2,0.1622168340611285
UBFC_MMPD,osc_real,42,subject28,subject28_L1_MO1_E2_S5_GE2_GL2_H2_MA2,0.1677665229525605
UBFC_MMPD,osc_real,42,subject28,subject28_L1_MO2_E2_S5_GE2_GL2_H2_MA2,0.1140294745579785
UBFC_MMPD,osc_real,42,subject28,subject28_L1_MO3_E2_S5_GE2_GL2_H2_MA2,0.1171943573276836
UBFC_MMPD,osc_real,42,subject28,subject28_L1_MO4_E2_S5_GE2_GL2_H2_MA2,0.1209086753851149
UBFC_MMPD,osc_real,42,subject28,subject28_L2_MO1_E1_S5_GE2_GL2_H2_MA2,0.1591277589982341
UBFC_MMPD,osc_real,42,subject28,subject28_L2_MO1_E2_S5_GE2_GL2_H2_MA2,0.1934508318862983
UBFC_MMPD,osc_real,42,subject28,subject28_L2_MO2_E2_S5_GE2_GL2_H2_MA2,0.0727849341656579
UBFC_MMPD,osc_real,42,subject28,subject28_L2_MO3_E2_S5_GE2_GL2_H2_MA2,0.1090392995106759
UBFC_MMPD,osc_real,42,subject28,subject28_L2_MO4_E2_S5_GE2_GL2_H2_MA2,0.1289927097766908
UBFC_MMPD,osc_real,42,subject28,subject28_L3_MO1_E1_S5_GE2_GL2_H2_MA2,0.2986984901665985
UBFC_MMPD,osc_real,42,subject28,subject28_L3_MO1_E2_S5_GE2_GL2_H2_MA2,0.1934396409080241
UBFC_MMPD,osc_real,42,subject28,subject28_L3_MO2_E2_S5_GE2_GL2_H2_MA2,0.0548815832927113
UBFC_MMPD,osc_real,42,subject28,subject28_L3_MO3_E2_S5_GE2_GL2_H2_MA2,0.1512484161951764
UBFC_MMPD,osc_real,42,subject28,subject28_L3_MO4_E2_S5_GE2_GL2_H2_MA2,0.1087670970855011
UBFC_MMPD,osc_real,42,subject28,subject28_L4_MO1_E1_S5_GE2_GL2_H2_MA2,0.1211516826596392
UBFC_MMPD,osc_real,42,subject28,subject28_L4_MO1_E2_S5_GE2_GL2_H2_MA2,0.1122904170502851
UBFC_MMPD,osc_real,42,subject28,subject28_L4_MO2_E2_S5_GE2_GL2_H2_MA2,0.1033558870129296
UBFC_MMPD,osc_real,42,subject28,subject28_L4_MO3_E2_S5_GE2_GL2_H2_MA2,0.1286693035505695
UBFC_MMPD,osc_real,42,subject28,subject28_L4_MO4_E2_S5_GE2_GL2_H2_MA2,0.2080521792958181
UBFC_MMPD,osc_real,42,subject29,subject29_L1_MO1_E1_S3_GE2_GL1_H1_MA2,0.1804326654036646
UBFC_MMPD,osc_real,42,subject29,subject29_L1_MO1_E2_S3_GE2_GL1_H1_MA2,0.3422912092795315
UBFC_MMPD,osc_real,42,subject29,subject29_L1_MO2_E2_S3_GE2_GL1_H1_MA2,0.2012706251101878
UBFC_MMPD,osc_real,42,subject29,subject29_L1_MO3_E2_S3_GE2_GL1_H1_MA2,0.3620007188506427
UBFC_MMPD,osc_real,42,subject29,subject29_L1_MO4_E2_S3_GE2_GL1_H1_MA2,0.0863931214840969
UBFC_MMPD,osc_real,42,subject29,subject29_L2_MO1_E1_S3_GE2_GL1_H1_MA2,0.2357972922431467
UBFC_MMPD,osc_real,42,subject29,subject29_L2_MO1_E2_S3_GE2_GL1_H1_MA2,0.3864443684448014
UBFC_MMPD,osc_real,42,subject29,subject29_L2_MO2_E2_S3_GE2_GL1_H1_MA2,0.3001594422536154
UBFC_MMPD,osc_real,42,subject29,subject29_L2_MO3_E2_S3_GE2_GL1_H1_MA2,0.2969535900893399
UBFC_MMPD,osc_real,42,subject29,subject29_L2_MO4_E2_S3_GE2_GL1_H1_MA2,0.1163150732200261
UBFC_MMPD,osc_real,42,subject29,subject29_L3_MO1_E1_S3_GE2_GL1_H1_MA2,0.2165991405612121
UBFC_MMPD,osc_real,42,subject29,subject29_L3_MO1_E2_S3_GE2_GL1_H1_MA2,0.5990249871118685
UBFC_MMPD,osc_real,42,subject29,subject29_L3_MO2_E2_S3_GE2_GL1_H1_MA2,0.3789863709095386
UBFC_MMPD,osc_real,42,subject29,subject29_L3_MO3_E2_S3_GE2_GL1_H1_MA2,0.4096580370982701
UBFC_MMPD,osc_real,42,subject29,subject29_L3_MO4_E2_S3_GE2_GL1_H1_MA2,0.1521472921831204
UBFC_MMPD,osc_real,42,subject29,subject29_L4_MO1_E1_S3_GE2_GL1_H1_MA2,0.3409637282178378
UBFC_MMPD,osc_real,42,subject29,subject29_L4_MO1_E2_S3_GE2_GL1_H1_MA2,0.4211321556199977
UBFC_MMPD,osc_real,42,subject29,subject29_L4_MO2_E2_S3_GE2_GL1_H1_MA2,0.2258073080928847
UBFC_MMPD,osc_real,42,subject29,subject29_L4_MO3_E2_S3_GE2_GL1_H1_MA2,0.2256449583512166
UBFC_MMPD,osc_real,42,subject29,subject29_L4_MO4_E2_S3_GE2_GL1_H1_MA2,0.1241366099047679
UBFC_MMPD,osc_real,42,subject2,subject2_L1_MO1_E1_S4_GE1_GL1_H1_MA2,0.1551259091192084
UBFC_MMPD,osc_real,42,subject2,subject2_L1_MO1_E2_S4_GE1_GL1_H1_MA2,0.3260318711874833
UBFC_MMPD,osc_real,42,subject2,subject2_L1_MO2_E2_S4_GE1_GL1_H1_MA2,0.119848800442216
UBFC_MMPD,osc_real,42,subject2,subject2_L1_MO3_E2_S4_GE1_GL1_H1_MA2,0.3317969330062763
UBFC_MMPD,osc_real,42,subject2,subject2_L1_MO4_E2_S4_GE1_GL1_H1_MA2,0.120271457390874
UBFC_MMPD,osc_real,42,subject2,subject2_L2_MO1_E1_S4_GE1_GL1_H1_MA2,0.1559204684596295
UBFC_MMPD,osc_real,42,subject2,subject2_L2_MO1_E2_S4_GE1_GL1_H1_MA2,0.3282745434009828
UBFC_MMPD,osc_real,42,subject2,subject2_L2_MO2_E2_S4_GE1_GL1_H1_MA2,0.0830658578701485
UBFC_MMPD,osc_real,42,subject2,subject2_L2_MO3_E2_S4_GE1_GL1_H1_MA2,0.2780957334767255
UBFC_MMPD,osc_real,42,subject2,subject2_L2_MO4_E2_S4_GE1_GL1_H1_MA2,0.1273991250545713
UBFC_MMPD,osc_real,42,subject2,subject2_L3_MO1_E1_S4_GE1_GL1_H1_MA2,0.2922788167715695
UBFC_MMPD,osc_real,42,subject2,subject2_L3_MO1_E2_S4_GE1_GL1_H1_MA2,0.4189195795943545
UBFC_MMPD,osc_real,42,subject2,subject2_L3_MO2_E2_S4_GE1_GL1_H1_MA2,0.1594989583725679
UBFC_MMPD,osc_real,42,subject2,subject2_L3_MO3_E2_S4_GE1_GL1_H1_MA2,0.2234969013767125
UBFC_MMPD,osc_real,42,subject2,subject2_L3_MO4_E2_S4_GE1_GL1_H1_MA2,0.1325145819343582
UBFC_MMPD,osc_real,42,subject2,subject2_L4_MO1_E1_S4_GE1_GL1_H1_MA2,0.1367137227671805
UBFC_MMPD,osc_real,42,subject2,subject2_L4_MO1_E2_S4_GE1_GL1_H1_MA2,0.4291184160627865
UBFC_MMPD,osc_real,42,subject2,subject2_L4_MO2_E2_S4_GE1_GL1_H1_MA2,0.1440406692892812
UBFC_MMPD,osc_real,42,subject2,subject2_L4_MO3_E2_S4_GE1_GL1_H1_MA2,0.2364282913229449
UBFC_MMPD,osc_real,42,subject2,subject2_L4_MO4_E2_S4_GE1_GL1_H1_MA2,0.1091936378285183
UBFC_MMPD,osc_real,42,subject30,subject30_L1_MO1_E1_S6_GE1_GL2_H2_MA2,0.1360003497544683
UBFC_MMPD,osc_real,42,subject30,subject30_L1_MO1_E2_S6_GE1_GL2_H2_MA2,0.1120064631192351
UBFC_MMPD,osc_real,42,subject30,subject30_L1_MO2_E2_S6_GE1_GL2_H2_MA2,0.1025906879695291
UBFC_MMPD,osc_real,42,subject30,subject30_L1_MO3_E2_S6_GE1_GL2_H2_MA2,0.102521145055044
UBFC_MMPD,osc_real,42,subject30,subject30_L1_MO4_E2_S6_GE1_GL2_H2_MA2,0.1673435903944493
UBFC_MMPD,osc_real,42,subject30,subject30_L2_MO1_E1_S6_GE1_GL2_H2_MA2,0.0948950168105827
UBFC_MMPD,osc_real,42,subject30,subject30_L2_MO1_E2_S6_GE1_GL2_H2_MA2,0.1312221042358999
UBFC_MMPD,osc_real,42,subject30,subject30_L2_MO2_E2_S6_GE1_GL2_H2_MA2,0.100239572830671
UBFC_MMPD,osc_real,42,subject30,subject30_L2_MO3_E2_S6_GE1_GL2_H2_MA2,0.107248130612907
UBFC_MMPD,osc_real,42,subject30,subject30_L2_MO4_E2_S6_GE1_GL2_H2_MA2,0.1147774428500722
UBFC_MMPD,osc_real,42,subject30,subject30_L3_MO1_E1_S6_GE1_GL2_H2_MA2,0.1794357171159114
UBFC_MMPD,osc_real,42,subject30,subject30_L3_MO1_E2_S6_GE1_GL2_H2_MA2,0.2573626617858698
UBFC_MMPD,osc_real,42,subject30,subject30_L3_MO2_E2_S6_GE1_GL2_H2_MA2,0.1087845191855173
UBFC_MMPD,osc_real,42,subject30,subject30_L3_MO3_E2_S6_GE1_GL2_H2_MA2,0.3584960510035655
UBFC_MMPD,osc_real,42,subject30,subject30_L3_MO4_E2_S6_GE1_GL2_H2_MA2,0.1897307108049759
UBFC_MMPD,osc_real,42,subject30,subject30_L4_MO1_E1_S6_GE1_GL2_H2_MA2,0.1681787050210253
UBFC_MMPD,osc_real,42,subject30,subject30_L4_MO1_E2_S6_GE1_GL2_H2_MA2,0.1309586990879664
UBFC_MMPD,osc_real,42,subject30,subject30_L4_MO2_E2_S6_GE1_GL2_H2_MA2,0.0779460060622533
UBFC_MMPD,osc_real,42,subject30,subject30_L4_MO3_E2_S6_GE1_GL2_H2_MA2,0.2092790874357637
UBFC_MMPD,osc_real,42,subject30,subject30_L4_MO4_E2_S6_GE1_GL2_H2_MA2,0.2026809362531156
UBFC_MMPD,osc_real,42,subject31,subject31_L1_MO1_E1_S5_GE1_GL2_H2_MA2,0.073038890881992
UBFC_MMPD,osc_real,42,subject31,subject31_L1_MO1_E2_S5_GE1_GL2_H2_MA2,0.1395550799534512
UBFC_MMPD,osc_real,42,subject31,subject31_L1_MO2_E2_S5_GE1_GL2_H2_MA2,0.1075511633811511
UBFC_MMPD,osc_real,42,subject31,subject31_L1_MO3_E2_S5_GE1_GL2_H2_MA2,0.0873265778644062
UBFC_MMPD,osc_real,42,subject31,subject31_L1_MO4_E2_S5_GE1_GL2_H2_MA2,0.1550947146138717
UBFC_MMPD,osc_real,42,subject31,subject31_L2_MO1_E1_S5_GE1_GL2_H2_MA2,0.1467358503862979
UBFC_MMPD,osc_real,42,subject31,subject31_L2_MO1_E2_S5_GE1_GL2_H2_MA2,0.1193345334946387
UBFC_MMPD,osc_real,42,subject31,subject31_L2_MO2_E2_S5_GE1_GL2_H2_MA2,0.0919113119954028
UBFC_MMPD,osc_real,42,subject31,subject31_L2_MO3_E2_S5_GE1_GL2_H2_MA2,0.209647693052522
UBFC_MMPD,osc_real,42,subject31,subject31_L2_MO4_E2_S5_GE1_GL2_H2_MA2,0.179007539595515
UBFC_MMPD,osc_real,42,subject31,subject31_L3_MO1_E1_S5_GE1_GL2_H2_MA2,0.1892677037419793
UBFC_MMPD,osc_real,42,subject31,subject31_L3_MO1_E2_S5_GE1_GL2_H2_MA2,0.1475338025142142
UBFC_MMPD,osc_real,42,subject31,subject31_L3_MO2_E2_S5_GE1_GL2_H2_MA2,0.0811726129538655
UBFC_MMPD,osc_real,42,subject31,subject31_L3_MO3_E2_S5_GE1_GL2_H2_MA2,0.102822817810472
UBFC_MMPD,osc_real,42,subject31,subject31_L3_MO4_E2_S5_GE1_GL2_H2_MA2,0.171037085868312
UBFC_MMPD,osc_real,42,subject31,subject31_L4_MO1_E1_S5_GE1_GL2_H2_MA2,0.1016817479145082
UBFC_MMPD,osc_real,42,subject31,subject31_L4_MO1_E2_S5_GE1_GL2_H2_MA2,0.1538248459515606
UBFC_MMPD,osc_real,42,subject31,subject31_L4_MO2_E2_S5_GE1_GL2_H2_MA2,0.1129358243233474
UBFC_MMPD,osc_real,42,subject31,subject31_L4_MO3_E2_S5_GE1_GL2_H2_MA2,0.0984325152710598
UBFC_MMPD,osc_real,42,subject31,subject31_L4_MO4_E2_S5_GE1_GL2_H2_MA2,0.1341661013184075
UBFC_MMPD,osc_real,42,subject32,subject32_L1_MO1_E1_S3_GE2_GL2_H2_MA2,0.6665850077822851
UBFC_MMPD,osc_real,42,subject32,subject32_L1_MO1_E2_S3_GE2_GL2_H2_MA2,0.6001691964866659
UBFC_MMPD,osc_real,42,subject32,subject32_L1_MO2_E2_S3_GE2_GL2_H2_MA2,0.3844422299687787
UBFC_MMPD,osc_real,42,subject32,subject32_L1_MO3_E2_S3_GE2_GL2_H2_MA2,0.5471532111138458
UBFC_MMPD,osc_real,42,subject32,subject32_L1_MO4_E2_S3_GE2_GL2_H2_MA2,0.1564288608377608
UBFC_MMPD,osc_real,42,subject32,subject32_L2_MO1_E1_S3_GE2_GL2_H2_MA2,0.730510687125408
UBFC_MMPD,osc_real,42,subject32,subject32_L2_MO1_E2_S3_GE2_GL2_H2_MA2,0.6499409737242765
UBFC_MMPD,osc_real,42,subject32,subject32_L2_MO2_E2_S3_GE2_GL2_H2_MA2,0.5298828332909589
UBFC_MMPD,osc_real,42,subject32,subject32_L2_MO3_E2_S3_GE2_GL2_H2_MA2,0.5063435057858402
UBFC_MMPD,osc_real,42,subject32,subject32_L2_MO4_E2_S3_GE2_GL2_H2_MA2,0.1858277493938111
UBFC_MMPD,osc_real,42,subject32,subject32_L3_MO1_E1_S3_GE2_GL2_H2_MA2,0.6783725431864447
UBFC_MMPD,osc_real,42,subject32,subject32_L3_MO1_E2_S3_GE2_GL2_H2_MA2,0.7514349144302682
UBFC_MMPD,osc_real,42,subject32,subject32_L3_MO2_E2_S3_GE2_GL2_H2_MA2,0.4759294707437226
UBFC_MMPD,osc_real,42,subject32,subject32_L3_MO3_E2_S3_GE2_GL2_H2_MA2,0.5018817701299488
UBFC_MMPD,osc_real,42,subject32,subject32_L3_MO4_E2_S3_GE2_GL2_H2_MA2,0.1298895752245913
UBFC_MMPD,osc_real,42,subject32,subject32_L4_MO1_E1_S3_GE2_GL2_H2_MA2,0.6714976948105101
UBFC_MMPD,osc_real,42,subject32,subject32_L4_MO1_E2_S3_GE2_GL2_H2_MA2,0.4256744334876305
UBFC_MMPD,osc_real,42,subject32,subject32_L4_MO2_E2_S3_GE2_GL2_H2_MA2,0.1857519213619384
UBFC_MMPD,osc_real,42,subject32,subject32_L4_MO3_E2_S3_GE2_GL2_H2_MA2,0.3102078555191335
UBFC_MMPD,osc_real,42,subject32,subject32_L4_MO4_E2_S3_GE2_GL2_H2_MA2,0.1890063739448976
UBFC_MMPD,osc_real,42,subject33,subject33_L1_MO1_E1_S3_GE2_GL2_H2_MA2,0.0963731903439445
UBFC_MMPD,osc_real,42,subject33,subject33_L1_MO1_E2_S3_GE2_GL2_H2_MA2,0.2488638712653132
UBFC_MMPD,osc_real,42,subject33,subject33_L1_MO2_E2_S3_GE2_GL2_H2_MA2,0.1257930401771445
UBFC_MMPD,osc_real,42,subject33,subject33_L1_MO3_E2_S3_GE2_GL2_H2_MA2,0.3543429673805068
UBFC_MMPD,osc_real,42,subject33,subject33_L1_MO4_E2_S3_GE2_GL2_H2_MA2,0.1017953193608855
UBFC_MMPD,osc_real,42,subject33,subject33_L2_MO1_E1_S3_GE2_GL2_H2_MA2,0.3153034666425662
UBFC_MMPD,osc_real,42,subject33,subject33_L2_MO1_E2_S3_GE2_GL2_H2_MA2,0.2675994574371079
UBFC_MMPD,osc_real,42,subject33,subject33_L2_MO2_E2_S3_GE2_GL2_H2_MA2,0.1975110011099161
UBFC_MMPD,osc_real,42,subject33,subject33_L2_MO3_E2_S3_GE2_GL2_H2_MA2,0.3589621568675237
UBFC_MMPD,osc_real,42,subject33,subject33_L2_MO4_E2_S3_GE2_GL2_H2_MA2,0.1699915083614248
UBFC_MMPD,osc_real,42,subject33,subject33_L3_MO1_E1_S3_GE2_GL2_H2_MA2,0.2295386486835662
UBFC_MMPD,osc_real,42,subject33,subject33_L3_MO1_E2_S3_GE2_GL2_H2_MA2,0.3804331789949999
UBFC_MMPD,osc_real,42,subject33,subject33_L3_MO2_E2_S3_GE2_GL2_H2_MA2,0.1721622731855743
UBFC_MMPD,osc_real,42,subject33,subject33_L3_MO3_E2_S3_GE2_GL2_H2_MA2,0.3058267814462501
UBFC_MMPD,osc_real,42,subject33,subject33_L3_MO4_E2_S3_GE2_GL2_H2_MA2,0.1343860444202003
UBFC_MMPD,osc_real,42,subject33,subject33_L4_MO1_E1_S3_GE2_GL2_H2_MA2,0.1637236263078029
UBFC_MMPD,osc_real,42,subject33,subject33_L4_MO1_E2_S3_GE2_GL2_H2_MA2,0.239759221119994
UBFC_MMPD,osc_real,42,subject33,subject33_L4_MO2_E2_S3_GE2_GL2_H2_MA2,0.1162106862109745
UBFC_MMPD,osc_real,42,subject33,subject33_L4_MO3_E2_S3_GE2_GL2_H2_MA2,0.2261327021465824
UBFC_MMPD,osc_real,42,subject33,subject33_L4_MO4_E2_S3_GE2_GL2_H2_MA2,0.113828204064926
UBFC_MMPD,osc_real,42,subject3,subject3_L1_MO1_E1_S3_GE1_GL2_H1_MA2,0.1596343562939074
UBFC_MMPD,osc_real,42,subject3,subject3_L1_MO1_E2_S3_GE1_GL2_H1_MA2,0.1417814797178411
UBFC_MMPD,osc_real,42,subject3,subject3_L1_MO2_E2_S3_GE1_GL2_H1_MA2,0.131491525355667
UBFC_MMPD,osc_real,42,subject3,subject3_L1_MO3_E2_S3_GE1_GL2_H1_MA2,0.1136426875631284
UBFC_MMPD,osc_real,42,subject3,subject3_L1_MO4_E2_S3_GE1_GL2_H1_MA2,0.1278124750419215
UBFC_MMPD,osc_real,42,subject3,subject3_L2_MO1_E1_S3_GE1_GL2_H1_MA2,0.1319118945521369
UBFC_MMPD,osc_real,42,subject3,subject3_L2_MO1_E2_S3_GE1_GL2_H1_MA2,0.1384953061822302
UBFC_MMPD,osc_real,42,subject3,subject3_L2_MO2_E2_S3_GE1_GL2_H1_MA2,0.1102278838493558
UBFC_MMPD,osc_real,42,subject3,subject3_L2_MO3_E2_S3_GE1_GL2_H1_MA2,0.1731754577806368
UBFC_MMPD,osc_real,42,subject3,subject3_L2_MO4_E2_S3_GE1_GL2_H1_MA2,0.1541572760760614
UBFC_MMPD,osc_real,42,subject3,subject3_L3_MO1_E1_S3_GE1_GL2_H1_MA2,0.1336441577820687
UBFC_MMPD,osc_real,42,subject3,subject3_L3_MO1_E2_S3_GE1_GL2_H1_MA2,0.1227770676159224
UBFC_MMPD,osc_real,42,subject3,subject3_L3_MO2_E2_S3_GE1_GL2_H1_MA2,0.1409886067732435
UBFC_MMPD,osc_real,42,subject3,subject3_L3_MO3_E2_S3_GE1_GL2_H1_MA2,0.1360838898201714
UBFC_MMPD,osc_real,42,subject3,subject3_L3_MO4_E2_S3_GE1_GL2_H1_MA2,0.1215063405924726
UBFC_MMPD,osc_real,42,subject3,subject3_L4_MO1_E1_S3_GE1_GL2_H1_MA2,0.1081816279882814
UBFC_MMPD,osc_real,42,subject3,subject3_L4_MO1_E2_S3_GE1_GL2_H1_MA2,0.2434284144983881
UBFC_MMPD,osc_real,42,subject3,subject3_L4_MO2_E2_S3_GE1_GL2_H1_MA2,0.1229295002359625
UBFC_MMPD,osc_real,42,subject3,subject3_L4_MO3_E2_S3_GE1_GL2_H1_MA2,0.1582307233192124
UBFC_MMPD,osc_real,42,subject3,subject3_L4_MO4_E2_S3_GE1_GL2_H1_MA2,0.1013945969762513
UBFC_MMPD,osc_real,42,subject4,subject4_L1_MO1_E1_S3_GE1_GL2_H1_MA2,0.3849556830252428
UBFC_MMPD,osc_real,42,subject4,subject4_L1_MO1_E2_S3_GE1_GL2_H1_MA2,0.1828338043344684
UBFC_MMPD,osc_real,42,subject4,subject4_L1_MO2_E2_S3_GE1_GL2_H1_MA2,0.0943711839309577
UBFC_MMPD,osc_real,42,subject4,subject4_L1_MO3_E2_S3_GE1_GL2_H1_MA2,0.133153481622117
UBFC_MMPD,osc_real,42,subject4,subject4_L1_MO4_E2_S3_GE1_GL2_H1_MA2,0.1162591325391308
UBFC_MMPD,osc_real,42,subject4,subject4_L2_MO1_E1_S3_GE1_GL2_H1_MA2,0.2301933569376573
UBFC_MMPD,osc_real,42,subject4,subject4_L2_MO1_E2_S3_GE1_GL2_H1_MA2,0.4039477133033204
UBFC_MMPD,osc_real,42,subject4,subject4_L2_MO2_E2_S3_GE1_GL2_H1_MA2,0.0755137470182048
UBFC_MMPD,osc_real,42,subject4,subject4_L2_MO3_E2_S3_GE1_GL2_H1_MA2,0.1573267761682066
UBFC_MMPD,osc_real,42,subject4,subject4_L2_MO4_E2_S3_GE1_GL2_H1_MA2,0.1497901494192358
UBFC_MMPD,osc_real,42,subject4,subject4_L3_MO1_E1_S3_GE1_GL2_H1_MA2,0.3557345384769615
UBFC_MMPD,osc_real,42,subject4,subject4_L3_MO1_E2_S3_GE1_GL2_H1_MA2,0.2777462128452355
UBFC_MMPD,osc_real,42,subject4,subject4_L3_MO2_E2_S3_GE1_GL2_H1_MA2,0.1303171802120795
UBFC_MMPD,osc_real,42,subject4,subject4_L3_MO3_E2_S3_GE1_GL2_H1_MA2,0.2302475888329797
UBFC_MMPD,osc_real,42,subject4,subject4_L3_MO4_E2_S3_GE1_GL2_H1_MA2,0.0948884950601461
UBFC_MMPD,osc_real,42,subject4,subject4_L4_MO1_E1_S3_GE1_GL2_H1_MA2,0.2487428435753689
UBFC_MMPD,osc_real,42,subject4,subject4_L4_MO1_E2_S3_GE1_GL2_H1_MA2,0.3393177801623974
UBFC_MMPD,osc_real,42,subject4,subject4_L4_MO2_E2_S3_GE1_GL2_H1_MA2,0.0858426383726607
UBFC_MMPD,osc_real,42,subject4,subject4_L4_MO3_E2_S3_GE1_GL2_H1_MA2,0.1640957132312947
UBFC_MMPD,osc_real,42,subject4,subject4_L4_MO4_E2_S3_GE1_GL2_H1_MA2,0.0997573086196478
UBFC_MMPD,osc_real,42,subject5,subject5_L1_MO1_E1_S3_GE2_GL1_H1_MA1,0.2047144976129433
UBFC_MMPD,osc_real,42,subject5,subject5_L1_MO1_E2_S3_GE2_GL1_H1_MA1,0.2405306376312246
UBFC_MMPD,osc_real,42,subject5,subject5_L1_MO2_E2_S3_GE2_GL1_H1_MA1,0.1648366517009205
UBFC_MMPD,osc_real,42,subject5,subject5_L1_MO3_E2_S3_GE2_GL1_H1_MA1,0.3600004912564428
UBFC_MMPD,osc_real,42,subject5,subject5_L1_MO4_E2_S3_GE2_GL1_H1_MA1,0.1422691595699755
UBFC_MMPD,osc_real,42,subject5,subject5_L2_MO1_E1_S3_GE2_GL1_H1_MA1,0.3766039771852407
UBFC_MMPD,osc_real,42,subject5,subject5_L2_MO1_E2_S3_GE2_GL1_H1_MA1,0.2011366084701915
UBFC_MMPD,osc_real,42,subject5,subject5_L2_MO2_E2_S3_GE2_GL1_H1_MA1,0.1594938287364738
UBFC_MMPD,osc_real,42,subject5,subject5_L2_MO3_E2_S3_GE2_GL1_H1_MA1,0.2427510065270904
UBFC_MMPD,osc_real,42,subject5,subject5_L2_MO4_E2_S3_GE2_GL1_H1_MA1,0.1276427161431421
UBFC_MMPD,osc_real,42,subject5,subject5_L3_MO1_E1_S3_GE2_GL1_H1_MA1,0.1717321652165837
UBFC_MMPD,osc_real,42,subject5,subject5_L3_MO1_E2_S3_GE2_GL1_H1_MA1,0.394706598379728
UBFC_MMPD,osc_real,42,subject5,subject5_L3_MO2_E2_S3_GE2_GL1_H1_MA1,0.1098168525903799
UBFC_MMPD,osc_real,42,subject5,subject5_L3_MO3_E2_S3_GE2_GL1_H1_MA1,0.1532416731712158
UBFC_MMPD,osc_real,42,subject5,subject5_L3_MO4_E2_S3_GE2_GL1_H1_MA1,0.1244489597361588
UBFC_MMPD,osc_real,42,subject5,subject5_L4_MO1_E1_S3_GE2_GL1_H1_MA1,0.3436693690664877
UBFC_MMPD,osc_real,42,subject5,subject5_L4_MO1_E2_S3_GE2_GL1_H1_MA1,0.3056262322260284
UBFC_MMPD,osc_real,42,subject5,subject5_L4_MO2_E2_S3_GE2_GL1_H1_MA1,0.1916086370986225
UBFC_MMPD,osc_real,42,subject5,subject5_L4_MO3_E2_S3_GE2_GL1_H1_MA1,0.1755972766112474
UBFC_MMPD,osc_real,42,subject5,subject5_L4_MO4_E2_S3_GE2_GL1_H1_MA1,0.1244523994240124
UBFC_MMPD,osc_real,42,subject6,subject6_L1_MO1_E1_S3_GE1_GL2_H2_MA2,0.3106409349945823
UBFC_MMPD,osc_real,42,subject6,subject6_L1_MO1_E2_S3_GE1_GL2_H2_MA2,0.3677708133424572
UBFC_MMPD,osc_real,42,subject6,subject6_L1_MO2_E2_S3_GE1_GL2_H2_MA2,0.1916628781623119
UBFC_MMPD,osc_real,42,subject6,subject6_L1_MO3_E2_S3_GE1_GL2_H2_MA2,0.3707811905603524
UBFC_MMPD,osc_real,42,subject6,subject6_L1_MO4_E2_S3_GE1_GL2_H2_MA2,0.1403594633429472
UBFC_MMPD,osc_real,42,subject6,subject6_L2_MO1_E1_S3_GE1_GL2_H2_MA2,0.1366199586096302
UBFC_MMPD,osc_real,42,subject6,subject6_L2_MO1_E2_S3_GE1_GL2_H2_MA2,0.175966296751278
UBFC_MMPD,osc_real,42,subject6,subject6_L2_MO2_E2_S3_GE1_GL2_H2_MA2,0.1331582832481264
UBFC_MMPD,osc_real,42,subject6,subject6_L2_MO3_E2_S3_GE1_GL2_H2_MA2,0.1614394271453491
UBFC_MMPD,osc_real,42,subject6,subject6_L2_MO4_E2_S3_GE1_GL2_H2_MA2,0.1163922683480327
UBFC_MMPD,osc_real,42,subject6,subject6_L3_MO1_E1_S3_GE1_GL2_H2_MA2,0.0973161701754549
UBFC_MMPD,osc_real,42,subject6,subject6_L3_MO1_E2_S3_GE1_GL2_H2_MA2,0.3008269329353429
UBFC_MMPD,osc_real,42,subject6,subject6_L3_MO2_E2_S3_GE1_GL2_H2_MA2,0.0990365324448226
UBFC_MMPD,osc_real,42,subject6,subject6_L3_MO3_E2_S3_GE1_GL2_H2_MA2,0.3618754339669975
UBFC_MMPD,osc_real,42,subject6,subject6_L3_MO4_E2_S3_GE1_GL2_H2_MA2,0.0940018198175846
UBFC_MMPD,osc_real,42,subject6,subject6_L4_MO1_E1_S3_GE1_GL2_H2_MA2,0.3126355283150918
UBFC_MMPD,osc_real,42,subject6,subject6_L4_MO1_E2_S3_GE1_GL2_H2_MA2,0.2334786242184585
UBFC_MMPD,osc_real,42,subject6,subject6_L4_MO2_E2_S3_GE1_GL2_H2_MA2,0.2194944693456224
UBFC_MMPD,osc_real,42,subject6,subject6_L4_MO3_E2_S3_GE1_GL2_H2_MA2,0.240273433771416
UBFC_MMPD,osc_real,42,subject6,subject6_L4_MO4_E2_S3_GE1_GL2_H2_MA2,0.1202835382875499
UBFC_MMPD,osc_real,42,subject7,subject7_L1_MO1_E1_S5_GE1_GL1_H2_MA2,0.1292527387954582
UBFC_MMPD,osc_real,42,subject7,subject7_L1_MO1_E2_S5_GE1_GL1_H2_MA2,0.1186353186112245
UBFC_MMPD,osc_real,42,subject7,subject7_L1_MO2_E2_S5_GE1_GL1_H2_MA2,0.1335600248717373
UBFC_MMPD,osc_real,42,subject7,subject7_L2_MO1_E1_S5_GE1_GL1_H2_MA2,0.2022053159013922
UBFC_MMPD,osc_real,42,subject7,subject7_L3_MO1_E1_S5_GE1_GL1_H2_MA2,0.1511751330852558
UBFC_MMPD,osc_real,42,subject7,subject7_L3_MO3_E2_S5_GE1_GL1_H2_MA2,0.135217628458455
UBFC_MMPD,osc_real,42,subject7,subject7_L3_MO4_E2_S5_GE1_GL1_H2_MA2,0.1293034176263401
UBFC_MMPD,osc_real,42,subject7,subject7_L4_MO1_E1_S5_GE1_GL1_H2_MA2,0.1616835072292193
UBFC_MMPD,osc_real,42,subject7,subject7_L4_MO1_E2_S5_GE1_GL1_H2_MA2,0.3406293939885851
UBFC_MMPD,osc_real,42,subject7,subject7_L4_MO2_E2_S5_GE1_GL1_H2_MA2,0.1222665604695791
UBFC_MMPD,osc_real,42,subject7,subject7_L4_MO3_E2_S5_GE1_GL1_H2_MA2,0.1080111493020452
UBFC_MMPD,osc_real,42,subject7,subject7_L4_MO4_E2_S5_GE1_GL1_H2_MA2,0.1037405931675691
UBFC_MMPD,osc_real,100,subject10,subject10_L1_MO1_E1_S4_GE2_GL2_H2_MA2,0.2561348990277308
UBFC_MMPD,osc_real,100,subject10,subject10_L1_MO1_E2_S4_GE2_GL2_H2_MA2,0.3341828320626925
UBFC_MMPD,osc_real,100,subject10,subject10_L1_MO2_E2_S4_GE2_GL2_H2_MA2,0.1635800533943436
UBFC_MMPD,osc_real,100,subject10,subject10_L1_MO3_E2_S4_GE2_GL2_H2_MA2,0.1544543961935879
UBFC_MMPD,osc_real,100,subject10,subject10_L1_MO4_E2_S4_GE2_GL2_H2_MA2,0.152787164532663
UBFC_MMPD,osc_real,100,subject10,subject10_L2_MO1_E1_S4_GE2_GL2_H2_MA2,0.1304941102043763
UBFC_MMPD,osc_real,100,subject10,subject10_L2_MO1_E2_S4_GE2_GL2_H2_MA2,0.2569677239913367
UBFC_MMPD,osc_real,100,subject10,subject10_L2_MO2_E2_S4_GE2_GL2_H2_MA2,0.1456380361353194
UBFC_MMPD,osc_real,100,subject10,subject10_L2_MO3_E2_S4_GE2_GL2_H2_MA2,0.1012592429261584
UBFC_MMPD,osc_real,100,subject10,subject10_L2_MO4_E2_S4_GE2_GL2_H2_MA2,0.126067273650091
UBFC_MMPD,osc_real,100,subject10,subject10_L3_MO1_E1_S4_GE2_GL2_H2_MA2,0.1120149648654686
UBFC_MMPD,osc_real,100,subject10,subject10_L3_MO1_E2_S4_GE2_GL2_H2_MA2,0.1888483998599114
UBFC_MMPD,osc_real,100,subject10,subject10_L3_MO2_E2_S4_GE2_GL2_H2_MA2,0.1172880911601893
UBFC_MMPD,osc_real,100,subject10,subject10_L3_MO3_E2_S4_GE2_GL2_H2_MA2,0.1429104561219615
UBFC_MMPD,osc_real,100,subject10,subject10_L3_MO4_E2_S4_GE2_GL2_H2_MA2,0.1390212588181257
UBFC_MMPD,osc_real,100,subject10,subject10_L4_MO1_E1_S4_GE2_GL2_H2_MA2,0.1023609061084815
UBFC_MMPD,osc_real,100,subject10,subject10_L4_MO1_E2_S4_GE2_GL2_H2_MA2,0.076106066898714
UBFC_MMPD,osc_real,100,subject10,subject10_L4_MO2_E2_S4_GE2_GL2_H2_MA2,0.1377922520107702
UBFC_MMPD,osc_real,100,subject10,subject10_L4_MO3_E2_S4_GE2_GL2_H2_MA2,0.1875666233557477
UBFC_MMPD,osc_real,100,subject10,subject10_L4_MO4_E2_S4_GE2_GL2_H2_MA2,0.1444989086944325
UBFC_MMPD,osc_real,100,subject11,subject11_L1_MO1_E1_S5_GE1_GL2_H2_MA2,0.2183724541692449
UBFC_MMPD,osc_real,100,subject11,subject11_L1_MO1_E2_S5_GE1_GL2_H2_MA2,0.2093779432933974
UBFC_MMPD,osc_real,100,subject11,subject11_L1_MO2_E2_S5_GE1_GL2_H2_MA2,0.1572131107026312
UBFC_MMPD,osc_real,100,subject11,subject11_L1_MO3_E2_S5_GE1_GL2_H2_MA2,0.1790856131244168
UBFC_MMPD,osc_real,100,subject11,subject11_L1_MO4_E2_S5_GE1_GL2_H2_MA2,0.1343756290949613
UBFC_MMPD,osc_real,100,subject11,subject11_L2_MO1_E1_S5_GE1_GL2_H2_MA2,0.1176813285633402
UBFC_MMPD,osc_real,100,subject11,subject11_L2_MO1_E2_S5_GE1_GL2_H2_MA2,0.1713781660633629
UBFC_MMPD,osc_real,100,subject11,subject11_L2_MO2_E2_S5_GE1_GL2_H2_MA2,0.1102530457524136
UBFC_MMPD,osc_real,100,subject11,subject11_L2_MO3_E2_S5_GE1_GL2_H2_MA2,0.1195837872340966
UBFC_MMPD,osc_real,100,subject11,subject11_L2_MO4_E2_S5_GE1_GL2_H2_MA2,0.1250091308242669
UBFC_MMPD,osc_real,100,subject11,subject11_L3_MO1_E1_S5_GE1_GL2_H2_MA2,0.2076561862449623
UBFC_MMPD,osc_real,100,subject11,subject11_L3_MO1_E2_S5_GE1_GL2_H2_MA2,0.1825731866072839
UBFC_MMPD,osc_real,100,subject11,subject11_L3_MO2_E2_S5_GE1_GL2_H2_MA2,0.1226539752450677
UBFC_MMPD,osc_real,100,subject11,subject11_L3_MO3_E2_S5_GE1_GL2_H2_MA2,0.126428674355326
UBFC_MMPD,osc_real,100,subject11,subject11_L3_MO4_E2_S5_GE1_GL2_H2_MA2,0.1401206203274024
UBFC_MMPD,osc_real,100,subject11,subject11_L4_MO1_E1_S5_GE1_GL2_H2_MA2,0.0708031918110943
UBFC_MMPD,osc_real,100,subject11,subject11_L4_MO1_E2_S5_GE1_GL2_H2_MA2,0.1856438712627055
UBFC_MMPD,osc_real,100,subject11,subject11_L4_MO2_E2_S5_GE1_GL2_H2_MA2,0.1313501829162103
UBFC_MMPD,osc_real,100,subject11,subject11_L4_MO3_E2_S5_GE1_GL2_H2_MA2,0.168254183263957
UBFC_MMPD,osc_real,100,subject11,subject11_L4_MO4_E2_S5_GE1_GL2_H2_MA2,0.1380034058682173
UBFC_MMPD,osc_real,100,subject12,subject12_L1_MO1_E1_S3_GE2_GL1_H2_MA2,0.0868020272896759
UBFC_MMPD,osc_real,100,subject12,subject12_L1_MO1_E2_S3_GE2_GL1_H2_MA2,0.1660578396738459
UBFC_MMPD,osc_real,100,subject12,subject12_L1_MO2_E2_S3_GE2_GL1_H2_MA2,0.0923453032967007
UBFC_MMPD,osc_real,100,subject12,subject12_L1_MO3_E2_S3_GE2_GL1_H2_MA2,0.1179128482491055
UBFC_MMPD,osc_real,100,subject12,subject12_L1_MO4_E2_S3_GE2_GL1_H2_MA2,0.1338345843005247
UBFC_MMPD,osc_real,100,subject12,subject12_L2_MO1_E1_S3_GE2_GL1_H2_MA2,0.1826220504003759
UBFC_MMPD,osc_real,100,subject12,subject12_L2_MO1_E2_S3_GE2_GL1_H2_MA2,0.2208380753505989
UBFC_MMPD,osc_real,100,subject12,subject12_L2_MO2_E2_S3_GE2_GL1_H2_MA2,0.1044234586951657
UBFC_MMPD,osc_real,100,subject12,subject12_L2_MO3_E2_S3_GE2_GL1_H2_MA2,0.1904773125133763
UBFC_MMPD,osc_real,100,subject12,subject12_L2_MO4_E2_S3_GE2_GL1_H2_MA2,0.1432250151885168
UBFC_MMPD,osc_real,100,subject12,subject12_L3_MO1_E1_S3_GE2_GL1_H2_MA2,0.2246228560651171
UBFC_MMPD,osc_real,100,subject12,subject12_L3_MO1_E2_S3_GE2_GL1_H2_MA2,0.2075615733093867
UBFC_MMPD,osc_real,100,subject12,subject12_L3_MO2_E2_S3_GE2_GL1_H2_MA2,0.1160129858749194
UBFC_MMPD,osc_real,100,subject12,subject12_L3_MO3_E2_S3_GE2_GL1_H2_MA2,0.1712856324911759
UBFC_MMPD,osc_real,100,subject12,subject12_L3_MO4_E2_S3_GE2_GL1_H2_MA2,0.1427119068063892
UBFC_MMPD,osc_real,100,subject12,subject12_L4_MO1_E1_S3_GE2_GL1_H2_MA2,0.1465824176965649
UBFC_MMPD,osc_real,100,subject12,subject12_L4_MO1_E2_S3_GE2_GL1_H2_MA2,0.2536329635314703
UBFC_MMPD,osc_real,100,subject12,subject12_L4_MO2_E2_S3_GE2_GL1_H2_MA2,0.194865771284821
UBFC_MMPD,osc_real,100,subject12,subject12_L4_MO3_E2_S3_GE2_GL1_H2_MA2,0.1179470175858889
UBFC_MMPD,osc_real,100,subject12,subject12_L4_MO4_E2_S3_GE2_GL1_H2_MA2,0.1291511791150305
UBFC_MMPD,osc_real,100,subject13,subject13_L1_MO1_E1_S5_GE1_GL2_H2_MA2,0.1080943609920023
UBFC_MMPD,osc_real,100,subject13,subject13_L1_MO1_E2_S5_GE1_GL2_H2_MA2,0.1874094856767734
UBFC_MMPD,osc_real,100,subject13,subject13_L1_MO2_E2_S5_GE1_GL2_H2_MA2,0.1134822255456946
UBFC_MMPD,osc_real,100,subject13,subject13_L1_MO3_E2_S5_GE1_GL2_H2_MA2,0.2561259683305815
UBFC_MMPD,osc_real,100,subject13,subject13_L1_MO4_E2_S5_GE1_GL2_H2_MA2,0.1289665847477179
UBFC_MMPD,osc_real,100,subject13,subject13_L2_MO1_E1_S5_GE1_GL2_H2_MA2,0.0631134283224755
UBFC_MMPD,osc_real,100,subject13,subject13_L2_MO1_E2_S5_GE1_GL2_H2_MA2,0.292687651831036
UBFC_MMPD,osc_real,100,subject13,subject13_L2_MO2_E2_S5_GE1_GL2_H2_MA2,0.1104319246484325
UBFC_MMPD,osc_real,100,subject13,subject13_L2_MO3_E2_S5_GE1_GL2_H2_MA2,0.2356971759744329
UBFC_MMPD,osc_real,100,subject13,subject13_L2_MO4_E2_S5_GE1_GL2_H2_MA2,0.2136903196006406
UBFC_MMPD,osc_real,100,subject13,subject13_L3_MO1_E1_S5_GE1_GL2_H2_MA2,0.1779629493107681
UBFC_MMPD,osc_real,100,subject13,subject13_L3_MO1_E2_S5_GE1_GL2_H2_MA2,0.3409795615525106
UBFC_MMPD,osc_real,100,subject13,subject13_L3_MO2_E2_S5_GE1_GL2_H2_MA2,0.1174586167302407
UBFC_MMPD,osc_real,100,subject13,subject13_L3_MO3_E2_S5_GE1_GL2_H2_MA2,0.3439386758992012
UBFC_MMPD,osc_real,100,subject13,subject13_L3_MO4_E2_S5_GE1_GL2_H2_MA2,0.1086270251465766
UBFC_MMPD,osc_real,100,subject13,subject13_L4_MO1_E1_S5_GE1_GL2_H2_MA2,0.1736543186643076
UBFC_MMPD,osc_real,100,subject13,subject13_L4_MO1_E2_S5_GE1_GL2_H2_MA2,0.5251179758491088
UBFC_MMPD,osc_real,100,subject13,subject13_L4_MO2_E2_S5_GE1_GL2_H2_MA2,0.0938175249344006
UBFC_MMPD,osc_real,100,subject13,subject13_L4_MO3_E2_S5_GE1_GL2_H2_MA2,0.3801218564176598
UBFC_MMPD,osc_real,100,subject13,subject13_L4_MO4_E2_S5_GE1_GL2_H2_MA2,0.1308866572117172
UBFC_MMPD,osc_real,100,subject14,subject14_L1_MO1_E1_S6_GE1_GL2_H2_MA2,0.0770422660717697
UBFC_MMPD,osc_real,100,subject14,subject14_L1_MO1_E2_S6_GE1_GL2_H2_MA2,0.1254829956230958
UBFC_MMPD,osc_real,100,subject14,subject14_L1_MO2_E2_S6_GE1_GL2_H2_MA2,0.0944203481951739
UBFC_MMPD,osc_real,100,subject14,subject14_L1_MO3_E2_S6_GE1_GL2_H2_MA2,0.1613888785250923
UBFC_MMPD,osc_real,100,subject14,subject14_L1_MO4_E2_S6_GE1_GL2_H2_MA2,0.1387060794870729
UBFC_MMPD,osc_real,100,subject14,subject14_L2_MO1_E1_S6_GE1_GL2_H2_MA2,0.0690528011229825
UBFC_MMPD,osc_real,100,subject14,subject14_L2_MO1_E2_S6_GE1_GL2_H2_MA2,0.2051642736629553
UBFC_MMPD,osc_real,100,subject14,subject14_L2_MO2_E2_S6_GE1_GL2_H2_MA2,0.1087388254403709
UBFC_MMPD,osc_real,100,subject14,subject14_L2_MO3_E2_S6_GE1_GL2_H2_MA2,0.1226491484300947
UBFC_MMPD,osc_real,100,subject14,subject14_L2_MO4_E2_S6_GE1_GL2_H2_MA2,0.177536431726209
UBFC_MMPD,osc_real,100,subject14,subject14_L3_MO1_E1_S6_GE1_GL2_H2_MA2,0.0526769975315096
UBFC_MMPD,osc_real,100,subject14,subject14_L3_MO1_E2_S6_GE1_GL2_H2_MA2,0.2111302907907923
UBFC_MMPD,osc_real,100,subject14,subject14_L3_MO2_E2_S6_GE1_GL2_H2_MA2,0.1145236928951902
UBFC_MMPD,osc_real,100,subject14,subject14_L3_MO3_E2_S6_GE1_GL2_H2_MA2,0.2077990097512064
UBFC_MMPD,osc_real,100,subject14,subject14_L3_MO4_E2_S6_GE1_GL2_H2_MA2,0.1672749013738744
UBFC_MMPD,osc_real,100,subject14,subject14_L4_MO1_E1_S6_GE1_GL2_H2_MA2,0.0488377051295858
UBFC_MMPD,osc_real,100,subject14,subject14_L4_MO1_E2_S6_GE1_GL2_H2_MA2,0.0913143100824601
UBFC_MMPD,osc_real,100,subject14,subject14_L4_MO2_E2_S6_GE1_GL2_H2_MA2,0.1206235518102114
UBFC_MMPD,osc_real,100,subject14,subject14_L4_MO3_E2_S6_GE1_GL2_H2_MA2,0.1158178537913373
UBFC_MMPD,osc_real,100,subject14,subject14_L4_MO4_E2_S6_GE1_GL2_H2_MA2,0.4262388959210308
UBFC_MMPD,osc_real,100,subject15,subject15_L1_MO1_E1_S6_GE2_GL2_H2_MA2,0.1263977226208931
UBFC_MMPD,osc_real,100,subject15,subject15_L1_MO1_E2_S6_GE2_GL2_H2_MA2,0.109045964972347
UBFC_MMPD,osc_real,100,subject15,subject15_L1_MO2_E2_S6_GE2_GL2_H2_MA2,0.1544637673695034
UBFC_MMPD,osc_real,100,subject15,subject15_L1_MO3_E2_S6_GE2_GL2_H2_MA2,0.1305649833931309
UBFC_MMPD,osc_real,100,subject15,subject15_L1_MO4_E2_S6_GE2_GL2_H2_MA2,0.1170963889303989
UBFC_MMPD,osc_real,100,subject15,subject15_L2_MO1_E1_S6_GE2_GL2_H2_MA2,0.0910964135514354
UBFC_MMPD,osc_real,100,subject15,subject15_L2_MO1_E2_S6_GE2_GL2_H2_MA2,0.126622214095888
UBFC_MMPD,osc_real,100,subject15,subject15_L2_MO2_E2_S6_GE2_GL2_H2_MA2,0.154488300231232
UBFC_MMPD,osc_real,100,subject15,subject15_L2_MO3_E2_S6_GE2_GL2_H2_MA2,0.1223017885634547
UBFC_MMPD,osc_real,100,subject15,subject15_L2_MO4_E2_S6_GE2_GL2_H2_MA2,0.1085032996436087
UBFC_MMPD,osc_real,100,subject15,subject15_L3_MO1_E1_S6_GE2_GL2_H2_MA2,0.1493470311644586
UBFC_MMPD,osc_real,100,subject15,subject15_L3_MO1_E2_S6_GE2_GL2_H2_MA2,0.1256088354526369
UBFC_MMPD,osc_real,100,subject15,subject15_L3_MO2_E2_S6_GE2_GL2_H2_MA2,0.1121952668710791
UBFC_MMPD,osc_real,100,subject15,subject15_L3_MO3_E2_S6_GE2_GL2_H2_MA2,0.1477405141767359
UBFC_MMPD,osc_real,100,subject15,subject15_L3_MO4_E2_S6_GE2_GL2_H2_MA2,0.201349052055691
UBFC_MMPD,osc_real,100,subject15,subject15_L4_MO1_E1_S6_GE2_GL2_H2_MA2,0.1361679976016391
UBFC_MMPD,osc_real,100,subject15,subject15_L4_MO1_E2_S6_GE2_GL2_H2_MA2,0.1431168824406241
UBFC_MMPD,osc_real,100,subject15,subject15_L4_MO2_E2_S6_GE2_GL2_H2_MA2,0.1173809168456461
UBFC_MMPD,osc_real,100,subject15,subject15_L4_MO3_E2_S6_GE2_GL2_H2_MA2,0.1529133524631152
UBFC_MMPD,osc_real,100,subject15,subject15_L4_MO4_E2_S6_GE2_GL2_H2_MA2,0.119278355036659
UBFC_MMPD,osc_real,100,subject16,subject16_L1_MO1_E1_S6_GE1_GL2_H2_MA2,0.0712646271893555
UBFC_MMPD,osc_real,100,subject16,subject16_L1_MO1_E2_S6_GE1_GL2_H2_MA2,0.1136256198548453
UBFC_MMPD,osc_real,100,subject16,subject16_L1_MO2_E2_S6_GE1_GL2_H2_MA2,0.1554150438356273
UBFC_MMPD,osc_real,100,subject16,subject16_L1_MO3_E2_S6_GE1_GL2_H2_MA2,0.0862213012859562
UBFC_MMPD,osc_real,100,subject16,subject16_L1_MO4_E2_S6_GE1_GL2_H2_MA2,0.1284475984503177
UBFC_MMPD,osc_real,100,subject16,subject16_L2_MO1_E1_S6_GE1_GL2_H2_MA2,0.1031126537513893
UBFC_MMPD,osc_real,100,subject16,subject16_L2_MO1_E2_S6_GE1_GL2_H2_MA2,0.1409496669839588
UBFC_MMPD,osc_real,100,subject16,subject16_L2_MO2_E2_S6_GE1_GL2_H2_MA2,0.1027134403523923
UBFC_MMPD,osc_real,100,subject16,subject16_L2_MO3_E2_S6_GE1_GL2_H2_MA2,0.1146086261288299
UBFC_MMPD,osc_real,100,subject16,subject16_L2_MO4_E2_S6_GE1_GL2_H2_MA2,0.1655368788244871
UBFC_MMPD,osc_real,100,subject16,subject16_L3_MO1_E1_S6_GE1_GL2_H2_MA2,0.0927292669735711
UBFC_MMPD,osc_real,100,subject16,subject16_L3_MO1_E2_S6_GE1_GL2_H2_MA2,0.2218273966585559
UBFC_MMPD,osc_real,100,subject16,subject16_L3_MO2_E2_S6_GE1_GL2_H2_MA2,0.1273491951693796
UBFC_MMPD,osc_real,100,subject16,subject16_L3_MO3_E2_S6_GE1_GL2_H2_MA2,0.1786140962145222
UBFC_MMPD,osc_real,100,subject16,subject16_L3_MO4_E2_S6_GE1_GL2_H2_MA2,0.1161881508529648
UBFC_MMPD,osc_real,100,subject16,subject16_L4_MO1_E1_S6_GE1_GL2_H2_MA2,0.0560794058596264
UBFC_MMPD,osc_real,100,subject16,subject16_L4_MO1_E2_S6_GE1_GL2_H2_MA2,0.1240551901675934
UBFC_MMPD,osc_real,100,subject16,subject16_L4_MO2_E2_S6_GE1_GL2_H2_MA2,0.1206245482961243
UBFC_MMPD,osc_real,100,subject16,subject16_L4_MO3_E2_S6_GE1_GL2_H2_MA2,0.1435176320104354
UBFC_MMPD,osc_real,100,subject16,subject16_L4_MO4_E2_S6_GE1_GL2_H2_MA2,0.0833470858854256
UBFC_MMPD,osc_real,100,subject17,subject17_L1_MO1_E1_S4_GE1_GL2_H2_MA2,0.0709035393846547
UBFC_MMPD,osc_real,100,subject17,subject17_L1_MO1_E2_S4_GE1_GL2_H2_MA2,0.1323386474103145
UBFC_MMPD,osc_real,100,subject17,subject17_L1_MO2_E2_S4_GE1_GL2_H2_MA2,0.1080740160349173
UBFC_MMPD,osc_real,100,subject17,subject17_L1_MO3_E2_S4_GE1_GL2_H2_MA2,0.1133038948096702
UBFC_MMPD,osc_real,100,subject17,subject17_L1_MO4_E2_S4_GE1_GL2_H2_MA2,0.1294226848801701
UBFC_MMPD,osc_real,100,subject17,subject17_L2_MO1_E1_S4_GE1_GL2_H2_MA2,0.1025483170663858
UBFC_MMPD,osc_real,100,subject17,subject17_L2_MO1_E2_S4_GE1_GL2_H2_MA2,0.1340120691255216
UBFC_MMPD,osc_real,100,subject17,subject17_L2_MO2_E2_S4_GE1_GL2_H2_MA2,0.1475941120595528
UBFC_MMPD,osc_real,100,subject17,subject17_L2_MO3_E2_S4_GE1_GL2_H2_MA2,0.1371680317036305
UBFC_MMPD,osc_real,100,subject17,subject17_L2_MO4_E2_S4_GE1_GL2_H2_MA2,0.1434921614737673
UBFC_MMPD,osc_real,100,subject17,subject17_L3_MO1_E1_S4_GE1_GL2_H2_MA2,0.0817013357010897
UBFC_MMPD,osc_real,100,subject17,subject17_L3_MO1_E2_S4_GE1_GL2_H2_MA2,0.2322764196894098
UBFC_MMPD,osc_real,100,subject17,subject17_L3_MO2_E2_S4_GE1_GL2_H2_MA2,0.0908669572920218
UBFC_MMPD,osc_real,100,subject17,subject17_L3_MO3_E2_S4_GE1_GL2_H2_MA2,0.2213652293978895
UBFC_MMPD,osc_real,100,subject17,subject17_L3_MO4_E2_S4_GE1_GL2_H2_MA2,0.1196578470732254
UBFC_MMPD,osc_real,100,subject17,subject17_L4_MO1_E1_S4_GE1_GL2_H2_MA2,0.0685929790093902
UBFC_MMPD,osc_real,100,subject17,subject17_L4_MO1_E2_S4_GE1_GL2_H2_MA2,0.1176758706206997
UBFC_MMPD,osc_real,100,subject17,subject17_L4_MO2_E2_S4_GE1_GL2_H2_MA2,0.1196007891893562
UBFC_MMPD,osc_real,100,subject17,subject17_L4_MO3_E2_S4_GE1_GL2_H2_MA2,0.2034869250200973
UBFC_MMPD,osc_real,100,subject17,subject17_L4_MO4_E2_S4_GE1_GL2_H2_MA2,0.1277204865510466
UBFC_MMPD,osc_real,100,subject18,subject18_L1_MO1_E1_S3_GE2_GL1_H1_MA2,0.2746543740511575
UBFC_MMPD,osc_real,100,subject18,subject18_L1_MO1_E2_S3_GE2_GL1_H1_MA2,0.2034875397138017
UBFC_MMPD,osc_real,100,subject18,subject18_L1_MO2_E2_S3_GE2_GL1_H1_MA2,0.1689499124674285
UBFC_MMPD,osc_real,100,subject18,subject18_L1_MO3_E2_S3_GE2_GL1_H1_MA2,0.1732768079640567
UBFC_MMPD,osc_real,100,subject18,subject18_L1_MO4_E2_S3_GE2_GL1_H1_MA2,0.0880159879783894
UBFC_MMPD,osc_real,100,subject18,subject18_L2_MO1_E1_S3_GE2_GL1_H1_MA2,0.2650388945536239
UBFC_MMPD,osc_real,100,subject18,subject18_L2_MO1_E2_S3_GE2_GL1_H1_MA2,0.3879614616567303
UBFC_MMPD,osc_real,100,subject18,subject18_L2_MO2_E2_S3_GE2_GL1_H1_MA2,0.1310428223944244
UBFC_MMPD,osc_real,100,subject18,subject18_L2_MO3_E2_S3_GE2_GL1_H1_MA2,0.2677540542903796
UBFC_MMPD,osc_real,100,subject18,subject18_L2_MO4_E2_S3_GE2_GL1_H1_MA2,0.1221888487346852
UBFC_MMPD,osc_real,100,subject18,subject18_L3_MO1_E1_S3_GE2_GL1_H1_MA2,0.2938793955997041
UBFC_MMPD,osc_real,100,subject18,subject18_L3_MO1_E2_S3_GE2_GL1_H1_MA2,0.4020163983531173
UBFC_MMPD,osc_real,100,subject18,subject18_L3_MO2_E2_S3_GE2_GL1_H1_MA2,0.1929391600414298
UBFC_MMPD,osc_real,100,subject18,subject18_L3_MO3_E2_S3_GE2_GL1_H1_MA2,0.2590425785266246
UBFC_MMPD,osc_real,100,subject18,subject18_L3_MO4_E2_S3_GE2_GL1_H1_MA2,0.1204782312342636
UBFC_MMPD,osc_real,100,subject18,subject18_L4_MO1_E1_S3_GE2_GL1_H1_MA2,0.2194758340487657
UBFC_MMPD,osc_real,100,subject18,subject18_L4_MO1_E2_S3_GE2_GL1_H1_MA2,0.1661315226665624
UBFC_MMPD,osc_real,100,subject18,subject18_L4_MO2_E2_S3_GE2_GL1_H1_MA2,0.1517297288657456
UBFC_MMPD,osc_real,100,subject18,subject18_L4_MO3_E2_S3_GE2_GL1_H1_MA2,0.159657301711919
UBFC_MMPD,osc_real,100,subject18,subject18_L4_MO4_E2_S3_GE2_GL1_H1_MA2,0.1228338859645667
UBFC_MMPD,osc_real,100,subject19,subject19_L1_MO1_E1_S3_GE2_GL2_H1_MA2,0.2859842322968278
UBFC_MMPD,osc_real,100,subject19,subject19_L1_MO1_E2_S3_GE2_GL2_H1_MA2,0.3303121236234493
UBFC_MMPD,osc_real,100,subject19,subject19_L1_MO2_E2_S3_GE2_GL2_H1_MA2,0.1216101654099562
UBFC_MMPD,osc_real,100,subject19,subject19_L1_MO3_E2_S3_GE2_GL2_H1_MA2,0.2688144401286348
UBFC_MMPD,osc_real,100,subject19,subject19_L1_MO4_E2_S3_GE2_GL2_H1_MA2,0.1146309479993507
UBFC_MMPD,osc_real,100,subject19,subject19_L2_MO1_E1_S3_GE2_GL2_H1_MA2,0.325568155932709
UBFC_MMPD,osc_real,100,subject19,subject19_L2_MO1_E2_S3_GE2_GL2_H1_MA2,0.2952654289456864
UBFC_MMPD,osc_real,100,subject19,subject19_L2_MO2_E2_S3_GE2_GL2_H1_MA2,0.0899589787327606
UBFC_MMPD,osc_real,100,subject19,subject19_L2_MO3_E2_S3_GE2_GL2_H1_MA2,0.3078828214171745
UBFC_MMPD,osc_real,100,subject19,subject19_L2_MO4_E2_S3_GE2_GL2_H1_MA2,0.1046592721087577
UBFC_MMPD,osc_real,100,subject19,subject19_L3_MO1_E1_S3_GE2_GL2_H1_MA2,0.44008646060225
UBFC_MMPD,osc_real,100,subject19,subject19_L3_MO1_E2_S3_GE2_GL2_H1_MA2,0.4879387735876018
UBFC_MMPD,osc_real,100,subject19,subject19_L3_MO2_E2_S3_GE2_GL2_H1_MA2,0.1196923845996514
UBFC_MMPD,osc_real,100,subject19,subject19_L3_MO3_E2_S3_GE2_GL2_H1_MA2,0.1236683152908507
UBFC_MMPD,osc_real,100,subject19,subject19_L3_MO4_E2_S3_GE2_GL2_H1_MA2,0.1275895434026712
UBFC_MMPD,osc_real,100,subject19,subject19_L4_MO1_E1_S3_GE2_GL2_H1_MA2,0.4055640858073047
UBFC_MMPD,osc_real,100,subject19,subject19_L4_MO1_E2_S3_GE2_GL2_H1_MA2,0.2037887193358071
UBFC_MMPD,osc_real,100,subject19,subject19_L4_MO2_E2_S3_GE2_GL2_H1_MA2,0.1241828898876147
UBFC_MMPD,osc_real,100,subject19,subject19_L4_MO3_E2_S3_GE2_GL2_H1_MA2,0.2339864726699628
UBFC_MMPD,osc_real,100,subject19,subject19_L4_MO4_E2_S3_GE2_GL2_H1_MA2,0.1642376371347368
UBFC_MMPD,osc_real,100,subject1,subject1_L1_MO1_E1_S4_GE1_GL1_H2_MA2,0.134332225867591
UBFC_MMPD,osc_real,100,subject1,subject1_L1_MO1_E2_S4_GE1_GL1_H2_MA2,0.1044546909271484
UBFC_MMPD,osc_real,100,subject1,subject1_L1_MO2_E2_S4_GE1_GL1_H2_MA2,0.0953622332600488
UBFC_MMPD,osc_real,100,subject1,subject1_L1_MO3_E2_S4_GE1_GL1_H2_MA2,0.1148142341211143
UBFC_MMPD,osc_real,100,subject1,subject1_L1_MO4_E2_S4_GE1_GL1_H2_MA2,0.0866888349698443
UBFC_MMPD,osc_real,100,subject1,subject1_L2_MO1_E1_S4_GE1_GL1_H2_MA2,0.0971626905388846
UBFC_MMPD,osc_real,100,subject1,subject1_L2_MO1_E2_S4_GE1_GL1_H2_MA2,0.1511043976356743
UBFC_MMPD,osc_real,100,subject1,subject1_L2_MO2_E2_S4_GE1_GL1_H2_MA2,0.0983997853843725
UBFC_MMPD,osc_real,100,subject1,subject1_L2_MO3_E2_S4_GE1_GL1_H2_MA2,0.1260818903917928
UBFC_MMPD,osc_real,100,subject1,subject1_L2_MO4_E2_S4_GE1_GL1_H2_MA2,0.1142657778753508
UBFC_MMPD,osc_real,100,subject1,subject1_L3_MO1_E1_S4_GE1_GL1_H2_MA2,0.1871686910255708
UBFC_MMPD,osc_real,100,subject1,subject1_L3_MO1_E2_S4_GE1_GL1_H2_MA2,0.136149858657212
UBFC_MMPD,osc_real,100,subject1,subject1_L3_MO2_E2_S4_GE1_GL1_H2_MA2,0.095065190094032
UBFC_MMPD,osc_real,100,subject1,subject1_L3_MO3_E2_S4_GE1_GL1_H2_MA2,0.1669491061080347
UBFC_MMPD,osc_real,100,subject1,subject1_L3_MO4_E2_S4_GE1_GL1_H2_MA2,0.1192320734432651
UBFC_MMPD,osc_real,100,subject1,subject1_L4_MO1_E1_S4_GE1_GL1_H2_MA2,0.1261346351485588
UBFC_MMPD,osc_real,100,subject1,subject1_L4_MO1_E2_S4_GE1_GL1_H2_MA2,0.107572474749256
UBFC_MMPD,osc_real,100,subject1,subject1_L4_MO2_E2_S4_GE1_GL1_H2_MA2,0.1149831347034988
UBFC_MMPD,osc_real,100,subject1,subject1_L4_MO3_E2_S4_GE1_GL1_H2_MA2,0.1024362881842488
UBFC_MMPD,osc_real,100,subject1,subject1_L4_MO4_E2_S4_GE1_GL1_H2_MA2,0.118126519818839
UBFC_MMPD,osc_real,100,subject20,subject20_L1_MO1_E1_S3_GE1_GL2_H2_MA2,0.2640269841502646
UBFC_MMPD,osc_real,100,subject20,subject20_L1_MO1_E2_S3_GE1_GL2_H2_MA2,0.4468450066206669
UBFC_MMPD,osc_real,100,subject20,subject20_L1_MO2_E2_S3_GE1_GL2_H2_MA2,0.1356030687697762
UBFC_MMPD,osc_real,100,subject20,subject20_L1_MO3_E2_S3_GE1_GL2_H2_MA2,0.2234098702658176
UBFC_MMPD,osc_real,100,subject20,subject20_L1_MO4_E2_S3_GE1_GL2_H2_MA2,0.1541726941250625
UBFC_MMPD,osc_real,100,subject20,subject20_L2_MO1_E1_S3_GE1_GL2_H2_MA2,0.3569834849554233
UBFC_MMPD,osc_real,100,subject20,subject20_L2_MO1_E2_S3_GE1_GL2_H2_MA2,0.500007736194367
UBFC_MMPD,osc_real,100,subject20,subject20_L2_MO2_E2_S3_GE1_GL2_H2_MA2,0.0812414760335102
UBFC_MMPD,osc_real,100,subject20,subject20_L2_MO3_E2_S3_GE1_GL2_H2_MA2,0.2384210561224129
UBFC_MMPD,osc_real,100,subject20,subject20_L2_MO4_E2_S3_GE1_GL2_H2_MA2,0.1420947718119808
UBFC_MMPD,osc_real,100,subject20,subject20_L3_MO1_E1_S3_GE1_GL2_H2_MA2,0.3449049037922753
UBFC_MMPD,osc_real,100,subject20,subject20_L3_MO1_E2_S3_GE1_GL2_H2_MA2,0.4362180172975496
UBFC_MMPD,osc_real,100,subject20,subject20_L3_MO2_E2_S3_GE1_GL2_H2_MA2,0.1477721871380729
UBFC_MMPD,osc_real,100,subject20,subject20_L3_MO3_E2_S3_GE1_GL2_H2_MA2,0.3257789391576466
UBFC_MMPD,osc_real,100,subject20,subject20_L3_MO4_E2_S3_GE1_GL2_H2_MA2,0.1263802346884314
UBFC_MMPD,osc_real,100,subject20,subject20_L4_MO1_E1_S3_GE1_GL2_H2_MA2,0.1248758457329446
UBFC_MMPD,osc_real,100,subject20,subject20_L4_MO1_E2_S3_GE1_GL2_H2_MA2,0.2849326388179088
UBFC_MMPD,osc_real,100,subject20,subject20_L4_MO2_E2_S3_GE1_GL2_H2_MA2,0.109866324276259
UBFC_MMPD,osc_real,100,subject20,subject20_L4_MO3_E2_S3_GE1_GL2_H2_MA2,0.2102898765127924
UBFC_MMPD,osc_real,100,subject20,subject20_L4_MO4_E2_S3_GE1_GL2_H2_MA2,0.1500037469818927
UBFC_MMPD,osc_real,100,subject21,subject21_L1_MO1_E1_S3_GE2_GL1_H2_MA1,0.216149171577876
UBFC_MMPD,osc_real,100,subject21,subject21_L1_MO1_E2_S3_GE2_GL1_H2_MA1,0.3919706359852418
UBFC_MMPD,osc_real,100,subject21,subject21_L1_MO2_E2_S3_GE2_GL1_H2_MA1,0.1524635462794645
UBFC_MMPD,osc_real,100,subject21,subject21_L1_MO3_E2_S3_GE2_GL1_H2_MA1,0.2061952127075402
UBFC_MMPD,osc_real,100,subject21,subject21_L1_MO4_E2_S3_GE2_GL1_H2_MA1,0.1141045262852883
UBFC_MMPD,osc_real,100,subject21,subject21_L2_MO1_E1_S3_GE2_GL1_H2_MA1,0.2063330901317437
UBFC_MMPD,osc_real,100,subject21,subject21_L2_MO1_E2_S3_GE2_GL1_H2_MA1,0.2486028142712639
UBFC_MMPD,osc_real,100,subject21,subject21_L2_MO2_E2_S3_GE2_GL1_H2_MA1,0.1092530350768492
UBFC_MMPD,osc_real,100,subject21,subject21_L2_MO3_E2_S3_GE2_GL1_H2_MA1,0.1354933216498631
UBFC_MMPD,osc_real,100,subject21,subject21_L2_MO4_E2_S3_GE2_GL1_H2_MA1,0.1392244282930994
UBFC_MMPD,osc_real,100,subject21,subject21_L3_MO1_E1_S3_GE2_GL1_H2_MA1,0.3224839812005596
UBFC_MMPD,osc_real,100,subject21,subject21_L3_MO1_E2_S3_GE2_GL1_H2_MA1,0.3237508594825471
UBFC_MMPD,osc_real,100,subject21,subject21_L3_MO2_E2_S3_GE2_GL1_H2_MA1,0.1658297396657976
UBFC_MMPD,osc_real,100,subject21,subject21_L3_MO3_E2_S3_GE2_GL1_H2_MA1,0.3122493455836279
UBFC_MMPD,osc_real,100,subject21,subject21_L3_MO4_E2_S3_GE2_GL1_H2_MA1,0.1222493632245582
UBFC_MMPD,osc_real,100,subject21,subject21_L4_MO1_E1_S3_GE2_GL1_H2_MA1,0.1435884402725756
UBFC_MMPD,osc_real,100,subject21,subject21_L4_MO1_E2_S3_GE2_GL1_H2_MA1,0.2266525186611099
UBFC_MMPD,osc_real,100,subject21,subject21_L4_MO2_E2_S3_GE2_GL1_H2_MA1,0.1277456431703989
UBFC_MMPD,osc_real,100,subject21,subject21_L4_MO3_E2_S3_GE2_GL1_H2_MA1,0.1758053472392494
UBFC_MMPD,osc_real,100,subject21,subject21_L4_MO4_E2_S3_GE2_GL1_H2_MA1,0.1742569751141591
UBFC_MMPD,osc_real,100,subject22,subject22_L1_MO1_E1_S3_GE2_GL2_H2_MA2,0.247727518795648
UBFC_MMPD,osc_real,100,subject22,subject22_L1_MO1_E2_S3_GE2_GL2_H2_MA2,0.1757206822379229
UBFC_MMPD,osc_real,100,subject22,subject22_L1_MO2_E2_S3_GE2_GL2_H2_MA2,0.1186936982015719
UBFC_MMPD,osc_real,100,subject22,subject22_L1_MO3_E2_S3_GE2_GL2_H2_MA2,0.1408346047575815
UBFC_MMPD,osc_real,100,subject22,subject22_L1_MO4_E2_S3_GE2_GL2_H2_MA2,0.1001878499054859
UBFC_MMPD,osc_real,100,subject22,subject22_L2_MO1_E1_S3_GE2_GL2_H2_MA2,0.2358762569717731
UBFC_MMPD,osc_real,100,subject22,subject22_L2_MO1_E2_S3_GE2_GL2_H2_MA2,0.3385901064837728
UBFC_MMPD,osc_real,100,subject22,subject22_L2_MO2_E2_S3_GE2_GL2_H2_MA2,0.3341123458251656
UBFC_MMPD,osc_real,100,subject22,subject22_L2_MO3_E2_S3_GE2_GL2_H2_MA2,0.2150514183177405
UBFC_MMPD,osc_real,100,subject22,subject22_L2_MO4_E2_S3_GE2_GL2_H2_MA2,0.1247812858086528
UBFC_MMPD,osc_real,100,subject22,subject22_L3_MO1_E1_S3_GE2_GL2_H2_MA2,0.3260337663787817
UBFC_MMPD,osc_real,100,subject22,subject22_L3_MO1_E2_S3_GE2_GL2_H2_MA2,0.4897416228868822
UBFC_MMPD,osc_real,100,subject22,subject22_L3_MO2_E2_S3_GE2_GL2_H2_MA2,0.2185380927859711
UBFC_MMPD,osc_real,100,subject22,subject22_L3_MO3_E2_S3_GE2_GL2_H2_MA2,0.2831897769429434
UBFC_MMPD,osc_real,100,subject22,subject22_L3_MO4_E2_S3_GE2_GL2_H2_MA2,0.109230363023074
UBFC_MMPD,osc_real,100,subject22,subject22_L4_MO1_E1_S3_GE2_GL2_H2_MA2,0.1358744320365691
UBFC_MMPD,osc_real,100,subject22,subject22_L4_MO1_E2_S3_GE2_GL2_H2_MA2,0.3009978402164724
UBFC_MMPD,osc_real,100,subject22,subject22_L4_MO2_E2_S3_GE2_GL2_H2_MA2,0.161626563122597
UBFC_MMPD,osc_real,100,subject22,subject22_L4_MO3_E2_S3_GE2_GL2_H2_MA2,0.2512839162022828
UBFC_MMPD,osc_real,100,subject22,subject22_L4_MO4_E2_S3_GE2_GL2_H2_MA2,0.1491653130826541
UBFC_MMPD,osc_real,100,subject23,subject23_L1_MO1_E1_S5_GE2_GL2_H2_MA2,0.1656161279190555
UBFC_MMPD,osc_real,100,subject23,subject23_L1_MO1_E2_S5_GE2_GL2_H2_MA2,0.1865124034568848
UBFC_MMPD,osc_real,100,subject23,subject23_L1_MO2_E2_S5_GE2_GL2_H2_MA2,0.1383052703222559
UBFC_MMPD,osc_real,100,subject23,subject23_L1_MO3_E2_S5_GE2_GL2_H2_MA2,0.2074097642521752
UBFC_MMPD,osc_real,100,subject23,subject23_L1_MO4_E2_S5_GE2_GL2_H2_MA2,0.0959431374809985
UBFC_MMPD,osc_real,100,subject23,subject23_L2_MO1_E1_S5_GE2_GL2_H2_MA2,0.1485357031512022
UBFC_MMPD,osc_real,100,subject23,subject23_L2_MO1_E2_S5_GE2_GL2_H2_MA2,0.2975510705440375
UBFC_MMPD,osc_real,100,subject23,subject23_L2_MO2_E2_S5_GE2_GL2_H2_MA2,0.1329137601199562
UBFC_MMPD,osc_real,100,subject23,subject23_L2_MO3_E2_S5_GE2_GL2_H2_MA2,0.2066007505177437
UBFC_MMPD,osc_real,100,subject23,subject23_L2_MO4_E2_S5_GE2_GL2_H2_MA2,0.1075385070804111
UBFC_MMPD,osc_real,100,subject23,subject23_L3_MO1_E1_S5_GE2_GL2_H2_MA2,0.2619099970869926
UBFC_MMPD,osc_real,100,subject23,subject23_L3_MO1_E2_S5_GE2_GL2_H2_MA2,0.4091556645588754
UBFC_MMPD,osc_real,100,subject23,subject23_L3_MO2_E2_S5_GE2_GL2_H2_MA2,0.1197400430046363
UBFC_MMPD,osc_real,100,subject23,subject23_L3_MO3_E2_S5_GE2_GL2_H2_MA2,0.3124551190228348
UBFC_MMPD,osc_real,100,subject23,subject23_L3_MO4_E2_S5_GE2_GL2_H2_MA2,0.0892890835763163
UBFC_MMPD,osc_real,100,subject23,subject23_L4_MO1_E1_S5_GE2_GL2_H2_MA2,0.1697305464204186
UBFC_MMPD,osc_real,100,subject23,subject23_L4_MO1_E2_S5_GE2_GL2_H2_MA2,0.2128149429059539
UBFC_MMPD,osc_real,100,subject23,subject23_L4_MO2_E2_S5_GE2_GL2_H2_MA2,0.1206375928114971
UBFC_MMPD,osc_real,100,subject23,subject23_L4_MO3_E2_S5_GE2_GL2_H2_MA2,0.1768933343056949
UBFC_MMPD,osc_real,100,subject23,subject23_L4_MO4_E2_S5_GE2_GL2_H2_MA2,0.1580328766456296
UBFC_MMPD,osc_real,100,subject24,subject24_L1_MO1_E1_S3_GE2_GL2_H2_MA1,0.5399639347773127
UBFC_MMPD,osc_real,100,subject24,subject24_L1_MO1_E2_S3_GE2_GL2_H2_MA1,0.347252366047008
UBFC_MMPD,osc_real,100,subject24,subject24_L1_MO2_E2_S3_GE2_GL2_H2_MA1,0.138341513641428
UBFC_MMPD,osc_real,100,subject24,subject24_L1_MO3_E2_S3_GE2_GL2_H2_MA1,0.5086625168676963
UBFC_MMPD,osc_real,100,subject24,subject24_L1_MO4_E2_S3_GE2_GL2_H2_MA1,0.1188535780274194
UBFC_MMPD,osc_real,100,subject24,subject24_L2_MO1_E1_S3_GE2_GL2_H2_MA1,0.594297402715537
UBFC_MMPD,osc_real,100,subject24,subject24_L2_MO1_E2_S3_GE2_GL2_H2_MA1,0.3866429026732026
UBFC_MMPD,osc_real,100,subject24,subject24_L2_MO2_E2_S3_GE2_GL2_H2_MA1,0.1375819684483861
UBFC_MMPD,osc_real,100,subject24,subject24_L2_MO3_E2_S3_GE2_GL2_H2_MA1,0.3386955384523914
UBFC_MMPD,osc_real,100,subject24,subject24_L2_MO4_E2_S3_GE2_GL2_H2_MA1,0.0995858351825336
UBFC_MMPD,osc_real,100,subject24,subject24_L3_MO1_E1_S3_GE2_GL2_H2_MA1,0.391363738727662
UBFC_MMPD,osc_real,100,subject24,subject24_L3_MO1_E2_S3_GE2_GL2_H2_MA1,0.4831828673673558
UBFC_MMPD,osc_real,100,subject24,subject24_L3_MO2_E2_S3_GE2_GL2_H2_MA1,0.1785888514033386
UBFC_MMPD,osc_real,100,subject24,subject24_L3_MO3_E2_S3_GE2_GL2_H2_MA1,0.3842191419845467
UBFC_MMPD,osc_real,100,subject24,subject24_L3_MO4_E2_S3_GE2_GL2_H2_MA1,0.095705110260222
UBFC_MMPD,osc_real,100,subject24,subject24_L4_MO1_E1_S3_GE2_GL2_H2_MA1,0.3104240753414672
UBFC_MMPD,osc_real,100,subject24,subject24_L4_MO1_E2_S3_GE2_GL2_H2_MA1,0.1421961513360085
UBFC_MMPD,osc_real,100,subject24,subject24_L4_MO2_E2_S3_GE2_GL2_H2_MA1,0.1404399330687716
UBFC_MMPD,osc_real,100,subject24,subject24_L4_MO3_E2_S3_GE2_GL2_H2_MA1,0.3708689304423301
UBFC_MMPD,osc_real,100,subject24,subject24_L4_MO4_E2_S3_GE2_GL2_H2_MA1,0.1577681756730194
UBFC_MMPD,osc_real,100,subject25,subject25_L1_MO1_E1_S3_GE2_GL2_H1_MA2,0.2324995114845453
UBFC_MMPD,osc_real,100,subject25,subject25_L1_MO1_E2_S3_GE2_GL2_H1_MA2,0.3729025102184578
UBFC_MMPD,osc_real,100,subject25,subject25_L1_MO2_E2_S3_GE2_GL2_H1_MA2,0.0915007344204826
UBFC_MMPD,osc_real,100,subject25,subject25_L1_MO3_E2_S3_GE2_GL2_H1_MA2,0.2248679042559573
UBFC_MMPD,osc_real,100,subject25,subject25_L1_MO4_E2_S3_GE2_GL2_H1_MA2,0.1186945683220919
UBFC_MMPD,osc_real,100,subject25,subject25_L2_MO1_E1_S3_GE2_GL2_H1_MA2,0.1996658500528334
UBFC_MMPD,osc_real,100,subject25,subject25_L2_MO1_E2_S3_GE2_GL2_H1_MA2,0.3116034691401032
UBFC_MMPD,osc_real,100,subject25,subject25_L2_MO2_E2_S3_GE2_GL2_H1_MA2,0.2127175304555676
UBFC_MMPD,osc_real,100,subject25,subject25_L2_MO3_E2_S3_GE2_GL2_H1_MA2,0.3127032099125539
UBFC_MMPD,osc_real,100,subject25,subject25_L2_MO4_E2_S3_GE2_GL2_H1_MA2,0.1498821753390608
UBFC_MMPD,osc_real,100,subject25,subject25_L3_MO1_E1_S3_GE2_GL2_H1_MA2,0.2791723528224947
UBFC_MMPD,osc_real,100,subject25,subject25_L3_MO1_E2_S3_GE2_GL2_H1_MA2,0.4897243424659697
UBFC_MMPD,osc_real,100,subject25,subject25_L3_MO2_E2_S3_GE2_GL2_H1_MA2,0.0966046616057005
UBFC_MMPD,osc_real,100,subject25,subject25_L3_MO3_E2_S3_GE2_GL2_H1_MA2,0.2689170937750611
UBFC_MMPD,osc_real,100,subject25,subject25_L3_MO4_E2_S3_GE2_GL2_H1_MA2,0.1066294200707332
UBFC_MMPD,osc_real,100,subject25,subject25_L4_MO1_E1_S3_GE2_GL2_H1_MA2,0.3148877351685233
UBFC_MMPD,osc_real,100,subject25,subject25_L4_MO1_E2_S3_GE2_GL2_H1_MA2,0.3019788888163441
UBFC_MMPD,osc_real,100,subject25,subject25_L4_MO2_E2_S3_GE2_GL2_H1_MA2,0.1147035910706302
UBFC_MMPD,osc_real,100,subject25,subject25_L4_MO3_E2_S3_GE2_GL2_H1_MA2,0.248282592055978
UBFC_MMPD,osc_real,100,subject25,subject25_L4_MO4_E2_S3_GE2_GL2_H1_MA2,0.0921395734690844
UBFC_MMPD,osc_real,100,subject26,subject26_L1_MO1_E1_S6_GE1_GL2_H2_MA2,0.1540762968036105
UBFC_MMPD,osc_real,100,subject26,subject26_L1_MO1_E2_S6_GE1_GL2_H2_MA2,0.1074829915329145
UBFC_MMPD,osc_real,100,subject26,subject26_L1_MO2_E2_S6_GE1_GL2_H2_MA2,0.1298223530886892
UBFC_MMPD,osc_real,100,subject26,subject26_L1_MO3_E2_S6_GE1_GL2_H2_MA2,0.0948598325782691
UBFC_MMPD,osc_real,100,subject26,subject26_L1_MO4_E2_S6_GE1_GL2_H2_MA2,0.1417314674124783
UBFC_MMPD,osc_real,100,subject26,subject26_L2_MO1_E1_S6_GE1_GL2_H2_MA2,0.1541081033778518
UBFC_MMPD,osc_real,100,subject26,subject26_L2_MO1_E2_S6_GE1_GL2_H2_MA2,0.1252583468430401
UBFC_MMPD,osc_real,100,subject26,subject26_L2_MO2_E2_S6_GE1_GL2_H2_MA2,0.1427232636855274
UBFC_MMPD,osc_real,100,subject26,subject26_L2_MO3_E2_S6_GE1_GL2_H2_MA2,0.1195512113528115
UBFC_MMPD,osc_real,100,subject26,subject26_L2_MO4_E2_S6_GE1_GL2_H2_MA2,0.143602452129215
UBFC_MMPD,osc_real,100,subject26,subject26_L3_MO1_E1_S6_GE1_GL2_H2_MA2,0.1347011332626535
UBFC_MMPD,osc_real,100,subject26,subject26_L3_MO1_E2_S6_GE1_GL2_H2_MA2,0.2231306281374339
UBFC_MMPD,osc_real,100,subject26,subject26_L3_MO2_E2_S6_GE1_GL2_H2_MA2,0.1429864966694498
UBFC_MMPD,osc_real,100,subject26,subject26_L3_MO3_E2_S6_GE1_GL2_H2_MA2,0.14160614473806
UBFC_MMPD,osc_real,100,subject26,subject26_L3_MO4_E2_S6_GE1_GL2_H2_MA2,0.1189059689293984
UBFC_MMPD,osc_real,100,subject26,subject26_L4_MO1_E1_S6_GE1_GL2_H2_MA2,0.1555219793661779
UBFC_MMPD,osc_real,100,subject26,subject26_L4_MO1_E2_S6_GE1_GL2_H2_MA2,0.1306517911562924
UBFC_MMPD,osc_real,100,subject26,subject26_L4_MO2_E2_S6_GE1_GL2_H2_MA2,0.1137531728342846
UBFC_MMPD,osc_real,100,subject26,subject26_L4_MO3_E2_S6_GE1_GL2_H2_MA2,0.1759511771751967
UBFC_MMPD,osc_real,100,subject26,subject26_L4_MO4_E2_S6_GE1_GL2_H2_MA2,0.1316985632533918
UBFC_MMPD,osc_real,100,subject27,subject27_L1_MO1_E1_S3_GE2_GL2_H2_MA1,0.5259166590729211
UBFC_MMPD,osc_real,100,subject27,subject27_L1_MO1_E2_S3_GE2_GL2_H2_MA1,0.2796583413886775
UBFC_MMPD,osc_real,100,subject27,subject27_L1_MO2_E2_S3_GE2_GL2_H2_MA1,0.1428394384209187
UBFC_MMPD,osc_real,100,subject27,subject27_L1_MO3_E2_S3_GE2_GL2_H2_MA1,0.30275593438399
UBFC_MMPD,osc_real,100,subject27,subject27_L1_MO4_E2_S3_GE2_GL2_H2_MA1,0.1003020894064781
UBFC_MMPD,osc_real,100,subject27,subject27_L2_MO1_E1_S3_GE2_GL2_H2_MA1,0.3832395007689272
UBFC_MMPD,osc_real,100,subject27,subject27_L2_MO1_E2_S3_GE2_GL2_H2_MA1,0.1858225502182025
UBFC_MMPD,osc_real,100,subject27,subject27_L2_MO2_E2_S3_GE2_GL2_H2_MA1,0.1411647561944809
UBFC_MMPD,osc_real,100,subject27,subject27_L2_MO3_E2_S3_GE2_GL2_H2_MA1,0.2113629799550201
UBFC_MMPD,osc_real,100,subject27,subject27_L2_MO4_E2_S3_GE2_GL2_H2_MA1,0.1363147607611102
UBFC_MMPD,osc_real,100,subject27,subject27_L3_MO1_E1_S3_GE2_GL2_H2_MA1,0.5104724174975308
UBFC_MMPD,osc_real,100,subject27,subject27_L3_MO1_E2_S3_GE2_GL2_H2_MA1,0.3690786648517669
UBFC_MMPD,osc_real,100,subject27,subject27_L3_MO2_E2_S3_GE2_GL2_H2_MA1,0.1634387827254241
UBFC_MMPD,osc_real,100,subject27,subject27_L3_MO3_E2_S3_GE2_GL2_H2_MA1,0.3189870487536715
UBFC_MMPD,osc_real,100,subject27,subject27_L3_MO4_E2_S3_GE2_GL2_H2_MA1,0.1288991320636358
UBFC_MMPD,osc_real,100,subject27,subject27_L4_MO1_E1_S3_GE2_GL2_H2_MA1,0.5172082349385474
UBFC_MMPD,osc_real,100,subject27,subject27_L4_MO1_E2_S3_GE2_GL2_H2_MA1,0.2990447217521741
UBFC_MMPD,osc_real,100,subject27,subject27_L4_MO2_E2_S3_GE2_GL2_H2_MA1,0.1038187619012066
UBFC_MMPD,osc_real,100,subject27,subject27_L4_MO3_E2_S3_GE2_GL2_H2_MA1,0.14248429854462
UBFC_MMPD,osc_real,100,subject27,subject27_L4_MO4_E2_S3_GE2_GL2_H2_MA1,0.121007749382796
UBFC_MMPD,osc_real,100,subject28,subject28_L1_MO1_E1_S5_GE2_GL2_H2_MA2,0.1965282694790007
UBFC_MMPD,osc_real,100,subject28,subject28_L1_MO1_E2_S5_GE2_GL2_H2_MA2,0.1859422880746818
UBFC_MMPD,osc_real,100,subject28,subject28_L1_MO2_E2_S5_GE2_GL2_H2_MA2,0.1440410619422862
UBFC_MMPD,osc_real,100,subject28,subject28_L1_MO3_E2_S5_GE2_GL2_H2_MA2,0.1326209720379383
UBFC_MMPD,osc_real,100,subject28,subject28_L1_MO4_E2_S5_GE2_GL2_H2_MA2,0.1302822617899602
UBFC_MMPD,osc_real,100,subject28,subject28_L2_MO1_E1_S5_GE2_GL2_H2_MA2,0.1806157609661285
UBFC_MMPD,osc_real,100,subject28,subject28_L2_MO1_E2_S5_GE2_GL2_H2_MA2,0.2067553023268647
UBFC_MMPD,osc_real,100,subject28,subject28_L2_MO2_E2_S5_GE2_GL2_H2_MA2,0.103780828109112
UBFC_MMPD,osc_real,100,subject28,subject28_L2_MO3_E2_S5_GE2_GL2_H2_MA2,0.0890801990260126
UBFC_MMPD,osc_real,100,subject28,subject28_L2_MO4_E2_S5_GE2_GL2_H2_MA2,0.1354694708623343
UBFC_MMPD,osc_real,100,subject28,subject28_L3_MO1_E1_S5_GE2_GL2_H2_MA2,0.3385789010254582
UBFC_MMPD,osc_real,100,subject28,subject28_L3_MO1_E2_S5_GE2_GL2_H2_MA2,0.1962431181236615
UBFC_MMPD,osc_real,100,subject28,subject28_L3_MO2_E2_S5_GE2_GL2_H2_MA2,0.103893623975398
UBFC_MMPD,osc_real,100,subject28,subject28_L3_MO3_E2_S5_GE2_GL2_H2_MA2,0.1135613126450251
UBFC_MMPD,osc_real,100,subject28,subject28_L3_MO4_E2_S5_GE2_GL2_H2_MA2,0.105865053967177
UBFC_MMPD,osc_real,100,subject28,subject28_L4_MO1_E1_S5_GE2_GL2_H2_MA2,0.1257446016529455
UBFC_MMPD,osc_real,100,subject28,subject28_L4_MO1_E2_S5_GE2_GL2_H2_MA2,0.181242509032635
UBFC_MMPD,osc_real,100,subject28,subject28_L4_MO2_E2_S5_GE2_GL2_H2_MA2,0.0950181764031883
UBFC_MMPD,osc_real,100,subject28,subject28_L4_MO3_E2_S5_GE2_GL2_H2_MA2,0.1132947707904998
UBFC_MMPD,osc_real,100,subject28,subject28_L4_MO4_E2_S5_GE2_GL2_H2_MA2,0.1396556952429434
UBFC_MMPD,osc_real,100,subject29,subject29_L1_MO1_E1_S3_GE2_GL1_H1_MA2,0.1765760838109167
UBFC_MMPD,osc_real,100,subject29,subject29_L1_MO1_E2_S3_GE2_GL1_H1_MA2,0.3078682370964349
UBFC_MMPD,osc_real,100,subject29,subject29_L1_MO2_E2_S3_GE2_GL1_H1_MA2,0.2796670938951197
UBFC_MMPD,osc_real,100,subject29,subject29_L1_MO3_E2_S3_GE2_GL1_H1_MA2,0.3672055778258483
UBFC_MMPD,osc_real,100,subject29,subject29_L1_MO4_E2_S3_GE2_GL1_H1_MA2,0.0671180976222772
UBFC_MMPD,osc_real,100,subject29,subject29_L2_MO1_E1_S3_GE2_GL1_H1_MA2,0.2555330285493997
UBFC_MMPD,osc_real,100,subject29,subject29_L2_MO1_E2_S3_GE2_GL1_H1_MA2,0.3979359614306822
UBFC_MMPD,osc_real,100,subject29,subject29_L2_MO2_E2_S3_GE2_GL1_H1_MA2,0.360499430739092
UBFC_MMPD,osc_real,100,subject29,subject29_L2_MO3_E2_S3_GE2_GL1_H1_MA2,0.3525889445346934
UBFC_MMPD,osc_real,100,subject29,subject29_L2_MO4_E2_S3_GE2_GL1_H1_MA2,0.1576624105756164
UBFC_MMPD,osc_real,100,subject29,subject29_L3_MO1_E1_S3_GE2_GL1_H1_MA2,0.246527674386516
UBFC_MMPD,osc_real,100,subject29,subject29_L3_MO1_E2_S3_GE2_GL1_H1_MA2,0.6238212834649551
UBFC_MMPD,osc_real,100,subject29,subject29_L3_MO2_E2_S3_GE2_GL1_H1_MA2,0.3383325013146548
UBFC_MMPD,osc_real,100,subject29,subject29_L3_MO3_E2_S3_GE2_GL1_H1_MA2,0.4625588087192109
UBFC_MMPD,osc_real,100,subject29,subject29_L3_MO4_E2_S3_GE2_GL1_H1_MA2,0.143495152763892
UBFC_MMPD,osc_real,100,subject29,subject29_L4_MO1_E1_S3_GE2_GL1_H1_MA2,0.3132558547803236
UBFC_MMPD,osc_real,100,subject29,subject29_L4_MO1_E2_S3_GE2_GL1_H1_MA2,0.472104547074026
UBFC_MMPD,osc_real,100,subject29,subject29_L4_MO2_E2_S3_GE2_GL1_H1_MA2,0.2486375993130423
UBFC_MMPD,osc_real,100,subject29,subject29_L4_MO3_E2_S3_GE2_GL1_H1_MA2,0.3031851080762689
UBFC_MMPD,osc_real,100,subject29,subject29_L4_MO4_E2_S3_GE2_GL1_H1_MA2,0.1567175681193983
UBFC_MMPD,osc_real,100,subject2,subject2_L1_MO1_E1_S4_GE1_GL1_H1_MA2,0.1678121747605228
UBFC_MMPD,osc_real,100,subject2,subject2_L1_MO1_E2_S4_GE1_GL1_H1_MA2,0.3123853198869437
UBFC_MMPD,osc_real,100,subject2,subject2_L1_MO2_E2_S4_GE1_GL1_H1_MA2,0.1118527590341735
UBFC_MMPD,osc_real,100,subject2,subject2_L1_MO3_E2_S4_GE1_GL1_H1_MA2,0.3845106933665748
UBFC_MMPD,osc_real,100,subject2,subject2_L1_MO4_E2_S4_GE1_GL1_H1_MA2,0.1164669571494543
UBFC_MMPD,osc_real,100,subject2,subject2_L2_MO1_E1_S4_GE1_GL1_H1_MA2,0.1727342052811268
UBFC_MMPD,osc_real,100,subject2,subject2_L2_MO1_E2_S4_GE1_GL1_H1_MA2,0.3006958891209705
UBFC_MMPD,osc_real,100,subject2,subject2_L2_MO2_E2_S4_GE1_GL1_H1_MA2,0.0914800157575406
UBFC_MMPD,osc_real,100,subject2,subject2_L2_MO3_E2_S4_GE1_GL1_H1_MA2,0.3463483963196089
UBFC_MMPD,osc_real,100,subject2,subject2_L2_MO4_E2_S4_GE1_GL1_H1_MA2,0.1206407089833521
UBFC_MMPD,osc_real,100,subject2,subject2_L3_MO1_E1_S4_GE1_GL1_H1_MA2,0.3010507438415
UBFC_MMPD,osc_real,100,subject2,subject2_L3_MO1_E2_S4_GE1_GL1_H1_MA2,0.408322201433971
UBFC_MMPD,osc_real,100,subject2,subject2_L3_MO2_E2_S4_GE1_GL1_H1_MA2,0.1402520388744174
UBFC_MMPD,osc_real,100,subject2,subject2_L3_MO3_E2_S4_GE1_GL1_H1_MA2,0.3026056097531605
UBFC_MMPD,osc_real,100,subject2,subject2_L3_MO4_E2_S4_GE1_GL1_H1_MA2,0.1420037048778565
UBFC_MMPD,osc_real,100,subject2,subject2_L4_MO1_E1_S4_GE1_GL1_H1_MA2,0.1366819179328333
UBFC_MMPD,osc_real,100,subject2,subject2_L4_MO1_E2_S4_GE1_GL1_H1_MA2,0.417638187525843
UBFC_MMPD,osc_real,100,subject2,subject2_L4_MO2_E2_S4_GE1_GL1_H1_MA2,0.1372575827310817
UBFC_MMPD,osc_real,100,subject2,subject2_L4_MO3_E2_S4_GE1_GL1_H1_MA2,0.2332046990166501
UBFC_MMPD,osc_real,100,subject2,subject2_L4_MO4_E2_S4_GE1_GL1_H1_MA2,0.1564393079031583
UBFC_MMPD,osc_real,100,subject30,subject30_L1_MO1_E1_S6_GE1_GL2_H2_MA2,0.1391778070126246
UBFC_MMPD,osc_real,100,subject30,subject30_L1_MO1_E2_S6_GE1_GL2_H2_MA2,0.1479344013574027
UBFC_MMPD,osc_real,100,subject30,subject30_L1_MO2_E2_S6_GE1_GL2_H2_MA2,0.1037805774373988
UBFC_MMPD,osc_real,100,subject30,subject30_L1_MO3_E2_S6_GE1_GL2_H2_MA2,0.1272116701593417
UBFC_MMPD,osc_real,100,subject30,subject30_L1_MO4_E2_S6_GE1_GL2_H2_MA2,0.1309250697714014
UBFC_MMPD,osc_real,100,subject30,subject30_L2_MO1_E1_S6_GE1_GL2_H2_MA2,0.1541816383309896
UBFC_MMPD,osc_real,100,subject30,subject30_L2_MO1_E2_S6_GE1_GL2_H2_MA2,0.1458102696923188
UBFC_MMPD,osc_real,100,subject30,subject30_L2_MO2_E2_S6_GE1_GL2_H2_MA2,0.1031383721130742
UBFC_MMPD,osc_real,100,subject30,subject30_L2_MO3_E2_S6_GE1_GL2_H2_MA2,0.1221557813833121
UBFC_MMPD,osc_real,100,subject30,subject30_L2_MO4_E2_S6_GE1_GL2_H2_MA2,0.1199135047099201
UBFC_MMPD,osc_real,100,subject30,subject30_L3_MO1_E1_S6_GE1_GL2_H2_MA2,0.1719802169877033
UBFC_MMPD,osc_real,100,subject30,subject30_L3_MO1_E2_S6_GE1_GL2_H2_MA2,0.2745364332651545
UBFC_MMPD,osc_real,100,subject30,subject30_L3_MO2_E2_S6_GE1_GL2_H2_MA2,0.0636159675191308
UBFC_MMPD,osc_real,100,subject30,subject30_L3_MO3_E2_S6_GE1_GL2_H2_MA2,0.2726412505854453
UBFC_MMPD,osc_real,100,subject30,subject30_L3_MO4_E2_S6_GE1_GL2_H2_MA2,0.1872949067247141
UBFC_MMPD,osc_real,100,subject30,subject30_L4_MO1_E1_S6_GE1_GL2_H2_MA2,0.128667331549305
UBFC_MMPD,osc_real,100,subject30,subject30_L4_MO1_E2_S6_GE1_GL2_H2_MA2,0.1207013937292768
UBFC_MMPD,osc_real,100,subject30,subject30_L4_MO2_E2_S6_GE1_GL2_H2_MA2,0.1085764258714502
UBFC_MMPD,osc_real,100,subject30,subject30_L4_MO3_E2_S6_GE1_GL2_H2_MA2,0.1508187390420514
UBFC_MMPD,osc_real,100,subject30,subject30_L4_MO4_E2_S6_GE1_GL2_H2_MA2,0.1645733600297674
UBFC_MMPD,osc_real,100,subject31,subject31_L1_MO1_E1_S5_GE1_GL2_H2_MA2,0.0635075071776428
UBFC_MMPD,osc_real,100,subject31,subject31_L1_MO1_E2_S5_GE1_GL2_H2_MA2,0.168438870282309
UBFC_MMPD,osc_real,100,subject31,subject31_L1_MO2_E2_S5_GE1_GL2_H2_MA2,0.0762103774539674
UBFC_MMPD,osc_real,100,subject31,subject31_L1_MO3_E2_S5_GE1_GL2_H2_MA2,0.1204487620448867
UBFC_MMPD,osc_real,100,subject31,subject31_L1_MO4_E2_S5_GE1_GL2_H2_MA2,0.1410301741780099
UBFC_MMPD,osc_real,100,subject31,subject31_L2_MO1_E1_S5_GE1_GL2_H2_MA2,0.189812968724693
UBFC_MMPD,osc_real,100,subject31,subject31_L2_MO1_E2_S5_GE1_GL2_H2_MA2,0.1178629163412833
UBFC_MMPD,osc_real,100,subject31,subject31_L2_MO2_E2_S5_GE1_GL2_H2_MA2,0.1131098617754263
UBFC_MMPD,osc_real,100,subject31,subject31_L2_MO3_E2_S5_GE1_GL2_H2_MA2,0.2012837878556266
UBFC_MMPD,osc_real,100,subject31,subject31_L2_MO4_E2_S5_GE1_GL2_H2_MA2,0.1761068164724497
UBFC_MMPD,osc_real,100,subject31,subject31_L3_MO1_E1_S5_GE1_GL2_H2_MA2,0.1514243580163731
UBFC_MMPD,osc_real,100,subject31,subject31_L3_MO1_E2_S5_GE1_GL2_H2_MA2,0.1458700862785461
UBFC_MMPD,osc_real,100,subject31,subject31_L3_MO2_E2_S5_GE1_GL2_H2_MA2,0.0986092824641407
UBFC_MMPD,osc_real,100,subject31,subject31_L3_MO3_E2_S5_GE1_GL2_H2_MA2,0.1194405823224825
UBFC_MMPD,osc_real,100,subject31,subject31_L3_MO4_E2_S5_GE1_GL2_H2_MA2,0.1876679258336644
UBFC_MMPD,osc_real,100,subject31,subject31_L4_MO1_E1_S5_GE1_GL2_H2_MA2,0.0937020957920652
UBFC_MMPD,osc_real,100,subject31,subject31_L4_MO1_E2_S5_GE1_GL2_H2_MA2,0.1295238471038381
UBFC_MMPD,osc_real,100,subject31,subject31_L4_MO2_E2_S5_GE1_GL2_H2_MA2,0.0647255925504588
UBFC_MMPD,osc_real,100,subject31,subject31_L4_MO3_E2_S5_GE1_GL2_H2_MA2,0.1455738403031819
UBFC_MMPD,osc_real,100,subject31,subject31_L4_MO4_E2_S5_GE1_GL2_H2_MA2,0.19669711036963
UBFC_MMPD,osc_real,100,subject32,subject32_L1_MO1_E1_S3_GE2_GL2_H2_MA2,0.6911476094410697
UBFC_MMPD,osc_real,100,subject32,subject32_L1_MO1_E2_S3_GE2_GL2_H2_MA2,0.6095032697999568
UBFC_MMPD,osc_real,100,subject32,subject32_L1_MO2_E2_S3_GE2_GL2_H2_MA2,0.4043843270327547
UBFC_MMPD,osc_real,100,subject32,subject32_L1_MO3_E2_S3_GE2_GL2_H2_MA2,0.5184329600326237
UBFC_MMPD,osc_real,100,subject32,subject32_L1_MO4_E2_S3_GE2_GL2_H2_MA2,0.1595054099512661
UBFC_MMPD,osc_real,100,subject32,subject32_L2_MO1_E1_S3_GE2_GL2_H2_MA2,0.7306441905042858
UBFC_MMPD,osc_real,100,subject32,subject32_L2_MO1_E2_S3_GE2_GL2_H2_MA2,0.61514236645658
UBFC_MMPD,osc_real,100,subject32,subject32_L2_MO2_E2_S3_GE2_GL2_H2_MA2,0.4346742704320351
UBFC_MMPD,osc_real,100,subject32,subject32_L2_MO3_E2_S3_GE2_GL2_H2_MA2,0.4708011746354457
UBFC_MMPD,osc_real,100,subject32,subject32_L2_MO4_E2_S3_GE2_GL2_H2_MA2,0.1276358910254204
UBFC_MMPD,osc_real,100,subject32,subject32_L3_MO1_E1_S3_GE2_GL2_H2_MA2,0.6898574477449892
UBFC_MMPD,osc_real,100,subject32,subject32_L3_MO1_E2_S3_GE2_GL2_H2_MA2,0.6691897305019692
UBFC_MMPD,osc_real,100,subject32,subject32_L3_MO2_E2_S3_GE2_GL2_H2_MA2,0.5891212295793978
UBFC_MMPD,osc_real,100,subject32,subject32_L3_MO3_E2_S3_GE2_GL2_H2_MA2,0.5094249846427064
UBFC_MMPD,osc_real,100,subject32,subject32_L3_MO4_E2_S3_GE2_GL2_H2_MA2,0.1045807729637486
UBFC_MMPD,osc_real,100,subject32,subject32_L4_MO1_E1_S3_GE2_GL2_H2_MA2,0.6344655979935029
UBFC_MMPD,osc_real,100,subject32,subject32_L4_MO1_E2_S3_GE2_GL2_H2_MA2,0.4328614075284174
UBFC_MMPD,osc_real,100,subject32,subject32_L4_MO2_E2_S3_GE2_GL2_H2_MA2,0.2533366629933636
UBFC_MMPD,osc_real,100,subject32,subject32_L4_MO3_E2_S3_GE2_GL2_H2_MA2,0.3082255674910753
UBFC_MMPD,osc_real,100,subject32,subject32_L4_MO4_E2_S3_GE2_GL2_H2_MA2,0.2195220284396497
UBFC_MMPD,osc_real,100,subject33,subject33_L1_MO1_E1_S3_GE2_GL2_H2_MA2,0.1114762921043004
UBFC_MMPD,osc_real,100,subject33,subject33_L1_MO1_E2_S3_GE2_GL2_H2_MA2,0.2391378791456155
UBFC_MMPD,osc_real,100,subject33,subject33_L1_MO2_E2_S3_GE2_GL2_H2_MA2,0.1767581116364354
UBFC_MMPD,osc_real,100,subject33,subject33_L1_MO3_E2_S3_GE2_GL2_H2_MA2,0.4429776167049103
UBFC_MMPD,osc_real,100,subject33,subject33_L1_MO4_E2_S3_GE2_GL2_H2_MA2,0.1126168380143812
UBFC_MMPD,osc_real,100,subject33,subject33_L2_MO1_E1_S3_GE2_GL2_H2_MA2,0.3431969611906336
UBFC_MMPD,osc_real,100,subject33,subject33_L2_MO1_E2_S3_GE2_GL2_H2_MA2,0.2592646698124355
UBFC_MMPD,osc_real,100,subject33,subject33_L2_MO2_E2_S3_GE2_GL2_H2_MA2,0.2287395644561878
UBFC_MMPD,osc_real,100,subject33,subject33_L2_MO3_E2_S3_GE2_GL2_H2_MA2,0.338463744496775
UBFC_MMPD,osc_real,100,subject33,subject33_L2_MO4_E2_S3_GE2_GL2_H2_MA2,0.1565876234757605
UBFC_MMPD,osc_real,100,subject33,subject33_L3_MO1_E1_S3_GE2_GL2_H2_MA2,0.2707138734884662
UBFC_MMPD,osc_real,100,subject33,subject33_L3_MO1_E2_S3_GE2_GL2_H2_MA2,0.3979142966425129
UBFC_MMPD,osc_real,100,subject33,subject33_L3_MO2_E2_S3_GE2_GL2_H2_MA2,0.2309420387379839
UBFC_MMPD,osc_real,100,subject33,subject33_L3_MO3_E2_S3_GE2_GL2_H2_MA2,0.3564097417707267
UBFC_MMPD,osc_real,100,subject33,subject33_L3_MO4_E2_S3_GE2_GL2_H2_MA2,0.1615259286425204
UBFC_MMPD,osc_real,100,subject33,subject33_L4_MO1_E1_S3_GE2_GL2_H2_MA2,0.1909551343212202
UBFC_MMPD,osc_real,100,subject33,subject33_L4_MO1_E2_S3_GE2_GL2_H2_MA2,0.2748848006252175
UBFC_MMPD,osc_real,100,subject33,subject33_L4_MO2_E2_S3_GE2_GL2_H2_MA2,0.1584293290473126
UBFC_MMPD,osc_real,100,subject33,subject33_L4_MO3_E2_S3_GE2_GL2_H2_MA2,0.20473185276097
UBFC_MMPD,osc_real,100,subject33,subject33_L4_MO4_E2_S3_GE2_GL2_H2_MA2,0.1390288548321485
UBFC_MMPD,osc_real,100,subject3,subject3_L1_MO1_E1_S3_GE1_GL2_H1_MA2,0.1587654581981034
UBFC_MMPD,osc_real,100,subject3,subject3_L1_MO1_E2_S3_GE1_GL2_H1_MA2,0.1299701175023829
UBFC_MMPD,osc_real,100,subject3,subject3_L1_MO2_E2_S3_GE1_GL2_H1_MA2,0.1631753524355368
UBFC_MMPD,osc_real,100,subject3,subject3_L1_MO3_E2_S3_GE1_GL2_H1_MA2,0.117362302553436
UBFC_MMPD,osc_real,100,subject3,subject3_L1_MO4_E2_S3_GE1_GL2_H1_MA2,0.1306376955362541
UBFC_MMPD,osc_real,100,subject3,subject3_L2_MO1_E1_S3_GE1_GL2_H1_MA2,0.1337702193014133
UBFC_MMPD,osc_real,100,subject3,subject3_L2_MO1_E2_S3_GE1_GL2_H1_MA2,0.1340608594958711
UBFC_MMPD,osc_real,100,subject3,subject3_L2_MO2_E2_S3_GE1_GL2_H1_MA2,0.1393496812017572
UBFC_MMPD,osc_real,100,subject3,subject3_L2_MO3_E2_S3_GE1_GL2_H1_MA2,0.1189625040417727
UBFC_MMPD,osc_real,100,subject3,subject3_L2_MO4_E2_S3_GE1_GL2_H1_MA2,0.1857755247874037
UBFC_MMPD,osc_real,100,subject3,subject3_L3_MO1_E1_S3_GE1_GL2_H1_MA2,0.1635063181731242
UBFC_MMPD,osc_real,100,subject3,subject3_L3_MO1_E2_S3_GE1_GL2_H1_MA2,0.1488902608207313
UBFC_MMPD,osc_real,100,subject3,subject3_L3_MO2_E2_S3_GE1_GL2_H1_MA2,0.1386633795424225
UBFC_MMPD,osc_real,100,subject3,subject3_L3_MO3_E2_S3_GE1_GL2_H1_MA2,0.178910532894842
UBFC_MMPD,osc_real,100,subject3,subject3_L3_MO4_E2_S3_GE1_GL2_H1_MA2,0.163674687455258
UBFC_MMPD,osc_real,100,subject3,subject3_L4_MO1_E1_S3_GE1_GL2_H1_MA2,0.1005382314946533
UBFC_MMPD,osc_real,100,subject3,subject3_L4_MO1_E2_S3_GE1_GL2_H1_MA2,0.1461189784599957
UBFC_MMPD,osc_real,100,subject3,subject3_L4_MO2_E2_S3_GE1_GL2_H1_MA2,0.1690640298903225
UBFC_MMPD,osc_real,100,subject3,subject3_L4_MO3_E2_S3_GE1_GL2_H1_MA2,0.1425768173098005
UBFC_MMPD,osc_real,100,subject3,subject3_L4_MO4_E2_S3_GE1_GL2_H1_MA2,0.1341795684037408
UBFC_MMPD,osc_real,100,subject4,subject4_L1_MO1_E1_S3_GE1_GL2_H1_MA2,0.4073582942218823
UBFC_MMPD,osc_real,100,subject4,subject4_L1_MO1_E2_S3_GE1_GL2_H1_MA2,0.169562706523022
UBFC_MMPD,osc_real,100,subject4,subject4_L1_MO2_E2_S3_GE1_GL2_H1_MA2,0.1315583395426398
UBFC_MMPD,osc_real,100,subject4,subject4_L1_MO3_E2_S3_GE1_GL2_H1_MA2,0.1389138573913032
UBFC_MMPD,osc_real,100,subject4,subject4_L1_MO4_E2_S3_GE1_GL2_H1_MA2,0.1202584883267287
UBFC_MMPD,osc_real,100,subject4,subject4_L2_MO1_E1_S3_GE1_GL2_H1_MA2,0.2247104101938626
UBFC_MMPD,osc_real,100,subject4,subject4_L2_MO1_E2_S3_GE1_GL2_H1_MA2,0.3431304830937617
UBFC_MMPD,osc_real,100,subject4,subject4_L2_MO2_E2_S3_GE1_GL2_H1_MA2,0.12986519910212
UBFC_MMPD,osc_real,100,subject4,subject4_L2_MO3_E2_S3_GE1_GL2_H1_MA2,0.1582796353400886
UBFC_MMPD,osc_real,100,subject4,subject4_L2_MO4_E2_S3_GE1_GL2_H1_MA2,0.1374044020367446
UBFC_MMPD,osc_real,100,subject4,subject4_L3_MO1_E1_S3_GE1_GL2_H1_MA2,0.4117059290275423
UBFC_MMPD,osc_real,100,subject4,subject4_L3_MO1_E2_S3_GE1_GL2_H1_MA2,0.3006254750407864
UBFC_MMPD,osc_real,100,subject4,subject4_L3_MO2_E2_S3_GE1_GL2_H1_MA2,0.1001657402118187
UBFC_MMPD,osc_real,100,subject4,subject4_L3_MO3_E2_S3_GE1_GL2_H1_MA2,0.2583929089176848
UBFC_MMPD,osc_real,100,subject4,subject4_L3_MO4_E2_S3_GE1_GL2_H1_MA2,0.1080401540571469
UBFC_MMPD,osc_real,100,subject4,subject4_L4_MO1_E1_S3_GE1_GL2_H1_MA2,0.3116504784212498
UBFC_MMPD,osc_real,100,subject4,subject4_L4_MO1_E2_S3_GE1_GL2_H1_MA2,0.3440569537050584
UBFC_MMPD,osc_real,100,subject4,subject4_L4_MO2_E2_S3_GE1_GL2_H1_MA2,0.1334115625682875
UBFC_MMPD,osc_real,100,subject4,subject4_L4_MO3_E2_S3_GE1_GL2_H1_MA2,0.1993199765372143
UBFC_MMPD,osc_real,100,subject4,subject4_L4_MO4_E2_S3_GE1_GL2_H1_MA2,0.1264810580711197
UBFC_MMPD,osc_real,100,subject5,subject5_L1_MO1_E1_S3_GE2_GL1_H1_MA1,0.2479863923099948
UBFC_MMPD,osc_real,100,subject5,subject5_L1_MO1_E2_S3_GE2_GL1_H1_MA1,0.212719500335199
UBFC_MMPD,osc_real,100,subject5,subject5_L1_MO2_E2_S3_GE2_GL1_H1_MA1,0.1384809831463517
UBFC_MMPD,osc_real,100,subject5,subject5_L1_MO3_E2_S3_GE2_GL1_H1_MA1,0.3371201718570707
UBFC_MMPD,osc_real,100,subject5,subject5_L1_MO4_E2_S3_GE2_GL1_H1_MA1,0.1341924297863026
UBFC_MMPD,osc_real,100,subject5,subject5_L2_MO1_E1_S3_GE2_GL1_H1_MA1,0.3372092610333998
UBFC_MMPD,osc_real,100,subject5,subject5_L2_MO1_E2_S3_GE2_GL1_H1_MA1,0.2585358235111735
UBFC_MMPD,osc_real,100,subject5,subject5_L2_MO2_E2_S3_GE2_GL1_H1_MA1,0.1076699508957331
UBFC_MMPD,osc_real,100,subject5,subject5_L2_MO3_E2_S3_GE2_GL1_H1_MA1,0.2730501462139397
UBFC_MMPD,osc_real,100,subject5,subject5_L2_MO4_E2_S3_GE2_GL1_H1_MA1,0.1387846223604392
UBFC_MMPD,osc_real,100,subject5,subject5_L3_MO1_E1_S3_GE2_GL1_H1_MA1,0.1688297872497376
UBFC_MMPD,osc_real,100,subject5,subject5_L3_MO1_E2_S3_GE2_GL1_H1_MA1,0.371900938446588
UBFC_MMPD,osc_real,100,subject5,subject5_L3_MO2_E2_S3_GE2_GL1_H1_MA1,0.1278725987494353
UBFC_MMPD,osc_real,100,subject5,subject5_L3_MO3_E2_S3_GE2_GL1_H1_MA1,0.1502879551278983
UBFC_MMPD,osc_real,100,subject5,subject5_L3_MO4_E2_S3_GE2_GL1_H1_MA1,0.1379114818512452
UBFC_MMPD,osc_real,100,subject5,subject5_L4_MO1_E1_S3_GE2_GL1_H1_MA1,0.3657671180269609
UBFC_MMPD,osc_real,100,subject5,subject5_L4_MO1_E2_S3_GE2_GL1_H1_MA1,0.2815042027584222
UBFC_MMPD,osc_real,100,subject5,subject5_L4_MO2_E2_S3_GE2_GL1_H1_MA1,0.131634696754863
UBFC_MMPD,osc_real,100,subject5,subject5_L4_MO3_E2_S3_GE2_GL1_H1_MA1,0.2093579042473748
UBFC_MMPD,osc_real,100,subject5,subject5_L4_MO4_E2_S3_GE2_GL1_H1_MA1,0.1422761316458915
UBFC_MMPD,osc_real,100,subject6,subject6_L1_MO1_E1_S3_GE1_GL2_H2_MA2,0.3042933444791889
UBFC_MMPD,osc_real,100,subject6,subject6_L1_MO1_E2_S3_GE1_GL2_H2_MA2,0.3289940604275569
UBFC_MMPD,osc_real,100,subject6,subject6_L1_MO2_E2_S3_GE1_GL2_H2_MA2,0.1881441508166143
UBFC_MMPD,osc_real,100,subject6,subject6_L1_MO3_E2_S3_GE1_GL2_H2_MA2,0.2838827822327389
UBFC_MMPD,osc_real,100,subject6,subject6_L1_MO4_E2_S3_GE1_GL2_H2_MA2,0.1763272696541666
UBFC_MMPD,osc_real,100,subject6,subject6_L2_MO1_E1_S3_GE1_GL2_H2_MA2,0.1331213386589135
UBFC_MMPD,osc_real,100,subject6,subject6_L2_MO1_E2_S3_GE1_GL2_H2_MA2,0.1819293736746652
UBFC_MMPD,osc_real,100,subject6,subject6_L2_MO2_E2_S3_GE1_GL2_H2_MA2,0.1420148176598166
UBFC_MMPD,osc_real,100,subject6,subject6_L2_MO3_E2_S3_GE1_GL2_H2_MA2,0.1818972420514273
UBFC_MMPD,osc_real,100,subject6,subject6_L2_MO4_E2_S3_GE1_GL2_H2_MA2,0.1282542562354648
UBFC_MMPD,osc_real,100,subject6,subject6_L3_MO1_E1_S3_GE1_GL2_H2_MA2,0.1348004119848063
UBFC_MMPD,osc_real,100,subject6,subject6_L3_MO1_E2_S3_GE1_GL2_H2_MA2,0.2985750315657232
UBFC_MMPD,osc_real,100,subject6,subject6_L3_MO2_E2_S3_GE1_GL2_H2_MA2,0.0963104557672297
UBFC_MMPD,osc_real,100,subject6,subject6_L3_MO3_E2_S3_GE1_GL2_H2_MA2,0.3224106318853107
UBFC_MMPD,osc_real,100,subject6,subject6_L3_MO4_E2_S3_GE1_GL2_H2_MA2,0.1013074465863636
UBFC_MMPD,osc_real,100,subject6,subject6_L4_MO1_E1_S3_GE1_GL2_H2_MA2,0.3510668469778093
UBFC_MMPD,osc_real,100,subject6,subject6_L4_MO1_E2_S3_GE1_GL2_H2_MA2,0.2636209240326002
UBFC_MMPD,osc_real,100,subject6,subject6_L4_MO2_E2_S3_GE1_GL2_H2_MA2,0.2164656892196145
UBFC_MMPD,osc_real,100,subject6,subject6_L4_MO3_E2_S3_GE1_GL2_H2_MA2,0.2709737569175286
UBFC_MMPD,osc_real,100,subject6,subject6_L4_MO4_E2_S3_GE1_GL2_H2_MA2,0.0813498644219355
UBFC_MMPD,osc_real,100,subject7,subject7_L1_MO1_E1_S5_GE1_GL1_H2_MA2,0.1924958761951068
UBFC_MMPD,osc_real,100,subject7,subject7_L1_MO1_E2_S5_GE1_GL1_H2_MA2,0.1057047336590642
UBFC_MMPD,osc_real,100,subject7,subject7_L1_MO2_E2_S5_GE1_GL1_H2_MA2,0.1294266078707537
UBFC_MMPD,osc_real,100,subject7,subject7_L2_MO1_E1_S5_GE1_GL1_H2_MA2,0.226188476141935
UBFC_MMPD,osc_real,100,subject7,subject7_L3_MO1_E1_S5_GE1_GL1_H2_MA2,0.1463501879820398
UBFC_MMPD,osc_real,100,subject7,subject7_L3_MO3_E2_S5_GE1_GL1_H2_MA2,0.1079876927157081
UBFC_MMPD,osc_real,100,subject7,subject7_L3_MO4_E2_S5_GE1_GL1_H2_MA2,0.0959929369501767
UBFC_MMPD,osc_real,100,subject7,subject7_L4_MO1_E1_S5_GE1_GL1_H2_MA2,0.1489599604790183
UBFC_MMPD,osc_real,100,subject7,subject7_L4_MO1_E2_S5_GE1_GL1_H2_MA2,0.3339173200934638
UBFC_MMPD,osc_real,100,subject7,subject7_L4_MO2_E2_S5_GE1_GL1_H2_MA2,0.1246156218515321
UBFC_MMPD,osc_real,100,subject7,subject7_L4_MO3_E2_S5_GE1_GL1_H2_MA2,0.1311896074002857
UBFC_MMPD,osc_real,100,subject7,subject7_L4_MO4_E2_S5_GE1_GL1_H2_MA2,0.126284481962499
UBFC_MMPD,osc_real,202,subject10,subject10_L1_MO1_E1_S4_GE2_GL2_H2_MA2,0.2397885781695709
UBFC_MMPD,osc_real,202,subject10,subject10_L1_MO1_E2_S4_GE2_GL2_H2_MA2,0.2387884978987986
UBFC_MMPD,osc_real,202,subject10,subject10_L1_MO2_E2_S4_GE2_GL2_H2_MA2,0.1367992464779472
UBFC_MMPD,osc_real,202,subject10,subject10_L1_MO3_E2_S4_GE2_GL2_H2_MA2,0.1731597831283365
UBFC_MMPD,osc_real,202,subject10,subject10_L1_MO4_E2_S4_GE2_GL2_H2_MA2,0.1514906876912254
UBFC_MMPD,osc_real,202,subject10,subject10_L2_MO1_E1_S4_GE2_GL2_H2_MA2,0.1652188928726028
UBFC_MMPD,osc_real,202,subject10,subject10_L2_MO1_E2_S4_GE2_GL2_H2_MA2,0.2358404092818024
UBFC_MMPD,osc_real,202,subject10,subject10_L2_MO2_E2_S4_GE2_GL2_H2_MA2,0.1185531751868514
UBFC_MMPD,osc_real,202,subject10,subject10_L2_MO3_E2_S4_GE2_GL2_H2_MA2,0.0949665477739609
UBFC_MMPD,osc_real,202,subject10,subject10_L2_MO4_E2_S4_GE2_GL2_H2_MA2,0.1240269423729703
UBFC_MMPD,osc_real,202,subject10,subject10_L3_MO1_E1_S4_GE2_GL2_H2_MA2,0.117345385488555
UBFC_MMPD,osc_real,202,subject10,subject10_L3_MO1_E2_S4_GE2_GL2_H2_MA2,0.2081416672006751
UBFC_MMPD,osc_real,202,subject10,subject10_L3_MO2_E2_S4_GE2_GL2_H2_MA2,0.1126987224664334
UBFC_MMPD,osc_real,202,subject10,subject10_L3_MO3_E2_S4_GE2_GL2_H2_MA2,0.1492807513171667
UBFC_MMPD,osc_real,202,subject10,subject10_L3_MO4_E2_S4_GE2_GL2_H2_MA2,0.1433891443490449
UBFC_MMPD,osc_real,202,subject10,subject10_L4_MO1_E1_S4_GE2_GL2_H2_MA2,0.1103728903563065
UBFC_MMPD,osc_real,202,subject10,subject10_L4_MO1_E2_S4_GE2_GL2_H2_MA2,0.0828617527789822
UBFC_MMPD,osc_real,202,subject10,subject10_L4_MO2_E2_S4_GE2_GL2_H2_MA2,0.0933315886328915
UBFC_MMPD,osc_real,202,subject10,subject10_L4_MO3_E2_S4_GE2_GL2_H2_MA2,0.1269286905104909
UBFC_MMPD,osc_real,202,subject10,subject10_L4_MO4_E2_S4_GE2_GL2_H2_MA2,0.148850002601122
UBFC_MMPD,osc_real,202,subject11,subject11_L1_MO1_E1_S5_GE1_GL2_H2_MA2,0.1600887391203178
UBFC_MMPD,osc_real,202,subject11,subject11_L1_MO1_E2_S5_GE1_GL2_H2_MA2,0.1737865140831543
UBFC_MMPD,osc_real,202,subject11,subject11_L1_MO2_E2_S5_GE1_GL2_H2_MA2,0.1418992290915264
UBFC_MMPD,osc_real,202,subject11,subject11_L1_MO3_E2_S5_GE1_GL2_H2_MA2,0.1486720051229671
UBFC_MMPD,osc_real,202,subject11,subject11_L1_MO4_E2_S5_GE1_GL2_H2_MA2,0.1330867001703931
UBFC_MMPD,osc_real,202,subject11,subject11_L2_MO1_E1_S5_GE1_GL2_H2_MA2,0.1204437496931107
UBFC_MMPD,osc_real,202,subject11,subject11_L2_MO1_E2_S5_GE1_GL2_H2_MA2,0.1630094644329859
UBFC_MMPD,osc_real,202,subject11,subject11_L2_MO2_E2_S5_GE1_GL2_H2_MA2,0.0912187194107642
UBFC_MMPD,osc_real,202,subject11,subject11_L2_MO3_E2_S5_GE1_GL2_H2_MA2,0.1325021178884001
UBFC_MMPD,osc_real,202,subject11,subject11_L2_MO4_E2_S5_GE1_GL2_H2_MA2,0.128328797154234
UBFC_MMPD,osc_real,202,subject11,subject11_L3_MO1_E1_S5_GE1_GL2_H2_MA2,0.2107071294368075
UBFC_MMPD,osc_real,202,subject11,subject11_L3_MO1_E2_S5_GE1_GL2_H2_MA2,0.257494848966029
UBFC_MMPD,osc_real,202,subject11,subject11_L3_MO2_E2_S5_GE1_GL2_H2_MA2,0.1237608629784591
UBFC_MMPD,osc_real,202,subject11,subject11_L3_MO3_E2_S5_GE1_GL2_H2_MA2,0.1145404417477041
UBFC_MMPD,osc_real,202,subject11,subject11_L3_MO4_E2_S5_GE1_GL2_H2_MA2,0.1194023980831332
UBFC_MMPD,osc_real,202,subject11,subject11_L4_MO1_E1_S5_GE1_GL2_H2_MA2,0.0967405038242388
UBFC_MMPD,osc_real,202,subject11,subject11_L4_MO1_E2_S5_GE1_GL2_H2_MA2,0.2274222640766195
UBFC_MMPD,osc_real,202,subject11,subject11_L4_MO2_E2_S5_GE1_GL2_H2_MA2,0.1686575545814174
UBFC_MMPD,osc_real,202,subject11,subject11_L4_MO3_E2_S5_GE1_GL2_H2_MA2,0.2149827172481166
UBFC_MMPD,osc_real,202,subject11,subject11_L4_MO4_E2_S5_GE1_GL2_H2_MA2,0.1348359072925046
UBFC_MMPD,osc_real,202,subject12,subject12_L1_MO1_E1_S3_GE2_GL1_H2_MA2,0.0926435934720372
UBFC_MMPD,osc_real,202,subject12,subject12_L1_MO1_E2_S3_GE2_GL1_H2_MA2,0.1638333581883057
UBFC_MMPD,osc_real,202,subject12,subject12_L1_MO2_E2_S3_GE2_GL1_H2_MA2,0.09652076450997
UBFC_MMPD,osc_real,202,subject12,subject12_L1_MO3_E2_S3_GE2_GL1_H2_MA2,0.1073888712727833
UBFC_MMPD,osc_real,202,subject12,subject12_L1_MO4_E2_S3_GE2_GL1_H2_MA2,0.1272567014511347
UBFC_MMPD,osc_real,202,subject12,subject12_L2_MO1_E1_S3_GE2_GL1_H2_MA2,0.1773190026596997
UBFC_MMPD,osc_real,202,subject12,subject12_L2_MO1_E2_S3_GE2_GL1_H2_MA2,0.2000156030019395
UBFC_MMPD,osc_real,202,subject12,subject12_L2_MO2_E2_S3_GE2_GL1_H2_MA2,0.1151221725960443
UBFC_MMPD,osc_real,202,subject12,subject12_L2_MO3_E2_S3_GE2_GL1_H2_MA2,0.1892034256537544
UBFC_MMPD,osc_real,202,subject12,subject12_L2_MO4_E2_S3_GE2_GL1_H2_MA2,0.1341125497307863
UBFC_MMPD,osc_real,202,subject12,subject12_L3_MO1_E1_S3_GE2_GL1_H2_MA2,0.2577138726203757
UBFC_MMPD,osc_real,202,subject12,subject12_L3_MO1_E2_S3_GE2_GL1_H2_MA2,0.2615850333286906
UBFC_MMPD,osc_real,202,subject12,subject12_L3_MO2_E2_S3_GE2_GL1_H2_MA2,0.1114362312838477
UBFC_MMPD,osc_real,202,subject12,subject12_L3_MO3_E2_S3_GE2_GL1_H2_MA2,0.1483856335221915
UBFC_MMPD,osc_real,202,subject12,subject12_L3_MO4_E2_S3_GE2_GL1_H2_MA2,0.169139121675299
UBFC_MMPD,osc_real,202,subject12,subject12_L4_MO1_E1_S3_GE2_GL1_H2_MA2,0.1953251251928938
UBFC_MMPD,osc_real,202,subject12,subject12_L4_MO1_E2_S3_GE2_GL1_H2_MA2,0.33515032318544
UBFC_MMPD,osc_real,202,subject12,subject12_L4_MO2_E2_S3_GE2_GL1_H2_MA2,0.1296613713376058
UBFC_MMPD,osc_real,202,subject12,subject12_L4_MO3_E2_S3_GE2_GL1_H2_MA2,0.1410428304329436
UBFC_MMPD,osc_real,202,subject12,subject12_L4_MO4_E2_S3_GE2_GL1_H2_MA2,0.1296393472857324
UBFC_MMPD,osc_real,202,subject13,subject13_L1_MO1_E1_S5_GE1_GL2_H2_MA2,0.0929906644378955
UBFC_MMPD,osc_real,202,subject13,subject13_L1_MO1_E2_S5_GE1_GL2_H2_MA2,0.2015330847034179
UBFC_MMPD,osc_real,202,subject13,subject13_L1_MO2_E2_S5_GE1_GL2_H2_MA2,0.1557071704023169
UBFC_MMPD,osc_real,202,subject13,subject13_L1_MO3_E2_S5_GE1_GL2_H2_MA2,0.2484101126330494
UBFC_MMPD,osc_real,202,subject13,subject13_L1_MO4_E2_S5_GE1_GL2_H2_MA2,0.145143059978871
UBFC_MMPD,osc_real,202,subject13,subject13_L2_MO1_E1_S5_GE1_GL2_H2_MA2,0.0651836266487411
UBFC_MMPD,osc_real,202,subject13,subject13_L2_MO1_E2_S5_GE1_GL2_H2_MA2,0.2865142389330797
UBFC_MMPD,osc_real,202,subject13,subject13_L2_MO2_E2_S5_GE1_GL2_H2_MA2,0.0874298334875404
UBFC_MMPD,osc_real,202,subject13,subject13_L2_MO3_E2_S5_GE1_GL2_H2_MA2,0.2033820719699001
UBFC_MMPD,osc_real,202,subject13,subject13_L2_MO4_E2_S5_GE1_GL2_H2_MA2,0.1819106971981346
UBFC_MMPD,osc_real,202,subject13,subject13_L3_MO1_E1_S5_GE1_GL2_H2_MA2,0.1680033816064308
UBFC_MMPD,osc_real,202,subject13,subject13_L3_MO1_E2_S5_GE1_GL2_H2_MA2,0.3926502040853494
UBFC_MMPD,osc_real,202,subject13,subject13_L3_MO2_E2_S5_GE1_GL2_H2_MA2,0.0978442786052702
UBFC_MMPD,osc_real,202,subject13,subject13_L3_MO3_E2_S5_GE1_GL2_H2_MA2,0.4016868215005315
UBFC_MMPD,osc_real,202,subject13,subject13_L3_MO4_E2_S5_GE1_GL2_H2_MA2,0.078181376383478
UBFC_MMPD,osc_real,202,subject13,subject13_L4_MO1_E1_S5_GE1_GL2_H2_MA2,0.1384343160465385
UBFC_MMPD,osc_real,202,subject13,subject13_L4_MO1_E2_S5_GE1_GL2_H2_MA2,0.5640144817481345
UBFC_MMPD,osc_real,202,subject13,subject13_L4_MO2_E2_S5_GE1_GL2_H2_MA2,0.1068638110156894
UBFC_MMPD,osc_real,202,subject13,subject13_L4_MO3_E2_S5_GE1_GL2_H2_MA2,0.343715471772823
UBFC_MMPD,osc_real,202,subject13,subject13_L4_MO4_E2_S5_GE1_GL2_H2_MA2,0.1277896396323491
UBFC_MMPD,osc_real,202,subject14,subject14_L1_MO1_E1_S6_GE1_GL2_H2_MA2,0.0972010763432039
UBFC_MMPD,osc_real,202,subject14,subject14_L1_MO1_E2_S6_GE1_GL2_H2_MA2,0.1425544597208094
UBFC_MMPD,osc_real,202,subject14,subject14_L1_MO2_E2_S6_GE1_GL2_H2_MA2,0.0865186610989088
UBFC_MMPD,osc_real,202,subject14,subject14_L1_MO3_E2_S6_GE1_GL2_H2_MA2,0.1358870565513142
UBFC_MMPD,osc_real,202,subject14,subject14_L1_MO4_E2_S6_GE1_GL2_H2_MA2,0.1845585617103538
UBFC_MMPD,osc_real,202,subject14,subject14_L2_MO1_E1_S6_GE1_GL2_H2_MA2,0.0830198581852123
UBFC_MMPD,osc_real,202,subject14,subject14_L2_MO1_E2_S6_GE1_GL2_H2_MA2,0.183950152301686
UBFC_MMPD,osc_real,202,subject14,subject14_L2_MO2_E2_S6_GE1_GL2_H2_MA2,0.1374859527396073
UBFC_MMPD,osc_real,202,subject14,subject14_L2_MO3_E2_S6_GE1_GL2_H2_MA2,0.1095821938324344
UBFC_MMPD,osc_real,202,subject14,subject14_L2_MO4_E2_S6_GE1_GL2_H2_MA2,0.1919429039955387
UBFC_MMPD,osc_real,202,subject14,subject14_L3_MO1_E1_S6_GE1_GL2_H2_MA2,0.0577420289503077
UBFC_MMPD,osc_real,202,subject14,subject14_L3_MO1_E2_S6_GE1_GL2_H2_MA2,0.2015879070899927
UBFC_MMPD,osc_real,202,subject14,subject14_L3_MO2_E2_S6_GE1_GL2_H2_MA2,0.1038810794138567
UBFC_MMPD,osc_real,202,subject14,subject14_L3_MO3_E2_S6_GE1_GL2_H2_MA2,0.1937321730810665
UBFC_MMPD,osc_real,202,subject14,subject14_L3_MO4_E2_S6_GE1_GL2_H2_MA2,0.2234593901389107
UBFC_MMPD,osc_real,202,subject14,subject14_L4_MO1_E1_S6_GE1_GL2_H2_MA2,0.0562934760399257
UBFC_MMPD,osc_real,202,subject14,subject14_L4_MO1_E2_S6_GE1_GL2_H2_MA2,0.1092861476154259
UBFC_MMPD,osc_real,202,subject14,subject14_L4_MO2_E2_S6_GE1_GL2_H2_MA2,0.0814889621923029
UBFC_MMPD,osc_real,202,subject14,subject14_L4_MO3_E2_S6_GE1_GL2_H2_MA2,0.0931304849670447
UBFC_MMPD,osc_real,202,subject14,subject14_L4_MO4_E2_S6_GE1_GL2_H2_MA2,0.4637701802723374
UBFC_MMPD,osc_real,202,subject15,subject15_L1_MO1_E1_S6_GE2_GL2_H2_MA2,0.0939366064097149
UBFC_MMPD,osc_real,202,subject15,subject15_L1_MO1_E2_S6_GE2_GL2_H2_MA2,0.1000251220462696
UBFC_MMPD,osc_real,202,subject15,subject15_L1_MO2_E2_S6_GE2_GL2_H2_MA2,0.1187045523589721
UBFC_MMPD,osc_real,202,subject15,subject15_L1_MO3_E2_S6_GE2_GL2_H2_MA2,0.1351920360163829
UBFC_MMPD,osc_real,202,subject15,subject15_L1_MO4_E2_S6_GE2_GL2_H2_MA2,0.1005740041616885
UBFC_MMPD,osc_real,202,subject15,subject15_L2_MO1_E1_S6_GE2_GL2_H2_MA2,0.0998426382638637
UBFC_MMPD,osc_real,202,subject15,subject15_L2_MO1_E2_S6_GE2_GL2_H2_MA2,0.1124152570807076
UBFC_MMPD,osc_real,202,subject15,subject15_L2_MO2_E2_S6_GE2_GL2_H2_MA2,0.1407387004827349
UBFC_MMPD,osc_real,202,subject15,subject15_L2_MO3_E2_S6_GE2_GL2_H2_MA2,0.1197790978800785
UBFC_MMPD,osc_real,202,subject15,subject15_L2_MO4_E2_S6_GE2_GL2_H2_MA2,0.1627528913873885
UBFC_MMPD,osc_real,202,subject15,subject15_L3_MO1_E1_S6_GE2_GL2_H2_MA2,0.1311359118853339
UBFC_MMPD,osc_real,202,subject15,subject15_L3_MO1_E2_S6_GE2_GL2_H2_MA2,0.1086390775378736
UBFC_MMPD,osc_real,202,subject15,subject15_L3_MO2_E2_S6_GE2_GL2_H2_MA2,0.1029320861148287
UBFC_MMPD,osc_real,202,subject15,subject15_L3_MO3_E2_S6_GE2_GL2_H2_MA2,0.1546098649142857
UBFC_MMPD,osc_real,202,subject15,subject15_L3_MO4_E2_S6_GE2_GL2_H2_MA2,0.1213940499134317
UBFC_MMPD,osc_real,202,subject15,subject15_L4_MO1_E1_S6_GE2_GL2_H2_MA2,0.1386209724009803
UBFC_MMPD,osc_real,202,subject15,subject15_L4_MO1_E2_S6_GE2_GL2_H2_MA2,0.125167253084249
UBFC_MMPD,osc_real,202,subject15,subject15_L4_MO2_E2_S6_GE2_GL2_H2_MA2,0.1154567353659239
UBFC_MMPD,osc_real,202,subject15,subject15_L4_MO3_E2_S6_GE2_GL2_H2_MA2,0.1848264779236241
UBFC_MMPD,osc_real,202,subject15,subject15_L4_MO4_E2_S6_GE2_GL2_H2_MA2,0.0852757152038798
UBFC_MMPD,osc_real,202,subject16,subject16_L1_MO1_E1_S6_GE1_GL2_H2_MA2,0.0827083360642722
UBFC_MMPD,osc_real,202,subject16,subject16_L1_MO1_E2_S6_GE1_GL2_H2_MA2,0.1182381635882094
UBFC_MMPD,osc_real,202,subject16,subject16_L1_MO2_E2_S6_GE1_GL2_H2_MA2,0.1479308543905782
UBFC_MMPD,osc_real,202,subject16,subject16_L1_MO3_E2_S6_GE1_GL2_H2_MA2,0.0939294976682836
UBFC_MMPD,osc_real,202,subject16,subject16_L1_MO4_E2_S6_GE1_GL2_H2_MA2,0.1310140145933389
UBFC_MMPD,osc_real,202,subject16,subject16_L2_MO1_E1_S6_GE1_GL2_H2_MA2,0.1063455772946233
UBFC_MMPD,osc_real,202,subject16,subject16_L2_MO1_E2_S6_GE1_GL2_H2_MA2,0.1346731771895619
UBFC_MMPD,osc_real,202,subject16,subject16_L2_MO2_E2_S6_GE1_GL2_H2_MA2,0.0909230779931654
UBFC_MMPD,osc_real,202,subject16,subject16_L2_MO3_E2_S6_GE1_GL2_H2_MA2,0.1035042967946681
UBFC_MMPD,osc_real,202,subject16,subject16_L2_MO4_E2_S6_GE1_GL2_H2_MA2,0.1676263356221457
UBFC_MMPD,osc_real,202,subject16,subject16_L3_MO1_E1_S6_GE1_GL2_H2_MA2,0.1037625238922213
UBFC_MMPD,osc_real,202,subject16,subject16_L3_MO1_E2_S6_GE1_GL2_H2_MA2,0.1725770554132434
UBFC_MMPD,osc_real,202,subject16,subject16_L3_MO2_E2_S6_GE1_GL2_H2_MA2,0.1053752408392757
UBFC_MMPD,osc_real,202,subject16,subject16_L3_MO3_E2_S6_GE1_GL2_H2_MA2,0.1307989401833234
UBFC_MMPD,osc_real,202,subject16,subject16_L3_MO4_E2_S6_GE1_GL2_H2_MA2,0.102952653070922
UBFC_MMPD,osc_real,202,subject16,subject16_L4_MO1_E1_S6_GE1_GL2_H2_MA2,0.0667636881311527
UBFC_MMPD,osc_real,202,subject16,subject16_L4_MO1_E2_S6_GE1_GL2_H2_MA2,0.1214245919603869
UBFC_MMPD,osc_real,202,subject16,subject16_L4_MO2_E2_S6_GE1_GL2_H2_MA2,0.1286342141559374
UBFC_MMPD,osc_real,202,subject16,subject16_L4_MO3_E2_S6_GE1_GL2_H2_MA2,0.1104581909995787
UBFC_MMPD,osc_real,202,subject16,subject16_L4_MO4_E2_S6_GE1_GL2_H2_MA2,0.0927358330724826
UBFC_MMPD,osc_real,202,subject17,subject17_L1_MO1_E1_S4_GE1_GL2_H2_MA2,0.0779766379611277
UBFC_MMPD,osc_real,202,subject17,subject17_L1_MO1_E2_S4_GE1_GL2_H2_MA2,0.1061213480945599
UBFC_MMPD,osc_real,202,subject17,subject17_L1_MO2_E2_S4_GE1_GL2_H2_MA2,0.1341632561221493
UBFC_MMPD,osc_real,202,subject17,subject17_L1_MO3_E2_S4_GE1_GL2_H2_MA2,0.1075896303597867
UBFC_MMPD,osc_real,202,subject17,subject17_L1_MO4_E2_S4_GE1_GL2_H2_MA2,0.1426414205245869
UBFC_MMPD,osc_real,202,subject17,subject17_L2_MO1_E1_S4_GE1_GL2_H2_MA2,0.0811664875412846
UBFC_MMPD,osc_real,202,subject17,subject17_L2_MO1_E2_S4_GE1_GL2_H2_MA2,0.1127220162569559
UBFC_MMPD,osc_real,202,subject17,subject17_L2_MO2_E2_S4_GE1_GL2_H2_MA2,0.1839552189355745
UBFC_MMPD,osc_real,202,subject17,subject17_L2_MO3_E2_S4_GE1_GL2_H2_MA2,0.1689864056763715
UBFC_MMPD,osc_real,202,subject17,subject17_L2_MO4_E2_S4_GE1_GL2_H2_MA2,0.1426370248941804
UBFC_MMPD,osc_real,202,subject17,subject17_L3_MO1_E1_S4_GE1_GL2_H2_MA2,0.1201933226858728
UBFC_MMPD,osc_real,202,subject17,subject17_L3_MO1_E2_S4_GE1_GL2_H2_MA2,0.222944832175777
UBFC_MMPD,osc_real,202,subject17,subject17_L3_MO2_E2_S4_GE1_GL2_H2_MA2,0.1104895701110864
UBFC_MMPD,osc_real,202,subject17,subject17_L3_MO3_E2_S4_GE1_GL2_H2_MA2,0.21839799326172
UBFC_MMPD,osc_real,202,subject17,subject17_L3_MO4_E2_S4_GE1_GL2_H2_MA2,0.1196234953308457
UBFC_MMPD,osc_real,202,subject17,subject17_L4_MO1_E1_S4_GE1_GL2_H2_MA2,0.0811994708990333
UBFC_MMPD,osc_real,202,subject17,subject17_L4_MO1_E2_S4_GE1_GL2_H2_MA2,0.1219980470656632
UBFC_MMPD,osc_real,202,subject17,subject17_L4_MO2_E2_S4_GE1_GL2_H2_MA2,0.103527618851
UBFC_MMPD,osc_real,202,subject17,subject17_L4_MO3_E2_S4_GE1_GL2_H2_MA2,0.2114281085214289
UBFC_MMPD,osc_real,202,subject17,subject17_L4_MO4_E2_S4_GE1_GL2_H2_MA2,0.1446259191503764
UBFC_MMPD,osc_real,202,subject18,subject18_L1_MO1_E1_S3_GE2_GL1_H1_MA2,0.2524842728518807
UBFC_MMPD,osc_real,202,subject18,subject18_L1_MO1_E2_S3_GE2_GL1_H1_MA2,0.2032816027327477
UBFC_MMPD,osc_real,202,subject18,subject18_L1_MO2_E2_S3_GE2_GL1_H1_MA2,0.1530493105077676
UBFC_MMPD,osc_real,202,subject18,subject18_L1_MO3_E2_S3_GE2_GL1_H1_MA2,0.191462414927118
UBFC_MMPD,osc_real,202,subject18,subject18_L1_MO4_E2_S3_GE2_GL1_H1_MA2,0.1198639338654938
UBFC_MMPD,osc_real,202,subject18,subject18_L2_MO1_E1_S3_GE2_GL1_H1_MA2,0.2849541811681338
UBFC_MMPD,osc_real,202,subject18,subject18_L2_MO1_E2_S3_GE2_GL1_H1_MA2,0.4063638613039441
UBFC_MMPD,osc_real,202,subject18,subject18_L2_MO2_E2_S3_GE2_GL1_H1_MA2,0.134079186052953
UBFC_MMPD,osc_real,202,subject18,subject18_L2_MO3_E2_S3_GE2_GL1_H1_MA2,0.2917473990020419
UBFC_MMPD,osc_real,202,subject18,subject18_L2_MO4_E2_S3_GE2_GL1_H1_MA2,0.1331460119769719
UBFC_MMPD,osc_real,202,subject18,subject18_L3_MO1_E1_S3_GE2_GL1_H1_MA2,0.321459542888888
UBFC_MMPD,osc_real,202,subject18,subject18_L3_MO1_E2_S3_GE2_GL1_H1_MA2,0.4064997487805874
UBFC_MMPD,osc_real,202,subject18,subject18_L3_MO2_E2_S3_GE2_GL1_H1_MA2,0.1494645917997631
UBFC_MMPD,osc_real,202,subject18,subject18_L3_MO3_E2_S3_GE2_GL1_H1_MA2,0.2995938998956429
UBFC_MMPD,osc_real,202,subject18,subject18_L3_MO4_E2_S3_GE2_GL1_H1_MA2,0.1151401715304835
UBFC_MMPD,osc_real,202,subject18,subject18_L4_MO1_E1_S3_GE2_GL1_H1_MA2,0.2342935516282311
UBFC_MMPD,osc_real,202,subject18,subject18_L4_MO1_E2_S3_GE2_GL1_H1_MA2,0.2107076115347939
UBFC_MMPD,osc_real,202,subject18,subject18_L4_MO2_E2_S3_GE2_GL1_H1_MA2,0.1248423919360148
UBFC_MMPD,osc_real,202,subject18,subject18_L4_MO3_E2_S3_GE2_GL1_H1_MA2,0.14662818364534
UBFC_MMPD,osc_real,202,subject18,subject18_L4_MO4_E2_S3_GE2_GL1_H1_MA2,0.1203128861551916
UBFC_MMPD,osc_real,202,subject19,subject19_L1_MO1_E1_S3_GE2_GL2_H1_MA2,0.3528287827958827
UBFC_MMPD,osc_real,202,subject19,subject19_L1_MO1_E2_S3_GE2_GL2_H1_MA2,0.4085335600049865
UBFC_MMPD,osc_real,202,subject19,subject19_L1_MO2_E2_S3_GE2_GL2_H1_MA2,0.1487892989532399
UBFC_MMPD,osc_real,202,subject19,subject19_L1_MO3_E2_S3_GE2_GL2_H1_MA2,0.2629641920725623
UBFC_MMPD,osc_real,202,subject19,subject19_L1_MO4_E2_S3_GE2_GL2_H1_MA2,0.1108588831637697
UBFC_MMPD,osc_real,202,subject19,subject19_L2_MO1_E1_S3_GE2_GL2_H1_MA2,0.3636925813528585
UBFC_MMPD,osc_real,202,subject19,subject19_L2_MO1_E2_S3_GE2_GL2_H1_MA2,0.385286787782677
UBFC_MMPD,osc_real,202,subject19,subject19_L2_MO2_E2_S3_GE2_GL2_H1_MA2,0.0871724836722903
UBFC_MMPD,osc_real,202,subject19,subject19_L2_MO3_E2_S3_GE2_GL2_H1_MA2,0.3823001384867699
UBFC_MMPD,osc_real,202,subject19,subject19_L2_MO4_E2_S3_GE2_GL2_H1_MA2,0.1252006096700839
UBFC_MMPD,osc_real,202,subject19,subject19_L3_MO1_E1_S3_GE2_GL2_H1_MA2,0.5404065019808814
UBFC_MMPD,osc_real,202,subject19,subject19_L3_MO1_E2_S3_GE2_GL2_H1_MA2,0.5892777414530623
UBFC_MMPD,osc_real,202,subject19,subject19_L3_MO2_E2_S3_GE2_GL2_H1_MA2,0.1300094712236185
UBFC_MMPD,osc_real,202,subject19,subject19_L3_MO3_E2_S3_GE2_GL2_H1_MA2,0.1591822222194576
UBFC_MMPD,osc_real,202,subject19,subject19_L3_MO4_E2_S3_GE2_GL2_H1_MA2,0.1433004860677086
UBFC_MMPD,osc_real,202,subject19,subject19_L4_MO1_E1_S3_GE2_GL2_H1_MA2,0.4584665268713953
UBFC_MMPD,osc_real,202,subject19,subject19_L4_MO1_E2_S3_GE2_GL2_H1_MA2,0.3015582009968316
UBFC_MMPD,osc_real,202,subject19,subject19_L4_MO2_E2_S3_GE2_GL2_H1_MA2,0.1282749794569191
UBFC_MMPD,osc_real,202,subject19,subject19_L4_MO3_E2_S3_GE2_GL2_H1_MA2,0.240590115028654
UBFC_MMPD,osc_real,202,subject19,subject19_L4_MO4_E2_S3_GE2_GL2_H1_MA2,0.1590756084291616
UBFC_MMPD,osc_real,202,subject1,subject1_L1_MO1_E1_S4_GE1_GL1_H2_MA2,0.118482819624604
UBFC_MMPD,osc_real,202,subject1,subject1_L1_MO1_E2_S4_GE1_GL1_H2_MA2,0.1035632846419898
UBFC_MMPD,osc_real,202,subject1,subject1_L1_MO2_E2_S4_GE1_GL1_H2_MA2,0.0992713537915847
UBFC_MMPD,osc_real,202,subject1,subject1_L1_MO3_E2_S4_GE1_GL1_H2_MA2,0.1257707547283957
UBFC_MMPD,osc_real,202,subject1,subject1_L1_MO4_E2_S4_GE1_GL1_H2_MA2,0.0996662017232602
UBFC_MMPD,osc_real,202,subject1,subject1_L2_MO1_E1_S4_GE1_GL1_H2_MA2,0.1221564539140435
UBFC_MMPD,osc_real,202,subject1,subject1_L2_MO1_E2_S4_GE1_GL1_H2_MA2,0.1511103914499612
UBFC_MMPD,osc_real,202,subject1,subject1_L2_MO2_E2_S4_GE1_GL1_H2_MA2,0.0840622981388914
UBFC_MMPD,osc_real,202,subject1,subject1_L2_MO3_E2_S4_GE1_GL1_H2_MA2,0.1131969544746793
UBFC_MMPD,osc_real,202,subject1,subject1_L2_MO4_E2_S4_GE1_GL1_H2_MA2,0.0989339641550988
UBFC_MMPD,osc_real,202,subject1,subject1_L3_MO1_E1_S4_GE1_GL1_H2_MA2,0.19465681606659
UBFC_MMPD,osc_real,202,subject1,subject1_L3_MO1_E2_S4_GE1_GL1_H2_MA2,0.2069202334297439
UBFC_MMPD,osc_real,202,subject1,subject1_L3_MO2_E2_S4_GE1_GL1_H2_MA2,0.1030699715315405
UBFC_MMPD,osc_real,202,subject1,subject1_L3_MO3_E2_S4_GE1_GL1_H2_MA2,0.1182625445512853
UBFC_MMPD,osc_real,202,subject1,subject1_L3_MO4_E2_S4_GE1_GL1_H2_MA2,0.1013939445656214
UBFC_MMPD,osc_real,202,subject1,subject1_L4_MO1_E1_S4_GE1_GL1_H2_MA2,0.1530677084601266
UBFC_MMPD,osc_real,202,subject1,subject1_L4_MO1_E2_S4_GE1_GL1_H2_MA2,0.11203216361857
UBFC_MMPD,osc_real,202,subject1,subject1_L4_MO2_E2_S4_GE1_GL1_H2_MA2,0.090637550680318
UBFC_MMPD,osc_real,202,subject1,subject1_L4_MO3_E2_S4_GE1_GL1_H2_MA2,0.0945039873482956
UBFC_MMPD,osc_real,202,subject1,subject1_L4_MO4_E2_S4_GE1_GL1_H2_MA2,0.0908208885167025
UBFC_MMPD,osc_real,202,subject20,subject20_L1_MO1_E1_S3_GE1_GL2_H2_MA2,0.2483550115401908
UBFC_MMPD,osc_real,202,subject20,subject20_L1_MO1_E2_S3_GE1_GL2_H2_MA2,0.350887290807857
UBFC_MMPD,osc_real,202,subject20,subject20_L1_MO2_E2_S3_GE1_GL2_H2_MA2,0.1308686922165297
UBFC_MMPD,osc_real,202,subject20,subject20_L1_MO3_E2_S3_GE1_GL2_H2_MA2,0.2118638777332776
UBFC_MMPD,osc_real,202,subject20,subject20_L1_MO4_E2_S3_GE1_GL2_H2_MA2,0.1573621391275657
UBFC_MMPD,osc_real,202,subject20,subject20_L2_MO1_E1_S3_GE1_GL2_H2_MA2,0.3460324885858022
UBFC_MMPD,osc_real,202,subject20,subject20_L2_MO1_E2_S3_GE1_GL2_H2_MA2,0.4998503968869353
UBFC_MMPD,osc_real,202,subject20,subject20_L2_MO2_E2_S3_GE1_GL2_H2_MA2,0.0806654874405231
UBFC_MMPD,osc_real,202,subject20,subject20_L2_MO3_E2_S3_GE1_GL2_H2_MA2,0.2183434599045233
UBFC_MMPD,osc_real,202,subject20,subject20_L2_MO4_E2_S3_GE1_GL2_H2_MA2,0.144086727418349
UBFC_MMPD,osc_real,202,subject20,subject20_L3_MO1_E1_S3_GE1_GL2_H2_MA2,0.4008806841000121
UBFC_MMPD,osc_real,202,subject20,subject20_L3_MO1_E2_S3_GE1_GL2_H2_MA2,0.4941565615901991
UBFC_MMPD,osc_real,202,subject20,subject20_L3_MO2_E2_S3_GE1_GL2_H2_MA2,0.1281378212067128
UBFC_MMPD,osc_real,202,subject20,subject20_L3_MO3_E2_S3_GE1_GL2_H2_MA2,0.3941869738881164
UBFC_MMPD,osc_real,202,subject20,subject20_L3_MO4_E2_S3_GE1_GL2_H2_MA2,0.1498632064905536
UBFC_MMPD,osc_real,202,subject20,subject20_L4_MO1_E1_S3_GE1_GL2_H2_MA2,0.119952726274015
UBFC_MMPD,osc_real,202,subject20,subject20_L4_MO1_E2_S3_GE1_GL2_H2_MA2,0.3435766475765031
UBFC_MMPD,osc_real,202,subject20,subject20_L4_MO2_E2_S3_GE1_GL2_H2_MA2,0.1027489721401442
UBFC_MMPD,osc_real,202,subject20,subject20_L4_MO3_E2_S3_GE1_GL2_H2_MA2,0.1789314243319734
UBFC_MMPD,osc_real,202,subject20,subject20_L4_MO4_E2_S3_GE1_GL2_H2_MA2,0.1647526489107557
UBFC_MMPD,osc_real,202,subject21,subject21_L1_MO1_E1_S3_GE2_GL1_H2_MA1,0.172113576618348
UBFC_MMPD,osc_real,202,subject21,subject21_L1_MO1_E2_S3_GE2_GL1_H2_MA1,0.342117809499899
UBFC_MMPD,osc_real,202,subject21,subject21_L1_MO2_E2_S3_GE2_GL1_H2_MA1,0.13753461140138
UBFC_MMPD,osc_real,202,subject21,subject21_L1_MO3_E2_S3_GE2_GL1_H2_MA1,0.2270190932658543
UBFC_MMPD,osc_real,202,subject21,subject21_L1_MO4_E2_S3_GE2_GL1_H2_MA1,0.1067514354707741
UBFC_MMPD,osc_real,202,subject21,subject21_L2_MO1_E1_S3_GE2_GL1_H2_MA1,0.1464989686638693
UBFC_MMPD,osc_real,202,subject21,subject21_L2_MO1_E2_S3_GE2_GL1_H2_MA1,0.3171699458228709
UBFC_MMPD,osc_real,202,subject21,subject21_L2_MO2_E2_S3_GE2_GL1_H2_MA1,0.1067967657649556
UBFC_MMPD,osc_real,202,subject21,subject21_L2_MO3_E2_S3_GE2_GL1_H2_MA1,0.1909071107546331
UBFC_MMPD,osc_real,202,subject21,subject21_L2_MO4_E2_S3_GE2_GL1_H2_MA1,0.1441326405472401
UBFC_MMPD,osc_real,202,subject21,subject21_L3_MO1_E1_S3_GE2_GL1_H2_MA1,0.2393804992001084
UBFC_MMPD,osc_real,202,subject21,subject21_L3_MO1_E2_S3_GE2_GL1_H2_MA1,0.3461669698907029
UBFC_MMPD,osc_real,202,subject21,subject21_L3_MO2_E2_S3_GE2_GL1_H2_MA1,0.1312601026919249
UBFC_MMPD,osc_real,202,subject21,subject21_L3_MO3_E2_S3_GE2_GL1_H2_MA1,0.315871579004007
UBFC_MMPD,osc_real,202,subject21,subject21_L3_MO4_E2_S3_GE2_GL1_H2_MA1,0.1389985638147471
UBFC_MMPD,osc_real,202,subject21,subject21_L4_MO1_E1_S3_GE2_GL1_H2_MA1,0.1195128308592207
UBFC_MMPD,osc_real,202,subject21,subject21_L4_MO1_E2_S3_GE2_GL1_H2_MA1,0.2073738731587988
UBFC_MMPD,osc_real,202,subject21,subject21_L4_MO2_E2_S3_GE2_GL1_H2_MA1,0.1259005910307609
UBFC_MMPD,osc_real,202,subject21,subject21_L4_MO3_E2_S3_GE2_GL1_H2_MA1,0.174811881200912
UBFC_MMPD,osc_real,202,subject21,subject21_L4_MO4_E2_S3_GE2_GL1_H2_MA1,0.143741433662651
UBFC_MMPD,osc_real,202,subject22,subject22_L1_MO1_E1_S3_GE2_GL2_H2_MA2,0.2219047794660172
UBFC_MMPD,osc_real,202,subject22,subject22_L1_MO1_E2_S3_GE2_GL2_H2_MA2,0.1757739770630465
UBFC_MMPD,osc_real,202,subject22,subject22_L1_MO2_E2_S3_GE2_GL2_H2_MA2,0.1314043653495392
UBFC_MMPD,osc_real,202,subject22,subject22_L1_MO3_E2_S3_GE2_GL2_H2_MA2,0.1384791465645425
UBFC_MMPD,osc_real,202,subject22,subject22_L1_MO4_E2_S3_GE2_GL2_H2_MA2,0.1209988656490729
UBFC_MMPD,osc_real,202,subject22,subject22_L2_MO1_E1_S3_GE2_GL2_H2_MA2,0.2237652012203507
UBFC_MMPD,osc_real,202,subject22,subject22_L2_MO1_E2_S3_GE2_GL2_H2_MA2,0.3546413959896986
UBFC_MMPD,osc_real,202,subject22,subject22_L2_MO2_E2_S3_GE2_GL2_H2_MA2,0.3460911832508004
UBFC_MMPD,osc_real,202,subject22,subject22_L2_MO3_E2_S3_GE2_GL2_H2_MA2,0.2136136531297035
UBFC_MMPD,osc_real,202,subject22,subject22_L2_MO4_E2_S3_GE2_GL2_H2_MA2,0.1403615400668849
UBFC_MMPD,osc_real,202,subject22,subject22_L3_MO1_E1_S3_GE2_GL2_H2_MA2,0.2812672861465901
UBFC_MMPD,osc_real,202,subject22,subject22_L3_MO1_E2_S3_GE2_GL2_H2_MA2,0.5047227814038172
UBFC_MMPD,osc_real,202,subject22,subject22_L3_MO2_E2_S3_GE2_GL2_H2_MA2,0.1742107965861802
UBFC_MMPD,osc_real,202,subject22,subject22_L3_MO3_E2_S3_GE2_GL2_H2_MA2,0.2660357608732295
UBFC_MMPD,osc_real,202,subject22,subject22_L3_MO4_E2_S3_GE2_GL2_H2_MA2,0.1195391803124995
UBFC_MMPD,osc_real,202,subject22,subject22_L4_MO1_E1_S3_GE2_GL2_H2_MA2,0.1231567624557318
UBFC_MMPD,osc_real,202,subject22,subject22_L4_MO1_E2_S3_GE2_GL2_H2_MA2,0.3517577159157746
UBFC_MMPD,osc_real,202,subject22,subject22_L4_MO2_E2_S3_GE2_GL2_H2_MA2,0.1739100937744337
UBFC_MMPD,osc_real,202,subject22,subject22_L4_MO3_E2_S3_GE2_GL2_H2_MA2,0.3157744391274099
UBFC_MMPD,osc_real,202,subject22,subject22_L4_MO4_E2_S3_GE2_GL2_H2_MA2,0.1300123192042637
UBFC_MMPD,osc_real,202,subject23,subject23_L1_MO1_E1_S5_GE2_GL2_H2_MA2,0.1624065515000417
UBFC_MMPD,osc_real,202,subject23,subject23_L1_MO1_E2_S5_GE2_GL2_H2_MA2,0.2368142097532943
UBFC_MMPD,osc_real,202,subject23,subject23_L1_MO2_E2_S5_GE2_GL2_H2_MA2,0.0940455157567149
UBFC_MMPD,osc_real,202,subject23,subject23_L1_MO3_E2_S5_GE2_GL2_H2_MA2,0.1783416052335801
UBFC_MMPD,osc_real,202,subject23,subject23_L1_MO4_E2_S5_GE2_GL2_H2_MA2,0.1101264091835662
UBFC_MMPD,osc_real,202,subject23,subject23_L2_MO1_E1_S5_GE2_GL2_H2_MA2,0.1586695063291508
UBFC_MMPD,osc_real,202,subject23,subject23_L2_MO1_E2_S5_GE2_GL2_H2_MA2,0.309109908099826
UBFC_MMPD,osc_real,202,subject23,subject23_L2_MO2_E2_S5_GE2_GL2_H2_MA2,0.1296200405521382
UBFC_MMPD,osc_real,202,subject23,subject23_L2_MO3_E2_S5_GE2_GL2_H2_MA2,0.2179084269232646
UBFC_MMPD,osc_real,202,subject23,subject23_L2_MO4_E2_S5_GE2_GL2_H2_MA2,0.0950409093488939
UBFC_MMPD,osc_real,202,subject23,subject23_L3_MO1_E1_S5_GE2_GL2_H2_MA2,0.2892673307243333
UBFC_MMPD,osc_real,202,subject23,subject23_L3_MO1_E2_S5_GE2_GL2_H2_MA2,0.4559306821065574
UBFC_MMPD,osc_real,202,subject23,subject23_L3_MO2_E2_S5_GE2_GL2_H2_MA2,0.1255875723364919
UBFC_MMPD,osc_real,202,subject23,subject23_L3_MO3_E2_S5_GE2_GL2_H2_MA2,0.3202182990343595
UBFC_MMPD,osc_real,202,subject23,subject23_L3_MO4_E2_S5_GE2_GL2_H2_MA2,0.1180861104252252
UBFC_MMPD,osc_real,202,subject23,subject23_L4_MO1_E1_S5_GE2_GL2_H2_MA2,0.1574386282264263
UBFC_MMPD,osc_real,202,subject23,subject23_L4_MO1_E2_S5_GE2_GL2_H2_MA2,0.2034958157068915
UBFC_MMPD,osc_real,202,subject23,subject23_L4_MO2_E2_S5_GE2_GL2_H2_MA2,0.1141936074113334
UBFC_MMPD,osc_real,202,subject23,subject23_L4_MO3_E2_S5_GE2_GL2_H2_MA2,0.1848170634926576
UBFC_MMPD,osc_real,202,subject23,subject23_L4_MO4_E2_S5_GE2_GL2_H2_MA2,0.1493781881876933
UBFC_MMPD,osc_real,202,subject24,subject24_L1_MO1_E1_S3_GE2_GL2_H2_MA1,0.6088134352095681
UBFC_MMPD,osc_real,202,subject24,subject24_L1_MO1_E2_S3_GE2_GL2_H2_MA1,0.3656786788945929
UBFC_MMPD,osc_real,202,subject24,subject24_L1_MO2_E2_S3_GE2_GL2_H2_MA1,0.1421299115599907
UBFC_MMPD,osc_real,202,subject24,subject24_L1_MO3_E2_S3_GE2_GL2_H2_MA1,0.4679767597574875
UBFC_MMPD,osc_real,202,subject24,subject24_L1_MO4_E2_S3_GE2_GL2_H2_MA1,0.1232734712950514
UBFC_MMPD,osc_real,202,subject24,subject24_L2_MO1_E1_S3_GE2_GL2_H2_MA1,0.572512870934248
UBFC_MMPD,osc_real,202,subject24,subject24_L2_MO1_E2_S3_GE2_GL2_H2_MA1,0.4433276035564768
UBFC_MMPD,osc_real,202,subject24,subject24_L2_MO2_E2_S3_GE2_GL2_H2_MA1,0.0767963668171209
UBFC_MMPD,osc_real,202,subject24,subject24_L2_MO3_E2_S3_GE2_GL2_H2_MA1,0.3564510588010453
UBFC_MMPD,osc_real,202,subject24,subject24_L2_MO4_E2_S3_GE2_GL2_H2_MA1,0.1123113541554393
UBFC_MMPD,osc_real,202,subject24,subject24_L3_MO1_E1_S3_GE2_GL2_H2_MA1,0.4289477265030587
UBFC_MMPD,osc_real,202,subject24,subject24_L3_MO1_E2_S3_GE2_GL2_H2_MA1,0.544598783220198
UBFC_MMPD,osc_real,202,subject24,subject24_L3_MO2_E2_S3_GE2_GL2_H2_MA1,0.1749089772063841
UBFC_MMPD,osc_real,202,subject24,subject24_L3_MO3_E2_S3_GE2_GL2_H2_MA1,0.3949315056267072
UBFC_MMPD,osc_real,202,subject24,subject24_L3_MO4_E2_S3_GE2_GL2_H2_MA1,0.1289576348737432
UBFC_MMPD,osc_real,202,subject24,subject24_L4_MO1_E1_S3_GE2_GL2_H2_MA1,0.3656682767658712
UBFC_MMPD,osc_real,202,subject24,subject24_L4_MO1_E2_S3_GE2_GL2_H2_MA1,0.1872468553047529
UBFC_MMPD,osc_real,202,subject24,subject24_L4_MO2_E2_S3_GE2_GL2_H2_MA1,0.1687455571380431
UBFC_MMPD,osc_real,202,subject24,subject24_L4_MO3_E2_S3_GE2_GL2_H2_MA1,0.3778723387784797
UBFC_MMPD,osc_real,202,subject24,subject24_L4_MO4_E2_S3_GE2_GL2_H2_MA1,0.1628422368005536
UBFC_MMPD,osc_real,202,subject25,subject25_L1_MO1_E1_S3_GE2_GL2_H1_MA2,0.1983591146623906
UBFC_MMPD,osc_real,202,subject25,subject25_L1_MO1_E2_S3_GE2_GL2_H1_MA2,0.3799574167442984
UBFC_MMPD,osc_real,202,subject25,subject25_L1_MO2_E2_S3_GE2_GL2_H1_MA2,0.1259631241165993
UBFC_MMPD,osc_real,202,subject25,subject25_L1_MO3_E2_S3_GE2_GL2_H1_MA2,0.2653792588195428
UBFC_MMPD,osc_real,202,subject25,subject25_L1_MO4_E2_S3_GE2_GL2_H1_MA2,0.1229658306840655
UBFC_MMPD,osc_real,202,subject25,subject25_L2_MO1_E1_S3_GE2_GL2_H1_MA2,0.1682841624916129
UBFC_MMPD,osc_real,202,subject25,subject25_L2_MO1_E2_S3_GE2_GL2_H1_MA2,0.3540320293948535
UBFC_MMPD,osc_real,202,subject25,subject25_L2_MO2_E2_S3_GE2_GL2_H1_MA2,0.2098304249405554
UBFC_MMPD,osc_real,202,subject25,subject25_L2_MO3_E2_S3_GE2_GL2_H1_MA2,0.3169073603118233
UBFC_MMPD,osc_real,202,subject25,subject25_L2_MO4_E2_S3_GE2_GL2_H1_MA2,0.1563427372806933
UBFC_MMPD,osc_real,202,subject25,subject25_L3_MO1_E1_S3_GE2_GL2_H1_MA2,0.2848388746296615
UBFC_MMPD,osc_real,202,subject25,subject25_L3_MO1_E2_S3_GE2_GL2_H1_MA2,0.4685790123405193
UBFC_MMPD,osc_real,202,subject25,subject25_L3_MO2_E2_S3_GE2_GL2_H1_MA2,0.1054833907357159
UBFC_MMPD,osc_real,202,subject25,subject25_L3_MO3_E2_S3_GE2_GL2_H1_MA2,0.3160355531642273
UBFC_MMPD,osc_real,202,subject25,subject25_L3_MO4_E2_S3_GE2_GL2_H1_MA2,0.1178576920349707
UBFC_MMPD,osc_real,202,subject25,subject25_L4_MO1_E1_S3_GE2_GL2_H1_MA2,0.2846152534777451
UBFC_MMPD,osc_real,202,subject25,subject25_L4_MO1_E2_S3_GE2_GL2_H1_MA2,0.3030928345637464
UBFC_MMPD,osc_real,202,subject25,subject25_L4_MO2_E2_S3_GE2_GL2_H1_MA2,0.1698372421760514
UBFC_MMPD,osc_real,202,subject25,subject25_L4_MO3_E2_S3_GE2_GL2_H1_MA2,0.2735636824354862
UBFC_MMPD,osc_real,202,subject25,subject25_L4_MO4_E2_S3_GE2_GL2_H1_MA2,0.075215903905072
UBFC_MMPD,osc_real,202,subject26,subject26_L1_MO1_E1_S6_GE1_GL2_H2_MA2,0.1544837254135375
UBFC_MMPD,osc_real,202,subject26,subject26_L1_MO1_E2_S6_GE1_GL2_H2_MA2,0.1041005282670091
UBFC_MMPD,osc_real,202,subject26,subject26_L1_MO2_E2_S6_GE1_GL2_H2_MA2,0.1228036167261771
UBFC_MMPD,osc_real,202,subject26,subject26_L1_MO3_E2_S6_GE1_GL2_H2_MA2,0.1185596372270131
UBFC_MMPD,osc_real,202,subject26,subject26_L1_MO4_E2_S6_GE1_GL2_H2_MA2,0.1250420723646359
UBFC_MMPD,osc_real,202,subject26,subject26_L2_MO1_E1_S6_GE1_GL2_H2_MA2,0.1291019893893303
UBFC_MMPD,osc_real,202,subject26,subject26_L2_MO1_E2_S6_GE1_GL2_H2_MA2,0.1150659869759959
UBFC_MMPD,osc_real,202,subject26,subject26_L2_MO2_E2_S6_GE1_GL2_H2_MA2,0.1392090544808545
UBFC_MMPD,osc_real,202,subject26,subject26_L2_MO3_E2_S6_GE1_GL2_H2_MA2,0.1193706413896147
UBFC_MMPD,osc_real,202,subject26,subject26_L2_MO4_E2_S6_GE1_GL2_H2_MA2,0.1122058584827356
UBFC_MMPD,osc_real,202,subject26,subject26_L3_MO1_E1_S6_GE1_GL2_H2_MA2,0.1610247084737801
UBFC_MMPD,osc_real,202,subject26,subject26_L3_MO1_E2_S6_GE1_GL2_H2_MA2,0.1385687003072037
UBFC_MMPD,osc_real,202,subject26,subject26_L3_MO2_E2_S6_GE1_GL2_H2_MA2,0.1079534123128738
UBFC_MMPD,osc_real,202,subject26,subject26_L3_MO3_E2_S6_GE1_GL2_H2_MA2,0.1381689559366748
UBFC_MMPD,osc_real,202,subject26,subject26_L3_MO4_E2_S6_GE1_GL2_H2_MA2,0.1141860924379758
UBFC_MMPD,osc_real,202,subject26,subject26_L4_MO1_E1_S6_GE1_GL2_H2_MA2,0.1452941427419607
UBFC_MMPD,osc_real,202,subject26,subject26_L4_MO1_E2_S6_GE1_GL2_H2_MA2,0.135603204956904
UBFC_MMPD,osc_real,202,subject26,subject26_L4_MO2_E2_S6_GE1_GL2_H2_MA2,0.12332403826511
UBFC_MMPD,osc_real,202,subject26,subject26_L4_MO3_E2_S6_GE1_GL2_H2_MA2,0.113808416560475
UBFC_MMPD,osc_real,202,subject26,subject26_L4_MO4_E2_S6_GE1_GL2_H2_MA2,0.1567102213100027
UBFC_MMPD,osc_real,202,subject27,subject27_L1_MO1_E1_S3_GE2_GL2_H2_MA1,0.4634156258557289
UBFC_MMPD,osc_real,202,subject27,subject27_L1_MO1_E2_S3_GE2_GL2_H2_MA1,0.332228197103291
UBFC_MMPD,osc_real,202,subject27,subject27_L1_MO2_E2_S3_GE2_GL2_H2_MA1,0.1299119008638747
UBFC_MMPD,osc_real,202,subject27,subject27_L1_MO3_E2_S3_GE2_GL2_H2_MA1,0.2935291896231331
UBFC_MMPD,osc_real,202,subject27,subject27_L1_MO4_E2_S3_GE2_GL2_H2_MA1,0.1199612395546598
UBFC_MMPD,osc_real,202,subject27,subject27_L2_MO1_E1_S3_GE2_GL2_H2_MA1,0.3516091893906442
UBFC_MMPD,osc_real,202,subject27,subject27_L2_MO1_E2_S3_GE2_GL2_H2_MA1,0.2115557267788972
UBFC_MMPD,osc_real,202,subject27,subject27_L2_MO2_E2_S3_GE2_GL2_H2_MA1,0.1110203761056533
UBFC_MMPD,osc_real,202,subject27,subject27_L2_MO3_E2_S3_GE2_GL2_H2_MA1,0.2296041305167901
UBFC_MMPD,osc_real,202,subject27,subject27_L2_MO4_E2_S3_GE2_GL2_H2_MA1,0.159856784388614
UBFC_MMPD,osc_real,202,subject27,subject27_L3_MO1_E1_S3_GE2_GL2_H2_MA1,0.4912027323621835
UBFC_MMPD,osc_real,202,subject27,subject27_L3_MO1_E2_S3_GE2_GL2_H2_MA1,0.4234780757144428
UBFC_MMPD,osc_real,202,subject27,subject27_L3_MO2_E2_S3_GE2_GL2_H2_MA1,0.1869506955922368
UBFC_MMPD,osc_real,202,subject27,subject27_L3_MO3_E2_S3_GE2_GL2_H2_MA1,0.2944336635354455
UBFC_MMPD,osc_real,202,subject27,subject27_L3_MO4_E2_S3_GE2_GL2_H2_MA1,0.1156428415083483
UBFC_MMPD,osc_real,202,subject27,subject27_L4_MO1_E1_S3_GE2_GL2_H2_MA1,0.4789194801303624
UBFC_MMPD,osc_real,202,subject27,subject27_L4_MO1_E2_S3_GE2_GL2_H2_MA1,0.2958308482000402
UBFC_MMPD,osc_real,202,subject27,subject27_L4_MO2_E2_S3_GE2_GL2_H2_MA1,0.0847031955748914
UBFC_MMPD,osc_real,202,subject27,subject27_L4_MO3_E2_S3_GE2_GL2_H2_MA1,0.1825463277585365
UBFC_MMPD,osc_real,202,subject27,subject27_L4_MO4_E2_S3_GE2_GL2_H2_MA1,0.1491888078997136
UBFC_MMPD,osc_real,202,subject28,subject28_L1_MO1_E1_S5_GE2_GL2_H2_MA2,0.2019375332925121
UBFC_MMPD,osc_real,202,subject28,subject28_L1_MO1_E2_S5_GE2_GL2_H2_MA2,0.1896749488728374
UBFC_MMPD,osc_real,202,subject28,subject28_L1_MO2_E2_S5_GE2_GL2_H2_MA2,0.1198770580948724
UBFC_MMPD,osc_real,202,subject28,subject28_L1_MO3_E2_S5_GE2_GL2_H2_MA2,0.1379833524832416
UBFC_MMPD,osc_real,202,subject28,subject28_L1_MO4_E2_S5_GE2_GL2_H2_MA2,0.1519526916630792
UBFC_MMPD,osc_real,202,subject28,subject28_L2_MO1_E1_S5_GE2_GL2_H2_MA2,0.1784638248501803
UBFC_MMPD,osc_real,202,subject28,subject28_L2_MO1_E2_S5_GE2_GL2_H2_MA2,0.1750588628535663
UBFC_MMPD,osc_real,202,subject28,subject28_L2_MO2_E2_S5_GE2_GL2_H2_MA2,0.0932804387199255
UBFC_MMPD,osc_real,202,subject28,subject28_L2_MO3_E2_S5_GE2_GL2_H2_MA2,0.095354102411499
UBFC_MMPD,osc_real,202,subject28,subject28_L2_MO4_E2_S5_GE2_GL2_H2_MA2,0.1250346887436949
UBFC_MMPD,osc_real,202,subject28,subject28_L3_MO1_E1_S5_GE2_GL2_H2_MA2,0.3176646632867166
UBFC_MMPD,osc_real,202,subject28,subject28_L3_MO1_E2_S5_GE2_GL2_H2_MA2,0.2358608160905827
UBFC_MMPD,osc_real,202,subject28,subject28_L3_MO2_E2_S5_GE2_GL2_H2_MA2,0.1249272712825167
UBFC_MMPD,osc_real,202,subject28,subject28_L3_MO3_E2_S5_GE2_GL2_H2_MA2,0.1256796229485432
UBFC_MMPD,osc_real,202,subject28,subject28_L3_MO4_E2_S5_GE2_GL2_H2_MA2,0.119784175595498
UBFC_MMPD,osc_real,202,subject28,subject28_L4_MO1_E1_S5_GE2_GL2_H2_MA2,0.14229840566304
UBFC_MMPD,osc_real,202,subject28,subject28_L4_MO1_E2_S5_GE2_GL2_H2_MA2,0.1684847022908682
UBFC_MMPD,osc_real,202,subject28,subject28_L4_MO2_E2_S5_GE2_GL2_H2_MA2,0.0977162989466082
UBFC_MMPD,osc_real,202,subject28,subject28_L4_MO3_E2_S5_GE2_GL2_H2_MA2,0.100648755938284
UBFC_MMPD,osc_real,202,subject28,subject28_L4_MO4_E2_S5_GE2_GL2_H2_MA2,0.1479613820461361
UBFC_MMPD,osc_real,202,subject29,subject29_L1_MO1_E1_S3_GE2_GL1_H1_MA2,0.1628241067172316
UBFC_MMPD,osc_real,202,subject29,subject29_L1_MO1_E2_S3_GE2_GL1_H1_MA2,0.3491213476792912
UBFC_MMPD,osc_real,202,subject29,subject29_L1_MO2_E2_S3_GE2_GL1_H1_MA2,0.2613014331147831
UBFC_MMPD,osc_real,202,subject29,subject29_L1_MO3_E2_S3_GE2_GL1_H1_MA2,0.3784025413791299
UBFC_MMPD,osc_real,202,subject29,subject29_L1_MO4_E2_S3_GE2_GL1_H1_MA2,0.0917298826473357
UBFC_MMPD,osc_real,202,subject29,subject29_L2_MO1_E1_S3_GE2_GL1_H1_MA2,0.2220784773271907
UBFC_MMPD,osc_real,202,subject29,subject29_L2_MO1_E2_S3_GE2_GL1_H1_MA2,0.371623194428886
UBFC_MMPD,osc_real,202,subject29,subject29_L2_MO2_E2_S3_GE2_GL1_H1_MA2,0.3254236712122083
UBFC_MMPD,osc_real,202,subject29,subject29_L2_MO3_E2_S3_GE2_GL1_H1_MA2,0.3331856294750526
UBFC_MMPD,osc_real,202,subject29,subject29_L2_MO4_E2_S3_GE2_GL1_H1_MA2,0.1367177865601111
UBFC_MMPD,osc_real,202,subject29,subject29_L3_MO1_E1_S3_GE2_GL1_H1_MA2,0.2416298766713996
UBFC_MMPD,osc_real,202,subject29,subject29_L3_MO1_E2_S3_GE2_GL1_H1_MA2,0.6354855539890777
UBFC_MMPD,osc_real,202,subject29,subject29_L3_MO2_E2_S3_GE2_GL1_H1_MA2,0.3714749716380932
UBFC_MMPD,osc_real,202,subject29,subject29_L3_MO3_E2_S3_GE2_GL1_H1_MA2,0.4614285590972786
UBFC_MMPD,osc_real,202,subject29,subject29_L3_MO4_E2_S3_GE2_GL1_H1_MA2,0.1452929791657207
UBFC_MMPD,osc_real,202,subject29,subject29_L4_MO1_E1_S3_GE2_GL1_H1_MA2,0.3398469189195321
UBFC_MMPD,osc_real,202,subject29,subject29_L4_MO1_E2_S3_GE2_GL1_H1_MA2,0.4322551778321386
UBFC_MMPD,osc_real,202,subject29,subject29_L4_MO2_E2_S3_GE2_GL1_H1_MA2,0.2202741785456667
UBFC_MMPD,osc_real,202,subject29,subject29_L4_MO3_E2_S3_GE2_GL1_H1_MA2,0.2523538816153625
UBFC_MMPD,osc_real,202,subject29,subject29_L4_MO4_E2_S3_GE2_GL1_H1_MA2,0.1655176107674259
UBFC_MMPD,osc_real,202,subject2,subject2_L1_MO1_E1_S4_GE1_GL1_H1_MA2,0.1482860091792557
UBFC_MMPD,osc_real,202,subject2,subject2_L1_MO1_E2_S4_GE1_GL1_H1_MA2,0.3166573175571812
UBFC_MMPD,osc_real,202,subject2,subject2_L1_MO2_E2_S4_GE1_GL1_H1_MA2,0.1935043396022299
UBFC_MMPD,osc_real,202,subject2,subject2_L1_MO3_E2_S4_GE1_GL1_H1_MA2,0.349324430821656
UBFC_MMPD,osc_real,202,subject2,subject2_L1_MO4_E2_S4_GE1_GL1_H1_MA2,0.1379723428551942
UBFC_MMPD,osc_real,202,subject2,subject2_L2_MO1_E1_S4_GE1_GL1_H1_MA2,0.146985012077651
UBFC_MMPD,osc_real,202,subject2,subject2_L2_MO1_E2_S4_GE1_GL1_H1_MA2,0.3149297271131491
UBFC_MMPD,osc_real,202,subject2,subject2_L2_MO2_E2_S4_GE1_GL1_H1_MA2,0.1020163219882697
UBFC_MMPD,osc_real,202,subject2,subject2_L2_MO3_E2_S4_GE1_GL1_H1_MA2,0.3362480023949474
UBFC_MMPD,osc_real,202,subject2,subject2_L2_MO4_E2_S4_GE1_GL1_H1_MA2,0.1390951328514585
UBFC_MMPD,osc_real,202,subject2,subject2_L3_MO1_E1_S4_GE1_GL1_H1_MA2,0.3153657310834152
UBFC_MMPD,osc_real,202,subject2,subject2_L3_MO1_E2_S4_GE1_GL1_H1_MA2,0.4947267508056878
UBFC_MMPD,osc_real,202,subject2,subject2_L3_MO2_E2_S4_GE1_GL1_H1_MA2,0.1140802458400168
UBFC_MMPD,osc_real,202,subject2,subject2_L3_MO3_E2_S4_GE1_GL1_H1_MA2,0.2995308837415979
UBFC_MMPD,osc_real,202,subject2,subject2_L3_MO4_E2_S4_GE1_GL1_H1_MA2,0.1184007903586874
UBFC_MMPD,osc_real,202,subject2,subject2_L4_MO1_E1_S4_GE1_GL1_H1_MA2,0.1276634424543878
UBFC_MMPD,osc_real,202,subject2,subject2_L4_MO1_E2_S4_GE1_GL1_H1_MA2,0.3994629031253831
UBFC_MMPD,osc_real,202,subject2,subject2_L4_MO2_E2_S4_GE1_GL1_H1_MA2,0.0891905954244473
UBFC_MMPD,osc_real,202,subject2,subject2_L4_MO3_E2_S4_GE1_GL1_H1_MA2,0.2179518627514322
UBFC_MMPD,osc_real,202,subject2,subject2_L4_MO4_E2_S4_GE1_GL1_H1_MA2,0.1240979735895905
UBFC_MMPD,osc_real,202,subject30,subject30_L1_MO1_E1_S6_GE1_GL2_H2_MA2,0.1124655816782275
UBFC_MMPD,osc_real,202,subject30,subject30_L1_MO1_E2_S6_GE1_GL2_H2_MA2,0.1164707312325937
UBFC_MMPD,osc_real,202,subject30,subject30_L1_MO2_E2_S6_GE1_GL2_H2_MA2,0.101328628145174
UBFC_MMPD,osc_real,202,subject30,subject30_L1_MO3_E2_S6_GE1_GL2_H2_MA2,0.0919470396081938
UBFC_MMPD,osc_real,202,subject30,subject30_L1_MO4_E2_S6_GE1_GL2_H2_MA2,0.1259483859423145
UBFC_MMPD,osc_real,202,subject30,subject30_L2_MO1_E1_S6_GE1_GL2_H2_MA2,0.135649036364028
UBFC_MMPD,osc_real,202,subject30,subject30_L2_MO1_E2_S6_GE1_GL2_H2_MA2,0.1096522280639361
UBFC_MMPD,osc_real,202,subject30,subject30_L2_MO2_E2_S6_GE1_GL2_H2_MA2,0.1141700232948997
UBFC_MMPD,osc_real,202,subject30,subject30_L2_MO3_E2_S6_GE1_GL2_H2_MA2,0.1236963712038318
UBFC_MMPD,osc_real,202,subject30,subject30_L2_MO4_E2_S6_GE1_GL2_H2_MA2,0.0900030384047169
UBFC_MMPD,osc_real,202,subject30,subject30_L3_MO1_E1_S6_GE1_GL2_H2_MA2,0.1727662276143177
UBFC_MMPD,osc_real,202,subject30,subject30_L3_MO1_E2_S6_GE1_GL2_H2_MA2,0.2951257818643411
UBFC_MMPD,osc_real,202,subject30,subject30_L3_MO2_E2_S6_GE1_GL2_H2_MA2,0.1047118956000258
UBFC_MMPD,osc_real,202,subject30,subject30_L3_MO3_E2_S6_GE1_GL2_H2_MA2,0.2446497468427548
UBFC_MMPD,osc_real,202,subject30,subject30_L3_MO4_E2_S6_GE1_GL2_H2_MA2,0.163908200553284
UBFC_MMPD,osc_real,202,subject30,subject30_L4_MO1_E1_S6_GE1_GL2_H2_MA2,0.1771431545295368
UBFC_MMPD,osc_real,202,subject30,subject30_L4_MO1_E2_S6_GE1_GL2_H2_MA2,0.0953176132826547
UBFC_MMPD,osc_real,202,subject30,subject30_L4_MO2_E2_S6_GE1_GL2_H2_MA2,0.102238473437345
UBFC_MMPD,osc_real,202,subject30,subject30_L4_MO3_E2_S6_GE1_GL2_H2_MA2,0.1313277790506383
UBFC_MMPD,osc_real,202,subject30,subject30_L4_MO4_E2_S6_GE1_GL2_H2_MA2,0.1361331848397955
UBFC_MMPD,osc_real,202,subject31,subject31_L1_MO1_E1_S5_GE1_GL2_H2_MA2,0.0761294050515308
UBFC_MMPD,osc_real,202,subject31,subject31_L1_MO1_E2_S5_GE1_GL2_H2_MA2,0.1416014608423436
UBFC_MMPD,osc_real,202,subject31,subject31_L1_MO2_E2_S5_GE1_GL2_H2_MA2,0.0972984478077708
UBFC_MMPD,osc_real,202,subject31,subject31_L1_MO3_E2_S5_GE1_GL2_H2_MA2,0.1695182994503109
UBFC_MMPD,osc_real,202,subject31,subject31_L1_MO4_E2_S5_GE1_GL2_H2_MA2,0.1417401102978206
UBFC_MMPD,osc_real,202,subject31,subject31_L2_MO1_E1_S5_GE1_GL2_H2_MA2,0.1616187195608996
UBFC_MMPD,osc_real,202,subject31,subject31_L2_MO1_E2_S5_GE1_GL2_H2_MA2,0.1369431223251956
UBFC_MMPD,osc_real,202,subject31,subject31_L2_MO2_E2_S5_GE1_GL2_H2_MA2,0.10892584305858
UBFC_MMPD,osc_real,202,subject31,subject31_L2_MO3_E2_S5_GE1_GL2_H2_MA2,0.1842356493176274
UBFC_MMPD,osc_real,202,subject31,subject31_L2_MO4_E2_S5_GE1_GL2_H2_MA2,0.1972556797899006
UBFC_MMPD,osc_real,202,subject31,subject31_L3_MO1_E1_S5_GE1_GL2_H2_MA2,0.1508277421863302
UBFC_MMPD,osc_real,202,subject31,subject31_L3_MO1_E2_S5_GE1_GL2_H2_MA2,0.149562411403237
UBFC_MMPD,osc_real,202,subject31,subject31_L3_MO2_E2_S5_GE1_GL2_H2_MA2,0.0960553777798026
UBFC_MMPD,osc_real,202,subject31,subject31_L3_MO3_E2_S5_GE1_GL2_H2_MA2,0.1059034119380652
UBFC_MMPD,osc_real,202,subject31,subject31_L3_MO4_E2_S5_GE1_GL2_H2_MA2,0.1856322157547079
UBFC_MMPD,osc_real,202,subject31,subject31_L4_MO1_E1_S5_GE1_GL2_H2_MA2,0.0962187711073152
UBFC_MMPD,osc_real,202,subject31,subject31_L4_MO1_E2_S5_GE1_GL2_H2_MA2,0.1468009633575595
UBFC_MMPD,osc_real,202,subject31,subject31_L4_MO2_E2_S5_GE1_GL2_H2_MA2,0.0886386950367883
UBFC_MMPD,osc_real,202,subject31,subject31_L4_MO3_E2_S5_GE1_GL2_H2_MA2,0.1595251797898958
UBFC_MMPD,osc_real,202,subject31,subject31_L4_MO4_E2_S5_GE1_GL2_H2_MA2,0.1393282039122213
UBFC_MMPD,osc_real,202,subject32,subject32_L1_MO1_E1_S3_GE2_GL2_H2_MA2,0.669160402533192
UBFC_MMPD,osc_real,202,subject32,subject32_L1_MO1_E2_S3_GE2_GL2_H2_MA2,0.6296571683262623
UBFC_MMPD,osc_real,202,subject32,subject32_L1_MO2_E2_S3_GE2_GL2_H2_MA2,0.4125726519398283
UBFC_MMPD,osc_real,202,subject32,subject32_L1_MO3_E2_S3_GE2_GL2_H2_MA2,0.5332981387313332
UBFC_MMPD,osc_real,202,subject32,subject32_L1_MO4_E2_S3_GE2_GL2_H2_MA2,0.1646982247508936
UBFC_MMPD,osc_real,202,subject32,subject32_L2_MO1_E1_S3_GE2_GL2_H2_MA2,0.7146490671773953
UBFC_MMPD,osc_real,202,subject32,subject32_L2_MO1_E2_S3_GE2_GL2_H2_MA2,0.6542624779677225
UBFC_MMPD,osc_real,202,subject32,subject32_L2_MO2_E2_S3_GE2_GL2_H2_MA2,0.4169998163633813
UBFC_MMPD,osc_real,202,subject32,subject32_L2_MO3_E2_S3_GE2_GL2_H2_MA2,0.5286791265365234
UBFC_MMPD,osc_real,202,subject32,subject32_L2_MO4_E2_S3_GE2_GL2_H2_MA2,0.14267332202671
UBFC_MMPD,osc_real,202,subject32,subject32_L3_MO1_E1_S3_GE2_GL2_H2_MA2,0.6599360239563311
UBFC_MMPD,osc_real,202,subject32,subject32_L3_MO1_E2_S3_GE2_GL2_H2_MA2,0.7265258854749449
UBFC_MMPD,osc_real,202,subject32,subject32_L3_MO2_E2_S3_GE2_GL2_H2_MA2,0.5216493621974937
UBFC_MMPD,osc_real,202,subject32,subject32_L3_MO3_E2_S3_GE2_GL2_H2_MA2,0.5020389783187803
UBFC_MMPD,osc_real,202,subject32,subject32_L3_MO4_E2_S3_GE2_GL2_H2_MA2,0.1334748056172411
UBFC_MMPD,osc_real,202,subject32,subject32_L4_MO1_E1_S3_GE2_GL2_H2_MA2,0.6793741300311498
UBFC_MMPD,osc_real,202,subject32,subject32_L4_MO1_E2_S3_GE2_GL2_H2_MA2,0.4363337916448684
UBFC_MMPD,osc_real,202,subject32,subject32_L4_MO2_E2_S3_GE2_GL2_H2_MA2,0.2369379436990196
UBFC_MMPD,osc_real,202,subject32,subject32_L4_MO3_E2_S3_GE2_GL2_H2_MA2,0.3397783100849836
UBFC_MMPD,osc_real,202,subject32,subject32_L4_MO4_E2_S3_GE2_GL2_H2_MA2,0.1804243011072651
UBFC_MMPD,osc_real,202,subject33,subject33_L1_MO1_E1_S3_GE2_GL2_H2_MA2,0.1226342108395781
UBFC_MMPD,osc_real,202,subject33,subject33_L1_MO1_E2_S3_GE2_GL2_H2_MA2,0.241042014857597
UBFC_MMPD,osc_real,202,subject33,subject33_L1_MO2_E2_S3_GE2_GL2_H2_MA2,0.1504621877099316
UBFC_MMPD,osc_real,202,subject33,subject33_L1_MO3_E2_S3_GE2_GL2_H2_MA2,0.4442055993764059
UBFC_MMPD,osc_real,202,subject33,subject33_L1_MO4_E2_S3_GE2_GL2_H2_MA2,0.1195871721683097
UBFC_MMPD,osc_real,202,subject33,subject33_L2_MO1_E1_S3_GE2_GL2_H2_MA2,0.3333433314986331
UBFC_MMPD,osc_real,202,subject33,subject33_L2_MO1_E2_S3_GE2_GL2_H2_MA2,0.3107943122818757
UBFC_MMPD,osc_real,202,subject33,subject33_L2_MO2_E2_S3_GE2_GL2_H2_MA2,0.1826830452319019
UBFC_MMPD,osc_real,202,subject33,subject33_L2_MO3_E2_S3_GE2_GL2_H2_MA2,0.3574006155183648
UBFC_MMPD,osc_real,202,subject33,subject33_L2_MO4_E2_S3_GE2_GL2_H2_MA2,0.1444665193908589
UBFC_MMPD,osc_real,202,subject33,subject33_L3_MO1_E1_S3_GE2_GL2_H2_MA2,0.2814578480942774
UBFC_MMPD,osc_real,202,subject33,subject33_L3_MO1_E2_S3_GE2_GL2_H2_MA2,0.4425576104223567
UBFC_MMPD,osc_real,202,subject33,subject33_L3_MO2_E2_S3_GE2_GL2_H2_MA2,0.1701458833825457
UBFC_MMPD,osc_real,202,subject33,subject33_L3_MO3_E2_S3_GE2_GL2_H2_MA2,0.3582826733874766
UBFC_MMPD,osc_real,202,subject33,subject33_L3_MO4_E2_S3_GE2_GL2_H2_MA2,0.1460517733745253
UBFC_MMPD,osc_real,202,subject33,subject33_L4_MO1_E1_S3_GE2_GL2_H2_MA2,0.1855118862517419
UBFC_MMPD,osc_real,202,subject33,subject33_L4_MO1_E2_S3_GE2_GL2_H2_MA2,0.2610910110177307
UBFC_MMPD,osc_real,202,subject33,subject33_L4_MO2_E2_S3_GE2_GL2_H2_MA2,0.1843153724626753
UBFC_MMPD,osc_real,202,subject33,subject33_L4_MO3_E2_S3_GE2_GL2_H2_MA2,0.2112986172441603
UBFC_MMPD,osc_real,202,subject33,subject33_L4_MO4_E2_S3_GE2_GL2_H2_MA2,0.1076330599130107
UBFC_MMPD,osc_real,202,subject3,subject3_L1_MO1_E1_S3_GE1_GL2_H1_MA2,0.1633838704620635
UBFC_MMPD,osc_real,202,subject3,subject3_L1_MO1_E2_S3_GE1_GL2_H1_MA2,0.1662752219503865
UBFC_MMPD,osc_real,202,subject3,subject3_L1_MO2_E2_S3_GE1_GL2_H1_MA2,0.1365240685857989
UBFC_MMPD,osc_real,202,subject3,subject3_L1_MO3_E2_S3_GE1_GL2_H1_MA2,0.1144018460809204
UBFC_MMPD,osc_real,202,subject3,subject3_L1_MO4_E2_S3_GE1_GL2_H1_MA2,0.159287882287243
UBFC_MMPD,osc_real,202,subject3,subject3_L2_MO1_E1_S3_GE1_GL2_H1_MA2,0.1623107984019586
UBFC_MMPD,osc_real,202,subject3,subject3_L2_MO1_E2_S3_GE1_GL2_H1_MA2,0.143423045421479
UBFC_MMPD,osc_real,202,subject3,subject3_L2_MO2_E2_S3_GE1_GL2_H1_MA2,0.1499384090247678
UBFC_MMPD,osc_real,202,subject3,subject3_L2_MO3_E2_S3_GE1_GL2_H1_MA2,0.156135723839334
UBFC_MMPD,osc_real,202,subject3,subject3_L2_MO4_E2_S3_GE1_GL2_H1_MA2,0.1518743351500639
UBFC_MMPD,osc_real,202,subject3,subject3_L3_MO1_E1_S3_GE1_GL2_H1_MA2,0.1305129866715723
UBFC_MMPD,osc_real,202,subject3,subject3_L3_MO1_E2_S3_GE1_GL2_H1_MA2,0.1468097512134384
UBFC_MMPD,osc_real,202,subject3,subject3_L3_MO2_E2_S3_GE1_GL2_H1_MA2,0.1069111473756311
UBFC_MMPD,osc_real,202,subject3,subject3_L3_MO3_E2_S3_GE1_GL2_H1_MA2,0.198429004126718
UBFC_MMPD,osc_real,202,subject3,subject3_L3_MO4_E2_S3_GE1_GL2_H1_MA2,0.1551908976990927
UBFC_MMPD,osc_real,202,subject3,subject3_L4_MO1_E1_S3_GE1_GL2_H1_MA2,0.1241924446657202
UBFC_MMPD,osc_real,202,subject3,subject3_L4_MO1_E2_S3_GE1_GL2_H1_MA2,0.2195806503440701
UBFC_MMPD,osc_real,202,subject3,subject3_L4_MO2_E2_S3_GE1_GL2_H1_MA2,0.1380272058318838
UBFC_MMPD,osc_real,202,subject3,subject3_L4_MO3_E2_S3_GE1_GL2_H1_MA2,0.1411688943866061
UBFC_MMPD,osc_real,202,subject3,subject3_L4_MO4_E2_S3_GE1_GL2_H1_MA2,0.1625035451384427
UBFC_MMPD,osc_real,202,subject4,subject4_L1_MO1_E1_S3_GE1_GL2_H1_MA2,0.4462150249876278
UBFC_MMPD,osc_real,202,subject4,subject4_L1_MO1_E2_S3_GE1_GL2_H1_MA2,0.2423058805067029
UBFC_MMPD,osc_real,202,subject4,subject4_L1_MO2_E2_S3_GE1_GL2_H1_MA2,0.1196971214250042
UBFC_MMPD,osc_real,202,subject4,subject4_L1_MO3_E2_S3_GE1_GL2_H1_MA2,0.137802718453501
UBFC_MMPD,osc_real,202,subject4,subject4_L1_MO4_E2_S3_GE1_GL2_H1_MA2,0.1219370408693748
UBFC_MMPD,osc_real,202,subject4,subject4_L2_MO1_E1_S3_GE1_GL2_H1_MA2,0.232739238190442
UBFC_MMPD,osc_real,202,subject4,subject4_L2_MO1_E2_S3_GE1_GL2_H1_MA2,0.3810652090517575
UBFC_MMPD,osc_real,202,subject4,subject4_L2_MO2_E2_S3_GE1_GL2_H1_MA2,0.1147495231285531
UBFC_MMPD,osc_real,202,subject4,subject4_L2_MO3_E2_S3_GE1_GL2_H1_MA2,0.1491758061630422
UBFC_MMPD,osc_real,202,subject4,subject4_L2_MO4_E2_S3_GE1_GL2_H1_MA2,0.1372183965883019
UBFC_MMPD,osc_real,202,subject4,subject4_L3_MO1_E1_S3_GE1_GL2_H1_MA2,0.3999254078666349
UBFC_MMPD,osc_real,202,subject4,subject4_L3_MO1_E2_S3_GE1_GL2_H1_MA2,0.3310634862134764
UBFC_MMPD,osc_real,202,subject4,subject4_L3_MO2_E2_S3_GE1_GL2_H1_MA2,0.1319114779143314
UBFC_MMPD,osc_real,202,subject4,subject4_L3_MO3_E2_S3_GE1_GL2_H1_MA2,0.2831133948894423
UBFC_MMPD,osc_real,202,subject4,subject4_L3_MO4_E2_S3_GE1_GL2_H1_MA2,0.1108664302750132
UBFC_MMPD,osc_real,202,subject4,subject4_L4_MO1_E1_S3_GE1_GL2_H1_MA2,0.3026794787981788
UBFC_MMPD,osc_real,202,subject4,subject4_L4_MO1_E2_S3_GE1_GL2_H1_MA2,0.4185960650926524
UBFC_MMPD,osc_real,202,subject4,subject4_L4_MO2_E2_S3_GE1_GL2_H1_MA2,0.1101601473449354
UBFC_MMPD,osc_real,202,subject4,subject4_L4_MO3_E2_S3_GE1_GL2_H1_MA2,0.2481725669525016
UBFC_MMPD,osc_real,202,subject4,subject4_L4_MO4_E2_S3_GE1_GL2_H1_MA2,0.1209869053566918
UBFC_MMPD,osc_real,202,subject5,subject5_L1_MO1_E1_S3_GE2_GL1_H1_MA1,0.218909126139972
UBFC_MMPD,osc_real,202,subject5,subject5_L1_MO1_E2_S3_GE2_GL1_H1_MA1,0.2360637787337
UBFC_MMPD,osc_real,202,subject5,subject5_L1_MO2_E2_S3_GE2_GL1_H1_MA1,0.1520469620454968
UBFC_MMPD,osc_real,202,subject5,subject5_L1_MO3_E2_S3_GE2_GL1_H1_MA1,0.3228950392537115
UBFC_MMPD,osc_real,202,subject5,subject5_L1_MO4_E2_S3_GE2_GL1_H1_MA1,0.1132997201042568
UBFC_MMPD,osc_real,202,subject5,subject5_L2_MO1_E1_S3_GE2_GL1_H1_MA1,0.3438261925026718
UBFC_MMPD,osc_real,202,subject5,subject5_L2_MO1_E2_S3_GE2_GL1_H1_MA1,0.2465021049719219
UBFC_MMPD,osc_real,202,subject5,subject5_L2_MO2_E2_S3_GE2_GL1_H1_MA1,0.1099796193139499
UBFC_MMPD,osc_real,202,subject5,subject5_L2_MO3_E2_S3_GE2_GL1_H1_MA1,0.2539445748422048
UBFC_MMPD,osc_real,202,subject5,subject5_L2_MO4_E2_S3_GE2_GL1_H1_MA1,0.1075852643586426
UBFC_MMPD,osc_real,202,subject5,subject5_L3_MO1_E1_S3_GE2_GL1_H1_MA1,0.1834747149548555
UBFC_MMPD,osc_real,202,subject5,subject5_L3_MO1_E2_S3_GE2_GL1_H1_MA1,0.4328863176395716
UBFC_MMPD,osc_real,202,subject5,subject5_L3_MO2_E2_S3_GE2_GL1_H1_MA1,0.1094893398026215
UBFC_MMPD,osc_real,202,subject5,subject5_L3_MO3_E2_S3_GE2_GL1_H1_MA1,0.2377101910827291
UBFC_MMPD,osc_real,202,subject5,subject5_L3_MO4_E2_S3_GE2_GL1_H1_MA1,0.1603101771219542
UBFC_MMPD,osc_real,202,subject5,subject5_L4_MO1_E1_S3_GE2_GL1_H1_MA1,0.3733074971068891
UBFC_MMPD,osc_real,202,subject5,subject5_L4_MO1_E2_S3_GE2_GL1_H1_MA1,0.3360665277080017
UBFC_MMPD,osc_real,202,subject5,subject5_L4_MO2_E2_S3_GE2_GL1_H1_MA1,0.1165951619577068
UBFC_MMPD,osc_real,202,subject5,subject5_L4_MO3_E2_S3_GE2_GL1_H1_MA1,0.2225506995275747
UBFC_MMPD,osc_real,202,subject5,subject5_L4_MO4_E2_S3_GE2_GL1_H1_MA1,0.1375948933378827
UBFC_MMPD,osc_real,202,subject6,subject6_L1_MO1_E1_S3_GE1_GL2_H2_MA2,0.3727497045466086
UBFC_MMPD,osc_real,202,subject6,subject6_L1_MO1_E2_S3_GE1_GL2_H2_MA2,0.4850904242335529
UBFC_MMPD,osc_real,202,subject6,subject6_L1_MO2_E2_S3_GE1_GL2_H2_MA2,0.1975856247146845
UBFC_MMPD,osc_real,202,subject6,subject6_L1_MO3_E2_S3_GE1_GL2_H2_MA2,0.4754101803978807
UBFC_MMPD,osc_real,202,subject6,subject6_L1_MO4_E2_S3_GE1_GL2_H2_MA2,0.1663794976310132
UBFC_MMPD,osc_real,202,subject6,subject6_L2_MO1_E1_S3_GE1_GL2_H2_MA2,0.1140959002635808
UBFC_MMPD,osc_real,202,subject6,subject6_L2_MO1_E2_S3_GE1_GL2_H2_MA2,0.2328957348063623
UBFC_MMPD,osc_real,202,subject6,subject6_L2_MO2_E2_S3_GE1_GL2_H2_MA2,0.1478702229115478
UBFC_MMPD,osc_real,202,subject6,subject6_L2_MO3_E2_S3_GE1_GL2_H2_MA2,0.1592910403682103
UBFC_MMPD,osc_real,202,subject6,subject6_L2_MO4_E2_S3_GE1_GL2_H2_MA2,0.135459427367537
UBFC_MMPD,osc_real,202,subject6,subject6_L3_MO1_E1_S3_GE1_GL2_H2_MA2,0.10403896816014
UBFC_MMPD,osc_real,202,subject6,subject6_L3_MO1_E2_S3_GE1_GL2_H2_MA2,0.4025730623351998
UBFC_MMPD,osc_real,202,subject6,subject6_L3_MO2_E2_S3_GE1_GL2_H2_MA2,0.1635486879521586
UBFC_MMPD,osc_real,202,subject6,subject6_L3_MO3_E2_S3_GE1_GL2_H2_MA2,0.4807508855882469
UBFC_MMPD,osc_real,202,subject6,subject6_L3_MO4_E2_S3_GE1_GL2_H2_MA2,0.1264007407614931
UBFC_MMPD,osc_real,202,subject6,subject6_L4_MO1_E1_S3_GE1_GL2_H2_MA2,0.3402748706210164
UBFC_MMPD,osc_real,202,subject6,subject6_L4_MO1_E2_S3_GE1_GL2_H2_MA2,0.3166645813835869
UBFC_MMPD,osc_real,202,subject6,subject6_L4_MO2_E2_S3_GE1_GL2_H2_MA2,0.2388895465314957
UBFC_MMPD,osc_real,202,subject6,subject6_L4_MO3_E2_S3_GE1_GL2_H2_MA2,0.2025788596034681
UBFC_MMPD,osc_real,202,subject6,subject6_L4_MO4_E2_S3_GE1_GL2_H2_MA2,0.1412175104202487
UBFC_MMPD,osc_real,202,subject7,subject7_L1_MO1_E1_S5_GE1_GL1_H2_MA2,0.1964259574170505
UBFC_MMPD,osc_real,202,subject7,subject7_L1_MO1_E2_S5_GE1_GL1_H2_MA2,0.1081640943528535
UBFC_MMPD,osc_real,202,subject7,subject7_L1_MO2_E2_S5_GE1_GL1_H2_MA2,0.1515729575906945
UBFC_MMPD,osc_real,202,subject7,subject7_L2_MO1_E1_S5_GE1_GL1_H2_MA2,0.2248785287758195
UBFC_MMPD,osc_real,202,subject7,subject7_L3_MO1_E1_S5_GE1_GL1_H2_MA2,0.153106042559997
UBFC_MMPD,osc_real,202,subject7,subject7_L3_MO3_E2_S5_GE1_GL1_H2_MA2,0.1265510156488491
UBFC_MMPD,osc_real,202,subject7,subject7_L3_MO4_E2_S5_GE1_GL1_H2_MA2,0.1293718507395738
UBFC_MMPD,osc_real,202,subject7,subject7_L4_MO1_E1_S5_GE1_GL1_H2_MA2,0.1425817306159105
UBFC_MMPD,osc_real,202,subject7,subject7_L4_MO1_E2_S5_GE1_GL1_H2_MA2,0.3456688325610462
UBFC_MMPD,osc_real,202,subject7,subject7_L4_MO2_E2_S5_GE1_GL1_H2_MA2,0.1029311738599051
UBFC_MMPD,osc_real,202,subject7,subject7_L4_MO3_E2_S5_GE1_GL1_H2_MA2,0.0908911475598778
UBFC_MMPD,osc_real,202,subject7,subject7_L4_MO4_E2_S5_GE1_GL1_H2_MA2,0.1351998103882924
UBFC_PURE,none,42,10,1001,0.8135881975184615
UBFC_PURE,none,42,10,1002,0.5380380770015334
UBFC_PURE,none,42,10,1003,0.6763269577836699
UBFC_PURE,none,42,10,1004,0.4632850116617218
UBFC_PURE,none,42,10,1005,0.8111291761898769
UBFC_PURE,none,42,10,1006,0.7959747180549611
UBFC_PURE,none,42,1,101,0.6029555252850952
UBFC_PURE,none,42,1,102,0.3916362406755873
UBFC_PURE,none,42,1,103,0.5122384717688699
UBFC_PURE,none,42,1,104,0.3603954955736755
UBFC_PURE,none,42,1,105,0.5974569934145046
UBFC_PURE,none,42,1,106,0.7392766745195674
UBFC_PURE,none,42,2,201,0.7270374387952838
UBFC_PURE,none,42,2,202,0.3248958712069463
UBFC_PURE,none,42,2,203,0.4870134292107125
UBFC_PURE,none,42,2,204,0.1680829253921019
UBFC_PURE,none,42,2,205,0.7534394198748064
UBFC_PURE,none,42,2,206,0.8208047701690258
UBFC_PURE,none,42,3,301,0.6940813979135529
UBFC_PURE,none,42,3,302,0.6134823295570369
UBFC_PURE,none,42,3,303,0.5000836867499835
UBFC_PURE,none,42,3,304,0.2937150737555598
UBFC_PURE,none,42,3,305,0.8039399038610665
UBFC_PURE,none,42,3,306,0.6828702300643915
UBFC_PURE,none,42,4,401,0.3622006059012601
UBFC_PURE,none,42,4,402,0.4431587207742765
UBFC_PURE,none,42,4,403,0.5805284476430086
UBFC_PURE,none,42,4,404,0.2719159956157592
UBFC_PURE,none,42,4,405,0.8037843610038772
UBFC_PURE,none,42,4,406,0.5790592965150702
UBFC_PURE,none,42,5,501,0.3877305051760135
UBFC_PURE,none,42,5,502,0.1303668264333279
UBFC_PURE,none,42,5,503,0.2509008618200882
UBFC_PURE,none,42,5,504,0.1168329558238485
UBFC_PURE,none,42,5,505,0.2056089485873244
UBFC_PURE,none,42,5,506,0.1278870149409159
UBFC_PURE,none,42,6,601,0.5687938067952997
UBFC_PURE,none,42,6,603,0.4484091663396932
UBFC_PURE,none,42,6,604,0.2492039393593435
UBFC_PURE,none,42,6,605,0.6729135665043499
UBFC_PURE,none,42,6,606,0.5778148270601426
UBFC_PURE,none,42,7,701,0.3853292973448561
UBFC_PURE,none,42,7,702,0.283612042699528
UBFC_PURE,none,42,7,703,0.3118030732450538
UBFC_PURE,none,42,7,704,0.2143362027524497
UBFC_PURE,none,42,7,705,0.5072949503157856
UBFC_PURE,none,42,7,706,0.6543689036012378
UBFC_PURE,none,42,8,801,0.4211938942129641
UBFC_PURE,none,42,8,802,0.2534100978205145
UBFC_PURE,none,42,8,803,0.3696949232190691
UBFC_PURE,none,42,8,804,0.3506838044356954
UBFC_PURE,none,42,8,805,0.3530958475964487
UBFC_PURE,none,42,8,806,0.4075008374982013
UBFC_PURE,none,42,9,901,0.8358906169088615
UBFC_PURE,none,42,9,902,0.2174671227527362
UBFC_PURE,none,42,9,903,0.4070697961632073
UBFC_PURE,none,42,9,904,0.3334631407438186
UBFC_PURE,none,42,9,905,0.4133480068827879
UBFC_PURE,none,42,9,906,0.424445553613091
UBFC_PURE,none,100,10,1001,0.823341011356429
UBFC_PURE,none,100,10,1002,0.5771762209544918
UBFC_PURE,none,100,10,1003,0.6632959056329264
UBFC_PURE,none,100,10,1004,0.339496570556825
UBFC_PURE,none,100,10,1005,0.7781511032138547
UBFC_PURE,none,100,10,1006,0.8120016603146196
UBFC_PURE,none,100,1,101,0.6983323202661866
UBFC_PURE,none,100,1,102,0.4508172232121895
UBFC_PURE,none,100,1,103,0.629774047064859
UBFC_PURE,none,100,1,104,0.3005775978233811
UBFC_PURE,none,100,1,105,0.6534425631509067
UBFC_PURE,none,100,1,106,0.768092322228467
UBFC_PURE,none,100,2,201,0.8540080568776556
UBFC_PURE,none,100,2,202,0.2743392210391276
UBFC_PURE,none,100,2,203,0.5355293783196495
UBFC_PURE,none,100,2,204,0.2408615655002252
UBFC_PURE,none,100,2,205,0.8193693995787856
UBFC_PURE,none,100,2,206,0.7454992284672834
UBFC_PURE,none,100,3,301,0.6979324953716173
UBFC_PURE,none,100,3,302,0.3695282361680979
UBFC_PURE,none,100,3,303,0.3896154927105776
UBFC_PURE,none,100,3,304,0.2270159047824838
UBFC_PURE,none,100,3,305,0.7203136327601232
UBFC_PURE,none,100,3,306,0.600720927675439
UBFC_PURE,none,100,4,401,0.3623706973587876
UBFC_PURE,none,100,4,402,0.4440597533440538
UBFC_PURE,none,100,4,403,0.5060593871521922
UBFC_PURE,none,100,4,404,0.1977884600639867
UBFC_PURE,none,100,4,405,0.7025312298720501
UBFC_PURE,none,100,4,406,0.498161319512232
UBFC_PURE,none,100,5,501,0.5320655171322816
UBFC_PURE,none,100,5,502,0.1612062242067107
UBFC_PURE,none,100,5,503,0.1480285241493624
UBFC_PURE,none,100,5,504,0.1521824795477198
UBFC_PURE,none,100,5,505,0.3258230759422427
UBFC_PURE,none,100,5,506,0.3595972152481
UBFC_PURE,none,100,6,601,0.667290889896878
UBFC_PURE,none,100,6,603,0.4291699750704865
UBFC_PURE,none,100,6,604,0.1463208117702196
UBFC_PURE,none,100,6,605,0.6812184012535877
UBFC_PURE,none,100,6,606,0.3955652616572376
UBFC_PURE,none,100,7,701,0.3781239370295269
UBFC_PURE,none,100,7,702,0.2861966730555823
UBFC_PURE,none,100,7,703,0.324555746746522
UBFC_PURE,none,100,7,704,0.1711210713893519
UBFC_PURE,none,100,7,705,0.5947792072491459
UBFC_PURE,none,100,7,706,0.6010854117369367
UBFC_PURE,none,100,8,801,0.7908680027449974
UBFC_PURE,none,100,8,802,0.1745305561439682
UBFC_PURE,none,100,8,803,0.5725384151820849
UBFC_PURE,none,100,8,804,0.4554071831532971
UBFC_PURE,none,100,8,805,0.3376618841244829
UBFC_PURE,none,100,8,806,0.5342437414086565
UBFC_PURE,none,100,9,901,0.858937646605022
UBFC_PURE,none,100,9,902,0.2090424755591123
UBFC_PURE,none,100,9,903,0.3897617437940676
UBFC_PURE,none,100,9,904,0.1994933084231268
UBFC_PURE,none,100,9,905,0.4416236866351757
UBFC_PURE,none,100,9,906,0.3560818262696152
UBFC_PURE,none,202,10,1001,0.8184226082558888
UBFC_PURE,none,202,10,1002,0.6333616703067473
UBFC_PURE,none,202,10,1003,0.6986353213445383
UBFC_PURE,none,202,10,1004,0.4765167389597843
UBFC_PURE,none,202,10,1005,0.8429980677364384
UBFC_PURE,none,202,10,1006,0.8374426385770132
UBFC_PURE,none,202,1,101,0.713500828242809
UBFC_PURE,none,202,1,102,0.5199937650816219
UBFC_PURE,none,202,1,103,0.7140299042080923
UBFC_PURE,none,202,1,104,0.6357690074964545
UBFC_PURE,none,202,1,105,0.6480081482224247
UBFC_PURE,none,202,1,106,0.7750713161274977
UBFC_PURE,none,202,2,201,0.8505271976944037
UBFC_PURE,none,202,2,202,0.4600083840874052
UBFC_PURE,none,202,2,203,0.5318993908539438
UBFC_PURE,none,202,2,204,0.3127389280813937
UBFC_PURE,none,202,2,205,0.8670586703485764
UBFC_PURE,none,202,2,206,0.8469590202168542
UBFC_PURE,none,202,3,301,0.8355603625335428
UBFC_PURE,none,202,3,302,0.7216982788142121
UBFC_PURE,none,202,3,303,0.4369072924817138
UBFC_PURE,none,202,3,304,0.2683517929479503
UBFC_PURE,none,202,3,305,0.8279160713353763
UBFC_PURE,none,202,3,306,0.8269586388494314
UBFC_PURE,none,202,4,401,0.3917599844030595
UBFC_PURE,none,202,4,402,0.5530141924287885
UBFC_PURE,none,202,4,403,0.5818289024145177
UBFC_PURE,none,202,4,404,0.3325941274888662
UBFC_PURE,none,202,4,405,0.8455356781422955
UBFC_PURE,none,202,4,406,0.6916111178698807
UBFC_PURE,none,202,5,501,0.8047302302439369
UBFC_PURE,none,202,5,502,0.1754872111129722
UBFC_PURE,none,202,5,503,0.2358049431763449
UBFC_PURE,none,202,5,504,0.1648347396989342
UBFC_PURE,none,202,5,505,0.5213164965661267
UBFC_PURE,none,202,5,506,0.5047231038043317
UBFC_PURE,none,202,6,601,0.7235018618178708
UBFC_PURE,none,202,6,603,0.5659137473701411
UBFC_PURE,none,202,6,604,0.2880954895058544
UBFC_PURE,none,202,6,605,0.810897136589659
UBFC_PURE,none,202,6,606,0.7262252150024754
UBFC_PURE,none,202,7,701,0.3484013972321284
UBFC_PURE,none,202,7,702,0.3239869747155059
UBFC_PURE,none,202,7,703,0.3561394300344307
UBFC_PURE,none,202,7,704,0.2631158048008435
UBFC_PURE,none,202,7,705,0.6118103335858877
UBFC_PURE,none,202,7,706,0.6052480358507185
UBFC_PURE,none,202,8,801,0.818110469528004
UBFC_PURE,none,202,8,802,0.2771357944259022
UBFC_PURE,none,202,8,803,0.6347085197776288
UBFC_PURE,none,202,8,804,0.4352008336291536
UBFC_PURE,none,202,8,805,0.4944822526234733
UBFC_PURE,none,202,8,806,0.6905636354897168
UBFC_PURE,none,202,9,901,0.9002436685836654
UBFC_PURE,none,202,9,902,0.3955081048054554
UBFC_PURE,none,202,9,903,0.4664943396663121
UBFC_PURE,none,202,9,904,0.3048669857885434
UBFC_PURE,none,202,9,905,0.6993598274651017
UBFC_PURE,none,202,9,906,0.7051339239388845
UBFC_PURE,osc_real,42,10,1001,0.8285136818749611
UBFC_PURE,osc_real,42,10,1002,0.6187444049093646
UBFC_PURE,osc_real,42,10,1003,0.6754135933286433
UBFC_PURE,osc_real,42,10,1004,0.4281988084353019
UBFC_PURE,osc_real,42,10,1005,0.8056996164506096
UBFC_PURE,osc_real,42,10,1006,0.830061909688124
UBFC_PURE,osc_real,42,1,101,0.7194416477849276
UBFC_PURE,osc_real,42,1,102,0.520845352685459
UBFC_PURE,osc_real,42,1,103,0.6606894957304553
UBFC_PURE,osc_real,42,1,104,0.5710923255091812
UBFC_PURE,osc_real,42,1,105,0.6761954602910394
UBFC_PURE,osc_real,42,1,106,0.7888995833843628
UBFC_PURE,osc_real,42,2,201,0.858287820357002
UBFC_PURE,osc_real,42,2,202,0.3836890812199692
UBFC_PURE,osc_real,42,2,203,0.6569838959693515
UBFC_PURE,osc_real,42,2,204,0.3250800618514546
UBFC_PURE,osc_real,42,2,205,0.8303056024733975
UBFC_PURE,osc_real,42,2,206,0.852822989489741
UBFC_PURE,osc_real,42,3,301,0.8249506605929938
UBFC_PURE,osc_real,42,3,302,0.7059025296471889
UBFC_PURE,osc_real,42,3,303,0.4542553282290366
UBFC_PURE,osc_real,42,3,304,0.4097079505811269
UBFC_PURE,osc_real,42,3,305,0.8267467072705924
UBFC_PURE,osc_real,42,3,306,0.8042420116579543
UBFC_PURE,osc_real,42,4,401,0.388096182434556
UBFC_PURE,osc_real,42,4,402,0.5848638591397909
UBFC_PURE,osc_real,42,4,403,0.6078549709457735
UBFC_PURE,osc_real,42,4,404,0.3863812051454505
UBFC_PURE,osc_real,42,4,405,0.8457046584084422
UBFC_PURE,osc_real,42,4,406,0.7245451061900494
UBFC_PURE,osc_real,42,5,501,0.8176481871955998
UBFC_PURE,osc_real,42,5,502,0.1587307345986048
UBFC_PURE,osc_real,42,5,503,0.3370811258390568
UBFC_PURE,osc_real,42,5,504,0.1683597823964569
UBFC_PURE,osc_real,42,5,505,0.5456715757090744
UBFC_PURE,osc_real,42,5,506,0.4307777065325164
UBFC_PURE,osc_real,42,6,601,0.7232867680665996
UBFC_PURE,osc_real,42,6,603,0.589702959916877
UBFC_PURE,osc_real,42,6,604,0.2621848811879051
UBFC_PURE,osc_real,42,6,605,0.7754824166689812
UBFC_PURE,osc_real,42,6,606,0.7149828229082712
UBFC_PURE,osc_real,42,7,701,0.3751772003247511
UBFC_PURE,osc_real,42,7,702,0.3189211260582978
UBFC_PURE,osc_real,42,7,703,0.3133972305457992
UBFC_PURE,osc_real,42,7,704,0.2158220807544068
UBFC_PURE,osc_real,42,7,705,0.601656507070267
UBFC_PURE,osc_real,42,7,706,0.6071549358514158
UBFC_PURE,osc_real,42,8,801,0.8315286312183938
UBFC_PURE,osc_real,42,8,802,0.2740340603856159
UBFC_PURE,osc_real,42,8,803,0.7093724370735444
UBFC_PURE,osc_real,42,8,804,0.5112210224338998
UBFC_PURE,osc_real,42,8,805,0.4614749807093472
UBFC_PURE,osc_real,42,8,806,0.6747707363457495
UBFC_PURE,osc_real,42,9,901,0.8895916533962706
UBFC_PURE,osc_real,42,9,902,0.3708138474286945
UBFC_PURE,osc_real,42,9,903,0.4842196295112804
UBFC_PURE,osc_real,42,9,904,0.3401491752193391
UBFC_PURE,osc_real,42,9,905,0.6113422683051096
UBFC_PURE,osc_real,42,9,906,0.5923111292817016
UBFC_PURE,osc_real,100,10,1001,0.7535560818341522
UBFC_PURE,osc_real,100,10,1002,0.4450294985384754
UBFC_PURE,osc_real,100,10,1003,0.4962879086622689
UBFC_PURE,osc_real,100,10,1004,0.4285992056002932
UBFC_PURE,osc_real,100,10,1005,0.5839802482960295
UBFC_PURE,osc_real,100,10,1006,0.5852294008784279
UBFC_PURE,osc_real,100,1,101,0.6127101956113586
UBFC_PURE,osc_real,100,1,102,0.4001479709185204
UBFC_PURE,osc_real,100,1,103,0.5762710850870124
UBFC_PURE,osc_real,100,1,104,0.4489206437112396
UBFC_PURE,osc_real,100,1,105,0.555931051971856
UBFC_PURE,osc_real,100,1,106,0.6172042699707956
UBFC_PURE,osc_real,100,2,201,0.6472156726892491
UBFC_PURE,osc_real,100,2,202,0.3095620788707375
UBFC_PURE,osc_real,100,2,203,0.3975749248473453
UBFC_PURE,osc_real,100,2,204,0.2643277365161723
UBFC_PURE,osc_real,100,2,205,0.6391987004366904
UBFC_PURE,osc_real,100,2,206,0.6885195314529374
UBFC_PURE,osc_real,100,3,301,0.7553238643195828
UBFC_PURE,osc_real,100,3,302,0.3242491391659766
UBFC_PURE,osc_real,100,3,303,0.4294526605550688
UBFC_PURE,osc_real,100,3,304,0.2247571014073639
UBFC_PURE,osc_real,100,3,305,0.6320070909204502
UBFC_PURE,osc_real,100,3,306,0.4426669144059536
UBFC_PURE,osc_real,100,4,401,0.3357841591956618
UBFC_PURE,osc_real,100,4,402,0.4612750512899927
UBFC_PURE,osc_real,100,4,403,0.3648768316071906
UBFC_PURE,osc_real,100,4,404,0.2161494404148177
UBFC_PURE,osc_real,100,4,405,0.4864213720769949
UBFC_PURE,osc_real,100,4,406,0.358687270205015
UBFC_PURE,osc_real,100,5,501,0.3386636143219908
UBFC_PURE,osc_real,100,5,502,0.1749207443380125
UBFC_PURE,osc_real,100,5,503,0.2233351352044155
UBFC_PURE,osc_real,100,5,504,0.1428083266773148
UBFC_PURE,osc_real,100,5,505,0.1299902734302085
UBFC_PURE,osc_real,100,5,506,0.1830867263225239
UBFC_PURE,osc_real,100,6,601,0.4586754772667589
UBFC_PURE,osc_real,100,6,603,0.2861081804569269
UBFC_PURE,osc_real,100,6,604,0.1916425216335616
UBFC_PURE,osc_real,100,6,605,0.3509791200933983
UBFC_PURE,osc_real,100,6,606,0.4082168970510079
UBFC_PURE,osc_real,100,7,701,0.3411505798100642
UBFC_PURE,osc_real,100,7,702,0.2564016559175339
UBFC_PURE,osc_real,100,7,703,0.2173595504776475
UBFC_PURE,osc_real,100,7,704,0.1716596898443894
UBFC_PURE,osc_real,100,7,705,0.3675563291409054
UBFC_PURE,osc_real,100,7,706,0.4185919187045526
UBFC_PURE,osc_real,100,8,801,0.7418331743947417
UBFC_PURE,osc_real,100,8,802,0.3919679151480472
UBFC_PURE,osc_real,100,8,803,0.5035007539332452
UBFC_PURE,osc_real,100,8,804,0.3740032072622363
UBFC_PURE,osc_real,100,8,805,0.4710397653211862
UBFC_PURE,osc_real,100,8,806,0.627475303789209
UBFC_PURE,osc_real,100,9,901,0.7807587590297379
UBFC_PURE,osc_real,100,9,902,0.27741210508635
UBFC_PURE,osc_real,100,9,903,0.2826639114280758
UBFC_PURE,osc_real,100,9,904,0.1764527057621724
UBFC_PURE,osc_real,100,9,905,0.4635099004876232
UBFC_PURE,osc_real,100,9,906,0.3914218317743843
UBFC_PURE,osc_real,202,10,1001,0.8038468849520177
UBFC_PURE,osc_real,202,10,1002,0.6068118764536096
UBFC_PURE,osc_real,202,10,1003,0.6882730313649869
UBFC_PURE,osc_real,202,10,1004,0.4643108380839094
UBFC_PURE,osc_real,202,10,1005,0.8102187369957928
UBFC_PURE,osc_real,202,10,1006,0.764882361548883
UBFC_PURE,osc_real,202,1,101,0.6152047105258804
UBFC_PURE,osc_real,202,1,102,0.4619854670402068
UBFC_PURE,osc_real,202,1,103,0.5327654785314255
UBFC_PURE,osc_real,202,1,104,0.3438997499467791
UBFC_PURE,osc_real,202,1,105,0.6259254432360806
UBFC_PURE,osc_real,202,1,106,0.7027993245225075
UBFC_PURE,osc_real,202,2,201,0.7897056813610122
UBFC_PURE,osc_real,202,2,202,0.4610856685626979
UBFC_PURE,osc_real,202,2,203,0.458696469949098
UBFC_PURE,osc_real,202,2,204,0.2170780495551041
UBFC_PURE,osc_real,202,2,205,0.7877653338666107
UBFC_PURE,osc_real,202,2,206,0.7358901219278525
UBFC_PURE,osc_real,202,3,301,0.6759957907954541
UBFC_PURE,osc_real,202,3,302,0.6801784388417796
UBFC_PURE,osc_real,202,3,303,0.2929818250843163
UBFC_PURE,osc_real,202,3,304,0.3253478531416385
UBFC_PURE,osc_real,202,3,305,0.7753898605120967
UBFC_PURE,osc_real,202,3,306,0.6454253333365901
UBFC_PURE,osc_real,202,4,401,0.3594232800209949
UBFC_PURE,osc_real,202,4,402,0.5545411989878861
UBFC_PURE,osc_real,202,4,403,0.5395695232642713
UBFC_PURE,osc_real,202,4,404,0.4290351620057276
UBFC_PURE,osc_real,202,4,405,0.8083617862301157
UBFC_PURE,osc_real,202,4,406,0.7324108501087153
UBFC_PURE,osc_real,202,5,501,0.669089518624124
UBFC_PURE,osc_real,202,5,502,0.1486056186700158
UBFC_PURE,osc_real,202,5,503,0.2174051235722406
UBFC_PURE,osc_real,202,5,504,0.1444252443053229
UBFC_PURE,osc_real,202,5,505,0.3652829937379691
UBFC_PURE,osc_real,202,5,506,0.3105817543725754
UBFC_PURE,osc_real,202,6,601,0.7087213012894031
UBFC_PURE,osc_real,202,6,603,0.4305725730537156
UBFC_PURE,osc_real,202,6,604,0.3224152581327384
UBFC_PURE,osc_real,202,6,605,0.6919315721754171
UBFC_PURE,osc_real,202,6,606,0.5769209406754434
UBFC_PURE,osc_real,202,7,701,0.3217080448685239
UBFC_PURE,osc_real,202,7,702,0.2765702546661309
UBFC_PURE,osc_real,202,7,703,0.3000826778257687
UBFC_PURE,osc_real,202,7,704,0.1826263363144151
UBFC_PURE,osc_real,202,7,705,0.5435138604995617
UBFC_PURE,osc_real,202,7,706,0.4970029047803087
UBFC_PURE,osc_real,202,8,801,0.6455581349530518
UBFC_PURE,osc_real,202,8,802,0.3644440324256301
UBFC_PURE,osc_real,202,8,803,0.632498189746223
UBFC_PURE,osc_real,202,8,804,0.4195778517378545
UBFC_PURE,osc_real,202,8,805,0.4577134121672664
UBFC_PURE,osc_real,202,8,806,0.5661895481418718
UBFC_PURE,osc_real,202,9,901,0.90899219185712
UBFC_PURE,osc_real,202,9,902,0.3590910373328967
UBFC_PURE,osc_real,202,9,903,0.3245609691956969
UBFC_PURE,osc_real,202,9,904,0.2911284761864746
UBFC_PURE,osc_real,202,9,905,0.5132907537043767
UBFC_PURE,osc_real,202,9,906,0.5322153591593821
